id,year,bus
1.0,1991,656105184.0
1.0,1992,650522389.0
1.0,1993,620555564.0
1.0,1994,605751527.0
1.0,1995,658518694.0
1.0,1996,637710185.0
1.0,1997,635046592.0
1.0,1998,689246563.0
1.0,1999,801718592.0
1.0,2000,821994536.0
1.0,2001,926017695.0
1.0,2002,976567696.0
1.0,2003,911622748.0
1.0,2004,893390100.0
1.0,2005,977056715.0
1.0,2006,1025549280.0
1.0,2007,972900135.0
1.0,2008,1023669105.0
1.0,2009,962613422.0
1.0,2010,949416965.0
1.0,2011,918379630.0
1.0,2012,926259260.0
1.0,2013,929197351.0
1.0,2014,921299294.0
1.0,2015,901881137.0
1.0,2016,910761347.0
1.0,2017,857530727.0
2.0,1991,116892846.0
2.0,1992,115815875.0
2.0,1993,120655000.0
2.0,1994,131085192.0
2.0,1995,137312337.0
2.0,1996,138079985.0
2.0,1997,142038360.0
2.0,1998,145491539.0
2.0,1999,147017247.0
2.0,2000,149779685.0
2.0,2001,152949280.0
2.0,2002,152143573.0
2.0,2003,147558238.0
2.0,2004,149619610.0
2.0,2005,156146589.0
2.0,2006,162266484.0
2.0,2007,167075915.0
2.0,2008,169281953.0
2.0,2009,170738602.0
2.0,2010,162224375.0
2.0,2011,155676004.0
2.0,2012,161680466.0
2.0,2013,161252466.0
2.0,2014,161229298.0
2.0,2015,162454667.0
2.0,2016,159895729.0
2.0,2017,154452189.0
3.0,1991,0.0
3.0,1992,0.0
3.0,1993,0.0
3.0,1994,0.0
3.0,1995,0.0
3.0,1996,0.0
3.0,1997,0.0
3.0,1998,0.0
3.0,1999,0.0
3.0,2000,0.0
3.0,2001,0.0
3.0,2002,0.0
3.0,2003,0.0
3.0,2004,0.0
3.0,2005,0.0
3.0,2006,0.0
3.0,2007,0.0
3.0,2008,0.0
3.0,2009,0.0
3.0,2010,0.0
3.0,2011,0.0
3.0,2012,0.0
3.0,2013,0.0
3.0,2014,0.0
3.0,2015,0.0
3.0,2016,0.0
3.0,2017,0.0
4.0,1991,0.0
4.0,1992,0.0
4.0,1993,0.0
4.0,1994,0.0
4.0,1995,0.0
4.0,1996,0.0
4.0,1997,0.0
4.0,1998,0.0
4.0,1999,0.0
4.0,2000,0.0
4.0,2001,0.0
4.0,2002,0.0
4.0,2003,0.0
4.0,2004,0.0
4.0,2005,0.0
4.0,2006,0.0
4.0,2007,0.0
4.0,2008,0.0
4.0,2009,0.0
4.0,2010,0.0
4.0,2011,0.0
4.0,2012,0.0
4.0,2013,0.0
4.0,2014,0.0
4.0,2015,0.0
4.0,2016,0.0
4.0,2017,0.0
5.0,1991,0.0
5.0,1992,0.0
5.0,1993,0.0
5.0,1994,235648.0
5.0,1995,240254.0
5.0,1996,244554.0
5.0,1997,239395.0
5.0,1998,234899.0
5.0,1999,213435.0
5.0,2000,245310.0
5.0,2001,253853.0
5.0,2002,267089.0
5.0,2003,276397.0
5.0,2004,277674.0
5.0,2005,282353.0
5.0,2006,348013.0
5.0,2007,394877.0
5.0,2008,415008.0
5.0,2009,385419.0
5.0,2010,395635.0
5.0,2011,384738.0
5.0,2012,349030.0
5.0,2013,350523.0
5.0,2014,362976.0
5.0,2015,378103.0
5.0,2016,384044.0
5.0,2017,397913.0
6.0,1991,532266.0
6.0,1992,487934.0
6.0,1993,519246.0
6.0,1994,580297.0
6.0,1995,614793.0
6.0,1996,615220.0
6.0,1997,622432.0
6.0,1998,674711.0
6.0,1999,337084.0
6.0,2000,361511.0
6.0,2001,316311.0
6.0,2002,296243.0
6.0,2003,267751.0
6.0,2004,267576.0
6.0,2005,24947454.0
6.0,2006,28921545.0
6.0,2007,30875894.0
6.0,2008,32271588.0
6.0,2009,31953351.0
6.0,2010,32273641.0
6.0,2011,31584651.0
6.0,2012,32117817.0
6.0,2013,32475123.0
6.0,2014,31413914.0
6.0,2015,29879897.0
6.0,2016,29395203.0
6.0,2017,28639794.0
7.0,1991,0.0
7.0,1992,0.0
7.0,1993,0.0
7.0,1994,0.0
7.0,1995,0.0
7.0,1996,0.0
7.0,1997,0.0
7.0,1998,0.0
7.0,1999,0.0
7.0,2000,0.0
7.0,2001,0.0
7.0,2002,0.0
7.0,2003,0.0
7.0,2004,0.0
7.0,2005,0.0
7.0,2006,0.0
7.0,2007,0.0
7.0,2008,0.0
7.0,2009,0.0
7.0,2010,0.0
7.0,2011,0.0
7.0,2012,29176016.0
7.0,2013,28477964.0
7.0,2014,28383880.0
7.0,2015,27180291.0
7.0,2016,26902007.0
7.0,2017,25244195.0
8.0,1991,0.0
8.0,1992,3488625.0
8.0,1993,3479277.0
8.0,1994,3135343.0
8.0,1995,2811469.0
8.0,1996,0.0
8.0,1997,0.0
8.0,1998,0.0
8.0,1999,0.0
8.0,2000,0.0
8.0,2001,0.0
8.0,2002,0.0
8.0,2003,0.0
8.0,2004,0.0
8.0,2005,0.0
8.0,2006,0.0
8.0,2007,693011.0
8.0,2008,676659.0
8.0,2009,698796.0
8.0,2010,641114.0
8.0,2011,631358.0
8.0,2012,655509.0
8.0,2013,642005.0
8.0,2014,569639.0
8.0,2015,612317.0
8.0,2016,599667.0
8.0,2017,554655.0
9.0,1991,15307680.0
9.0,1992,15761831.0
9.0,1993,15685889.0
9.0,1994,22715318.0
9.0,1995,22327211.0
9.0,1996,22350816.0
9.0,1997,22332069.0
9.0,1998,39725462.0
9.0,1999,39947772.0
9.0,2000,36557178.0
9.0,2001,47453173.0
9.0,2002,47395230.0
9.0,2003,49524675.0
9.0,2004,56874178.0
9.0,2005,43689773.0
9.0,2006,44881987.0
9.0,2007,45721558.0
9.0,2008,46967784.0
9.0,2009,44182385.0
9.0,2010,45542070.0
9.0,2011,46722670.0
9.0,2012,46722378.0
9.0,2013,46046288.0
9.0,2014,45413608.0
9.0,2015,49008571.0
9.0,2016,46803184.0
9.0,2017,45005536.0
10.0,1991,0.0
10.0,1992,0.0
10.0,1993,0.0
10.0,1994,379738245.0
10.0,1995,344346167.0
10.0,1996,336853544.0
10.0,1997,351289226.0
10.0,1998,367913375.0
10.0,1999,359571659.0
10.0,2000,359001513.0
10.0,2001,336308899.0
10.0,2002,378039587.0
10.0,2003,366240007.0
10.0,2004,329875269.0
10.0,2005,377268411.0
10.0,2006,400518132.0
10.0,2007,412989318.0
10.0,2008,387520373.0
10.0,2009,386029758.0
10.0,2010,365975482.0
10.0,2011,357300518.0
10.0,2012,360002885.0
10.0,2013,359504030.0
10.0,2014,361601141.0
10.0,2015,342979105.0
10.0,2016,320869835.0
10.0,2017,289999055.0
11.0,1991,44748802.0
11.0,1992,44341343.0
11.0,1993,41753532.0
11.0,1994,38153840.0
11.0,1995,41515132.0
11.0,1996,44571188.0
11.0,1997,47463546.0
11.0,1998,51573929.0
11.0,1999,54619508.0
11.0,2000,55526660.0
11.0,2001,57328328.0
11.0,2002,64024829.0
11.0,2003,65125614.0
11.0,2004,67551874.0
11.0,2005,67304135.0
11.0,2006,67868149.0
11.0,2007,69035226.0
11.0,2008,65203611.0
11.0,2009,64353673.0
11.0,2010,53376612.0
11.0,2011,51305413.0
11.0,2012,52530933.0
11.0,2013,51419189.0
11.0,2014,48904819.0
11.0,2015,47021445.0
11.0,2016,43271533.0
11.0,2017,39954846.0
12.0,1991,23150580.0
12.0,1992,20816190.0
12.0,1993,22634966.0
12.0,1994,23201349.0
12.0,1995,21039270.0
12.0,1996,23710332.0
12.0,1997,23961942.0
12.0,1998,25456962.0
12.0,1999,27118943.0
12.0,2000,26255487.0
12.0,2001,25838358.0
12.0,2002,25477953.0
12.0,2003,26282201.0
12.0,2004,26775475.0
12.0,2005,26964674.0
12.0,2006,27143491.0
12.0,2007,26577075.0
12.0,2008,28228397.0
12.0,2009,29746377.0
12.0,2010,28556522.0
12.0,2011,27865454.0
12.0,2012,28183414.0
12.0,2013,28597870.0
12.0,2014,28480560.0
12.0,2015,28060212.0
12.0,2016,26271977.0
12.0,2017,25220528.0
13.0,1991,0.0
13.0,1992,0.0
13.0,1993,3941295.0
13.0,1994,4636539.0
13.0,1995,4602545.0
13.0,1996,5447437.0
13.0,1997,4965961.0
13.0,1998,7165625.0
13.0,1999,6532569.0
13.0,2000,12564011.0
13.0,2001,21220881.0
13.0,2002,21620283.0
13.0,2003,24266799.0
13.0,2004,28368908.0
13.0,2005,29983363.0
13.0,2006,29693668.0
13.0,2007,29251739.0
13.0,2008,29890361.0
13.0,2009,30443037.0
13.0,2010,30341013.0
13.0,2011,27344635.0
13.0,2012,23918726.0
13.0,2013,26306301.0
13.0,2014,25277194.0
13.0,2015,23590779.0
13.0,2016,21242603.0
13.0,2017,19465764.0
14.0,1991,0.0
14.0,1992,0.0
14.0,1993,0.0
14.0,1994,0.0
14.0,1995,0.0
14.0,1996,0.0
14.0,1997,0.0
14.0,1998,0.0
14.0,1999,0.0
14.0,2000,0.0
14.0,2001,0.0
14.0,2002,0.0
14.0,2003,0.0
14.0,2004,0.0
14.0,2005,0.0
14.0,2006,0.0
14.0,2007,0.0
14.0,2008,0.0
14.0,2009,0.0
14.0,2010,0.0
14.0,2011,0.0
14.0,2012,0.0
14.0,2013,0.0
14.0,2014,0.0
14.0,2015,0.0
14.0,2016,0.0
14.0,2017,0.0
15.0,1991,0.0
15.0,1992,6868424.0
15.0,1993,9775732.0
15.0,1994,11052008.0
15.0,1995,12439329.0
15.0,1996,13464204.0
15.0,1997,15249854.0
15.0,1998,0.0
15.0,1999,0.0
15.0,2000,0.0
15.0,2001,0.0
15.0,2002,16761933.0
15.0,2003,17101409.0
15.0,2004,15044120.0
15.0,2005,14747521.0
15.0,2006,14664799.0
15.0,2007,14392111.0
15.0,2008,14561590.0
15.0,2009,14283970.0
15.0,2010,14280609.0
15.0,2011,13938044.0
15.0,2012,13860335.0
15.0,2013,14058929.0
15.0,2014,14522170.0
15.0,2015,14596534.0
15.0,2016,13584135.0
15.0,2017,13561124.0
16.0,1991,19472820.0
16.0,1992,18762519.0
16.0,1993,18005720.0
16.0,1994,17602352.0
16.0,1995,17770370.0
16.0,1996,18433192.0
16.0,1997,19368271.0
16.0,1998,20794059.0
16.0,1999,21739545.0
16.0,2000,22181440.0
16.0,2001,22941404.0
16.0,2002,22533044.0
16.0,2003,20043352.0
16.0,2004,20629900.0
16.0,2005,20543294.0
16.0,2006,21962827.0
16.0,2007,21827761.0
16.0,2008,20985747.0
16.0,2009,21982399.0
16.0,2010,22350252.0
16.0,2011,22260408.0
16.0,2012,21288131.0
16.0,2013,19319086.0
16.0,2014,18817490.0
16.0,2015,18748868.0
16.0,2016,16576943.0
16.0,2017,13333812.0
17.0,1991,0.0
17.0,1992,0.0
17.0,1993,0.0
17.0,1994,0.0
17.0,1995,0.0
17.0,1996,0.0
17.0,1997,0.0
17.0,1998,0.0
17.0,1999,0.0
17.0,2000,0.0
17.0,2001,0.0
17.0,2002,0.0
17.0,2003,0.0
17.0,2004,0.0
17.0,2005,0.0
17.0,2006,0.0
17.0,2007,3845722.0
17.0,2008,3428570.0
17.0,2009,2868934.0
17.0,2010,4131028.0
17.0,2011,7721533.0
17.0,2012,7613296.0
17.0,2013,8198807.0
17.0,2014,9010525.0
17.0,2015,8915038.0
17.0,2016,9528312.0
17.0,2017,9535775.0
18.0,1991,21811332.0
18.0,1992,19909680.0
18.0,1993,19826548.0
18.0,1994,19143157.0
18.0,1995,20151100.0
18.0,1996,21228793.0
18.0,1997,22235777.0
18.0,1998,23646110.0
18.0,1999,24759859.0
18.0,2000,25689411.0
18.0,2001,26380755.0
18.0,2002,26240388.0
18.0,2003,27409749.0
18.0,2004,28920489.0
18.0,2005,27424015.0
18.0,2006,28649899.0
18.0,2007,28294976.0
18.0,2008,28854771.0
18.0,2009,27811671.0
18.0,2010,23668594.0
18.0,2011,23469147.0
18.0,2012,24854019.0
18.0,2013,24446973.0
18.0,2014,24446788.0
18.0,2015,24060062.0
18.0,2016,32468237.0
18.0,2017,29848888.0
19.0,1991,392088602.0
19.0,1992,370335119.0
19.0,1993,326655953.0
19.0,1994,331520746.0
19.0,1995,306075585.0
19.0,1996,302115116.0
19.0,1997,287628293.0
19.0,1998,290530719.0
19.0,1999,299058490.0
19.0,2000,302089554.0
19.0,2001,301690748.0
19.0,2002,303295027.0
19.0,2003,291804434.0
19.0,2004,294030775.0
19.0,2005,303244197.0
19.0,2006,298433228.0
19.0,2007,309271311.0
19.0,2008,328199214.0
19.0,2009,318672798.0
19.0,2010,306023976.0
19.0,2011,310381447.0
19.0,2012,314423578.0
19.0,2013,300116357.0
19.0,2014,276116759.0
19.0,2015,274288766.0
19.0,2016,259058440.0
19.0,2017,249231171.0
20.0,1991,0.0
20.0,1992,0.0
20.0,1993,0.0
20.0,1994,0.0
20.0,1995,0.0
20.0,1996,0.0
20.0,1997,0.0
20.0,1998,0.0
20.0,1999,0.0
20.0,2000,0.0
20.0,2001,0.0
20.0,2002,0.0
20.0,2003,0.0
20.0,2004,0.0
20.0,2005,0.0
20.0,2006,0.0
20.0,2007,0.0
20.0,2008,0.0
20.0,2009,0.0
20.0,2010,0.0
20.0,2011,0.0
20.0,2012,0.0
20.0,2013,0.0
20.0,2014,0.0
20.0,2015,0.0
20.0,2016,0.0
20.0,2017,0.0
21.0,1991,38630904.0
21.0,1992,37608025.0
21.0,1993,36184807.0
21.0,1994,35071501.0
21.0,1995,33524700.0
21.0,1996,33644930.0
21.0,1997,35176607.0
21.0,1998,36621473.0
21.0,1999,37448664.0
21.0,2000,36049708.0
21.0,2001,34321558.0
21.0,2002,32268476.0
21.0,2003,30979385.0
21.0,2004,31440977.0
21.0,2005,33769583.0
21.0,2006,33691072.0
21.0,2007,33587298.0
21.0,2008,34655169.0
21.0,2009,29296943.0
21.0,2010,29292008.0
21.0,2011,30630554.0
21.0,2012,32191038.0
21.0,2013,32685693.0
21.0,2014,31685589.0
21.0,2015,30118241.0
21.0,2016,28399520.0
21.0,2017,28804740.0
22.0,1991,2025132.0
22.0,1992,2272401.0
22.0,1993,2712914.0
22.0,1994,2996714.0
22.0,1995,2219108.0
22.0,1996,2238240.0
22.0,1997,2548823.0
22.0,1998,2440410.0
22.0,1999,2549434.0
22.0,2000,2036634.0
22.0,2001,1988667.0
22.0,2002,1576563.0
22.0,2003,1560194.0
22.0,2004,1784601.0
22.0,2005,1477528.0
22.0,2006,953870.0
22.0,2007,1198698.0
22.0,2008,1156160.0
22.0,2009,1113679.0
22.0,2010,1241398.0
22.0,2011,991904.0
22.0,2012,1010139.0
22.0,2013,1067291.0
22.0,2014,1122673.0
22.0,2015,1135439.0
22.0,2016,1098404.0
22.0,2017,1044138.0
23.0,1991,56279726.0
23.0,1992,55895195.0
23.0,1993,70001630.0
23.0,1994,63765755.0
23.0,1995,62257868.0
23.0,1996,61405604.0
23.0,1997,62013539.0
23.0,1998,62269585.0
23.0,1999,63827287.0
23.0,2000,65821048.0
23.0,2001,65413709.0
23.0,2002,63369445.0
23.0,2003,64546632.0
23.0,2004,75137426.0
23.0,2005,76752965.0
23.0,2006,81637435.0
23.0,2007,83458376.0
23.0,2008,85789745.0
23.0,2009,75608000.0
23.0,2010,70291985.0
23.0,2011,75723805.0
23.0,2012,77858973.0
23.0,2013,78892846.0
23.0,2014,77356941.0
23.0,2015,72757836.0
23.0,2016,65539767.0
23.0,2017,58383786.0
24.0,1991,19537266.0
24.0,1992,20551805.0
24.0,1993,21726113.0
24.0,1994,22789308.0
24.0,1995,23967275.0
24.0,1996,24220674.0
24.0,1997,25638291.0
24.0,1998,25847114.0
24.0,1999,26469628.0
24.0,2000,27573149.0
24.0,2001,31520462.0
24.0,2002,32813786.0
24.0,2003,35912736.0
24.0,2004,38256615.0
24.0,2005,39736656.0
24.0,2006,39686573.0
24.0,2007,41608063.0
24.0,2008,38716430.0
24.0,2009,36804682.0
24.0,2010,36585348.0
24.0,2011,35943338.0
24.0,2012,37917735.0
24.0,2013,38098965.0
24.0,2014,38118531.0
24.0,2015,37166769.0
24.0,2016,32657649.0
24.0,2017,28980451.0
25.0,1991,2712882.0
25.0,1992,2712882.0
25.0,1993,2714615.0
25.0,1994,2714615.0
25.0,1995,2714615.0
25.0,1996,2746242.0
25.0,1997,3971573.0
25.0,1998,4431208.0
25.0,1999,5782238.0
25.0,2000,6463416.0
25.0,2001,5925335.0
25.0,2002,6398672.0
25.0,2003,7199527.0
25.0,2004,7654292.0
25.0,2005,8419477.0
25.0,2006,9310413.0
25.0,2007,10133250.0
25.0,2008,9844864.0
25.0,2009,10045345.0
25.0,2010,10343531.0
25.0,2011,11143922.0
25.0,2012,11579046.0
25.0,2013,12018198.0
25.0,2014,11426791.0
25.0,2015,10773438.0
25.0,2016,9707356.0
25.0,2017,8915163.0
26.0,1991,0.0
26.0,1992,0.0
26.0,1993,0.0
26.0,1994,0.0
26.0,1995,0.0
26.0,1996,0.0
26.0,1997,0.0
26.0,1998,0.0
26.0,1999,0.0
26.0,2000,0.0
26.0,2001,0.0
26.0,2002,0.0
26.0,2003,0.0
26.0,2004,39888.0
26.0,2005,263660.0
26.0,2006,233868.0
26.0,2007,301437.0
26.0,2008,399734.0
26.0,2009,488136.0
26.0,2010,444298.0
26.0,2011,605904.0
26.0,2012,935919.0
26.0,2013,921631.0
26.0,2014,1001058.0
26.0,2015,1071014.0
26.0,2016,1100336.0
26.0,2017,945901.0
27.0,1991,0.0
27.0,1992,0.0
27.0,1993,0.0
27.0,1994,0.0
27.0,1995,0.0
27.0,1996,0.0
27.0,1997,0.0
27.0,1998,0.0
27.0,1999,0.0
27.0,2000,0.0
27.0,2001,0.0
27.0,2002,0.0
27.0,2003,0.0
27.0,2004,0.0
27.0,2005,0.0
27.0,2006,0.0
27.0,2007,0.0
27.0,2008,0.0
27.0,2009,0.0
27.0,2010,0.0
27.0,2011,0.0
27.0,2012,0.0
27.0,2013,0.0
27.0,2014,14759.0
27.0,2015,496289.0
27.0,2016,2565945.0
27.0,2017,2358741.0
28.0,1991,191423032.0
28.0,1992,179752077.0
28.0,1993,177691031.0
28.0,1994,173345461.0
28.0,1995,172846761.0
28.0,1996,165759070.0
28.0,1997,166497784.0
28.0,1998,141751630.0
28.0,1999,171997571.0
28.0,2000,172013743.0
28.0,2001,174111139.0
28.0,2002,173930943.0
28.0,2003,178628467.0
28.0,2004,187529994.0
28.0,2005,187960265.0
28.0,2006,177105684.0
28.0,2007,170491709.0
28.0,2008,183574756.0
28.0,2009,186165268.0
28.0,2010,183625270.0
28.0,2011,189748689.0
28.0,2012,195991796.0
28.0,2013,191091634.0
28.0,2014,183962132.0
28.0,2015,177983650.0
28.0,2016,188984891.0
28.0,2017,169407096.0
29.0,1991,0.0
29.0,1992,0.0
29.0,1993,0.0
29.0,1994,0.0
29.0,1995,0.0
29.0,1996,0.0
29.0,1997,0.0
29.0,1998,0.0
29.0,1999,0.0
29.0,2000,0.0
29.0,2001,0.0
29.0,2002,0.0
29.0,2003,0.0
29.0,2004,0.0
29.0,2005,0.0
29.0,2006,0.0
29.0,2007,0.0
29.0,2008,0.0
29.0,2009,0.0
29.0,2010,0.0
29.0,2011,0.0
29.0,2012,0.0
29.0,2013,0.0
29.0,2014,0.0
29.0,2015,0.0
29.0,2016,0.0
29.0,2017,0.0
30.0,1991,0.0
30.0,1992,0.0
30.0,1993,0.0
30.0,1994,0.0
30.0,1995,0.0
30.0,1996,0.0
30.0,1997,7078009.0
30.0,1998,7381211.0
30.0,1999,7594097.0
30.0,2000,7822073.0
30.0,2001,8001769.0
30.0,2002,7744225.0
30.0,2003,7493216.0
30.0,2004,7792571.0
30.0,2005,8052454.0
30.0,2006,8470153.0
30.0,2007,8313899.0
30.0,2008,8628110.0
30.0,2009,9146873.0
30.0,2010,9218232.0
30.0,2011,9920213.0
30.0,2012,10601325.0
30.0,2013,10188565.0
30.0,2014,9933869.0
30.0,2015,9258207.0
30.0,2016,8401294.0
30.0,2017,7512218.0
31.0,1991,0.0
31.0,1992,0.0
31.0,1993,0.0
31.0,1994,0.0
31.0,1995,0.0
31.0,1996,0.0
31.0,1997,0.0
31.0,1998,0.0
31.0,1999,0.0
31.0,2000,0.0
31.0,2001,0.0
31.0,2002,0.0
31.0,2003,0.0
31.0,2004,0.0
31.0,2005,0.0
31.0,2006,0.0
31.0,2007,54843.0
31.0,2008,41174.0
31.0,2009,26767.0
31.0,2010,179530.0
31.0,2011,170127.0
31.0,2012,214069.0
31.0,2013,235147.0
31.0,2014,238459.0
31.0,2015,248383.0
31.0,2016,238021.0
31.0,2017,203909.0
32.0,1991,49205133.0
32.0,1992,49758206.0
32.0,1993,48250070.0
32.0,1994,44911551.0
32.0,1995,43880562.0
32.0,1996,46672326.0
32.0,1997,41681995.0
32.0,1998,40776495.0
32.0,1999,45936185.0
32.0,2000,45936185.0
32.0,2001,48851745.0
32.0,2002,44807828.0
32.0,2003,57614256.0
32.0,2004,58901932.0
32.0,2005,53394331.0
32.0,2006,56486496.0
32.0,2007,53266534.0
32.0,2008,44752343.0
32.0,2009,42517272.0
32.0,2010,37693438.0
32.0,2011,36971366.0
32.0,2012,38378872.0
32.0,2013,37937209.0
32.0,2014,37383043.0
32.0,2015,36366269.0
32.0,2016,33521239.0
32.0,2017,31951162.0
33.0,1991,5590385.0
33.0,1992,4316319.0
33.0,1993,4679053.0
33.0,1994,5574966.0
33.0,1995,5576686.0
33.0,1996,5662103.0
33.0,1997,5802943.0
33.0,1998,4818953.0
33.0,1999,5330103.0
33.0,2000,5663808.0
33.0,2001,6969718.0
33.0,2002,6305923.0
33.0,2003,6303316.0
33.0,2004,6383680.0
33.0,2005,6966129.0
33.0,2006,6308471.0
33.0,2007,6236285.0
33.0,2008,6349996.0
33.0,2009,6364765.0
33.0,2010,6546871.0
33.0,2011,6637681.0
33.0,2012,7439290.0
33.0,2013,7533651.0
33.0,2014,7602515.0
33.0,2015,7468076.0
33.0,2016,6927731.0
33.0,2017,6534222.0
34.0,1991,0.0
34.0,1992,0.0
34.0,1993,0.0
34.0,1994,0.0
34.0,1995,0.0
34.0,1996,0.0
34.0,1997,0.0
34.0,1998,0.0
34.0,1999,0.0
34.0,2000,0.0
34.0,2001,0.0
34.0,2002,0.0
34.0,2003,0.0
34.0,2004,0.0
34.0,2005,0.0
34.0,2006,0.0
34.0,2007,0.0
34.0,2008,0.0
34.0,2009,0.0
34.0,2010,0.0
34.0,2011,7055.0
34.0,2012,18853.0
34.0,2013,18552.0
34.0,2014,19998.0
34.0,2015,112323.0
34.0,2016,120634.0
34.0,2017,120892.0
35.0,1991,84810967.0
35.0,1992,84357831.0
35.0,1993,87328427.0
35.0,1994,82971993.0
35.0,1995,79568801.0
35.0,1996,79897669.0
35.0,1997,80643173.0
35.0,1998,83573032.0
35.0,1999,85936929.0
35.0,2000,86736027.0
35.0,2001,87602151.0
35.0,2002,81359635.0
35.0,2003,76611462.0
35.0,2004,87940450.0
35.0,2005,81546888.0
35.0,2006,88031836.0
35.0,2007,85746783.0
35.0,2008,84594867.0
35.0,2009,72795199.0
35.0,2010,66538892.0
35.0,2011,66401692.0
35.0,2012,65467310.0
35.0,2013,68690509.0
35.0,2014,68363947.0
35.0,2015,66490613.0
35.0,2016,67292434.0
35.0,2017,65933409.0
36.0,1991,0.0
36.0,1992,0.0
36.0,1993,0.0
36.0,1994,0.0
36.0,1995,0.0
36.0,1996,0.0
36.0,1997,0.0
36.0,1998,0.0
36.0,1999,0.0
36.0,2000,0.0
36.0,2001,0.0
36.0,2002,0.0
36.0,2003,0.0
36.0,2004,0.0
36.0,2005,0.0
36.0,2006,0.0
36.0,2007,87185.0
36.0,2008,114437.0
36.0,2009,142654.0
36.0,2010,124161.0
36.0,2011,192093.0
36.0,2012,340506.0
36.0,2013,395036.0
36.0,2014,375781.0
36.0,2015,377148.0
36.0,2016,373534.0
36.0,2017,362389.0
37.0,1991,179839696.0
37.0,1992,167165685.0
37.0,1993,161849666.0
37.0,1994,144386419.0
37.0,1995,146589855.0
37.0,1996,123442560.0
37.0,1997,125035163.0
37.0,1998,125967257.0
37.0,1999,143240114.0
37.0,2000,129524241.0
37.0,2001,142647640.0
37.0,2002,147771191.0
37.0,2003,147831547.0
37.0,2004,146010344.0
37.0,2005,153392000.0
37.0,2006,132880812.0
37.0,2007,133695295.0
37.0,2008,135484298.0
37.0,2009,136893958.0
37.0,2010,128443887.0
37.0,2011,130732652.0
37.0,2012,136795328.0
37.0,2013,137778320.0
37.0,2014,139668312.0
37.0,2015,134250224.0
37.0,2016,127687553.0
37.0,2017,123124352.0
38.0,1991,14629166.0
38.0,1992,15218168.0
38.0,1993,16802664.0
38.0,1994,17437439.0
38.0,1995,17988985.0
38.0,1996,18172271.0
38.0,1997,17421759.0
38.0,1998,18149036.0
38.0,1999,19939102.0
38.0,2000,20376485.0
38.0,2001,22095585.0
38.0,2002,22648085.0
38.0,2003,23023397.0
38.0,2004,23175355.0
38.0,2005,24645238.0
38.0,2006,27293408.0
38.0,2007,28220132.0
38.0,2008,29672806.0
38.0,2009,29627244.0
38.0,2010,27895008.0
38.0,2011,26719518.0
38.0,2012,27240184.0
38.0,2013,26603229.0
38.0,2014,26391571.0
38.0,2015,25972313.0
38.0,2016,24512705.0
38.0,2017,22984194.0
39.0,1991,0.0
39.0,1992,0.0
39.0,1993,2651735.0
39.0,1994,2877022.0
39.0,1995,4395575.0
39.0,1996,4512323.0
39.0,1997,0.0
39.0,1998,4736026.0
39.0,1999,4773876.0
39.0,2000,5586462.0
39.0,2001,6110611.0
39.0,2002,6831313.0
39.0,2003,7595138.0
39.0,2004,7990825.0
39.0,2005,8474143.0
39.0,2006,9529056.0
39.0,2007,9717392.0
39.0,2008,9810228.0
39.0,2009,9576635.0
39.0,2010,9629993.0
39.0,2011,10283313.0
39.0,2012,10895833.0
39.0,2013,10650401.0
39.0,2014,10655021.0
39.0,2015,9764166.0
39.0,2016,8984286.0
39.0,2017,8631906.0
40.0,1991,0.0
40.0,1992,0.0
40.0,1993,0.0
40.0,1994,0.0
40.0,1995,0.0
40.0,1996,0.0
40.0,1997,0.0
40.0,1998,0.0
40.0,1999,0.0
40.0,2000,0.0
40.0,2001,0.0
40.0,2002,0.0
40.0,2003,0.0
40.0,2004,0.0
40.0,2005,0.0
40.0,2006,0.0
40.0,2007,0.0
40.0,2008,0.0
40.0,2009,0.0
40.0,2010,0.0
40.0,2011,0.0
40.0,2012,0.0
40.0,2013,0.0
40.0,2014,0.0
40.0,2015,5102855.0
40.0,2016,5407530.0
40.0,2017,3904345.0
41.0,1991,734880.0
41.0,1992,734880.0
41.0,1993,1253025.0
41.0,1994,1252196.0
41.0,1995,1320201.0
41.0,1996,1589400.0
41.0,1997,1643219.0
41.0,1998,2702287.0
41.0,1999,2730853.0
41.0,2000,2852055.0
41.0,2001,3189150.0
41.0,2002,3331561.0
41.0,2003,5023613.0
41.0,2004,6753953.0
41.0,2005,6755151.0
41.0,2006,7661957.0
41.0,2007,8085372.0
41.0,2008,8781522.0
41.0,2009,10860624.0
41.0,2010,11280326.0
41.0,2011,11938168.0
41.0,2012,13067786.0
41.0,2013,12792687.0
41.0,2014,13109776.0
41.0,2015,12852260.0
41.0,2016,12217194.0
41.0,2017,11976752.0
42.0,1991,76031138.0
42.0,1992,76934710.0
42.0,1993,73020991.0
42.0,1994,72837000.0
42.0,1995,73253000.0
42.0,1996,72295000.0
42.0,1997,79231000.0
42.0,1998,80301000.0
42.0,1999,83253891.0
42.0,2000,83118954.0
42.0,2001,81497127.0
42.0,2002,76805808.0
42.0,2003,70641397.0
42.0,2004,66761993.0
42.0,2005,71065818.0
42.0,2006,68830652.0
42.0,2007,69464584.0
42.0,2008,67519392.0
42.0,2009,72716409.0
42.0,2010,68008889.0
42.0,2011,63104604.0
42.0,2012,61596727.0
42.0,2013,59689757.0
42.0,2014,59777734.0
42.0,2015,62868806.0
42.0,2016,60779104.0
42.0,2017,57460309.0
43.0,1991,2279973.0
43.0,1992,2448701.0
43.0,1993,2479076.0
43.0,1994,2664070.0
43.0,1995,2762107.0
43.0,1996,2934993.0
43.0,1997,2482686.0
43.0,1998,2469975.0
43.0,1999,2247072.0
43.0,2000,2833034.0
43.0,2001,2819749.0
43.0,2002,5815944.0
43.0,2003,5758709.0
43.0,2004,11098238.0
43.0,2005,7500785.0
43.0,2006,9039276.0
43.0,2007,7995185.0
43.0,2008,8254786.0
43.0,2009,8518482.0
43.0,2010,8189049.0
43.0,2011,8211130.0
43.0,2012,7644506.0
43.0,2013,7252508.0
43.0,2014,6912423.0
43.0,2015,6500154.0
43.0,2016,5907608.0
43.0,2017,5738414.0
44.0,1991,101271370.0
44.0,1992,97262825.0
44.0,1993,97499476.0
44.0,1994,102946504.0
44.0,1995,109709003.0
44.0,1996,106714133.0
44.0,1997,109298856.0
44.0,1998,115964579.0
44.0,1999,113844154.0
44.0,2000,104154353.0
44.0,2001,112342545.0
44.0,2002,112201200.0
44.0,2003,122629115.0
44.0,2004,119261973.0
44.0,2005,138556849.0
44.0,2006,108707766.0
44.0,2007,101955904.0
44.0,2008,106039517.0
44.0,2009,104080206.0
44.0,2010,111252735.0
44.0,2011,112368259.0
44.0,2012,119746692.0
44.0,2013,117918409.0
44.0,2014,119615609.0
44.0,2015,133807610.0
44.0,2016,126462675.0
44.0,2017,118852933.0
45.0,1991,5996115.0
45.0,1992,6051293.0
45.0,1993,6393634.0
45.0,1994,6694515.0
45.0,1995,7058217.0
45.0,1996,6607267.0
45.0,1997,6650563.0
45.0,1998,6613523.0
45.0,1999,6801525.0
45.0,2000,7025275.0
45.0,2001,7174499.0
45.0,2002,6370686.0
45.0,2003,5903915.0
45.0,2004,5767937.0
45.0,2005,6298404.0
45.0,2006,6025675.0
45.0,2007,6236218.0
45.0,2008,6889504.0
45.0,2009,7399550.0
45.0,2010,6826819.0
45.0,2011,7124156.0
45.0,2012,7127842.0
45.0,2013,7486497.0
45.0,2014,7689990.0
45.0,2015,8052185.0
45.0,2016,8166529.0
45.0,2017,7890154.0
46.0,1991,80886653.0
46.0,1992,75762094.0
46.0,1993,66419318.0
46.0,1994,61478828.0
46.0,1995,57027220.0
46.0,1996,46303648.0
46.0,1997,54598890.0
46.0,1998,55234319.0
46.0,1999,42185131.0
46.0,2000,43886980.0
46.0,2001,41237988.0
46.0,2002,39756468.0
46.0,2003,37812276.0
46.0,2004,34513905.0
46.0,2005,35396882.0
46.0,2006,37083344.0
46.0,2007,35204863.0
46.0,2008,37792808.0
46.0,2009,38603132.0
46.0,2010,36555845.0
46.0,2011,35615420.0
46.0,2012,32750907.0
46.0,2013,30898942.0
46.0,2014,25116299.0
46.0,2015,23899523.0
46.0,2016,27149357.0
46.0,2017,24593612.0
47.0,1991,10914403.0
47.0,1992,8484212.0
47.0,1993,8876360.0
47.0,1994,9173568.0
47.0,1995,8917249.0
47.0,1996,8966353.0
47.0,1997,8789679.0
47.0,1998,8187249.0
47.0,1999,9410001.0
47.0,2000,10727825.0
47.0,2001,11930842.0
47.0,2002,10869771.0
47.0,2003,8414183.0
47.0,2004,8984134.0
47.0,2005,9865876.0
47.0,2006,10917739.0
47.0,2007,11035550.0
47.0,2008,12023706.0
47.0,2009,12774202.0
47.0,2010,11439394.0
47.0,2011,10660270.0
47.0,2012,10673830.0
47.0,2013,9464558.0
47.0,2014,9248599.0
47.0,2015,9178939.0
47.0,2016,8848567.0
47.0,2017,8202341.0
48.0,1991,0.0
48.0,1992,0.0
48.0,1993,0.0
48.0,1994,0.0
48.0,1995,0.0
48.0,1996,0.0
48.0,1997,0.0
48.0,1998,0.0
48.0,1999,0.0
48.0,2000,0.0
48.0,2001,0.0
48.0,2002,0.0
48.0,2003,0.0
48.0,2004,0.0
48.0,2005,0.0
48.0,2006,0.0
48.0,2007,0.0
48.0,2008,0.0
48.0,2009,0.0
48.0,2010,0.0
48.0,2011,0.0
48.0,2012,0.0
48.0,2013,0.0
48.0,2014,0.0
48.0,2015,0.0
48.0,2016,0.0
48.0,2017,278657.0
49.0,1991,979706.0
49.0,1992,693428.0
49.0,1993,1822812.0
49.0,1994,32150467.0
49.0,1995,34071937.0
49.0,1996,29811399.0
49.0,1997,30838018.0
49.0,1998,31768156.0
49.0,1999,32732855.0
49.0,2000,31838093.0
49.0,2001,31157406.0
49.0,2002,36534204.0
49.0,2003,40635507.0
49.0,2004,40813740.0
49.0,2005,45219796.0
49.0,2006,48778636.0
49.0,2007,50025282.0
49.0,2008,52588089.0
49.0,2009,50570664.0
49.0,2010,37181460.0
49.0,2011,36694705.0
49.0,2012,37491585.0
49.0,2013,40845877.0
49.0,2014,40502789.0
49.0,2015,38328619.0
49.0,2016,33785445.0
49.0,2017,38998417.0
50.0,1991,0.0
50.0,1992,0.0
50.0,1993,0.0
50.0,1994,0.0
50.0,1995,0.0
50.0,1996,0.0
50.0,1997,0.0
50.0,1998,0.0
50.0,1999,0.0
50.0,2000,0.0
50.0,2001,0.0
50.0,2002,0.0
50.0,2003,0.0
50.0,2004,0.0
50.0,2005,0.0
50.0,2006,0.0
50.0,2007,0.0
50.0,2008,0.0
50.0,2009,0.0
50.0,2010,0.0
50.0,2011,0.0
50.0,2012,0.0
50.0,2013,0.0
50.0,2014,0.0
50.0,2015,0.0
50.0,2016,0.0
50.0,2017,0.0
51.0,1991,787337.0
51.0,1992,881010.0
51.0,1993,1302857.0
51.0,1994,1480296.0
51.0,1995,1936952.0
51.0,1996,2492573.0
51.0,1997,2950432.0
51.0,1998,2570120.0
51.0,1999,3069452.0
51.0,2000,3057853.0
51.0,2001,3099061.0
51.0,2002,0.0
51.0,2003,3894354.0
51.0,2004,4122881.0
51.0,2005,6366799.0
51.0,2006,5927521.0
51.0,2007,6500204.0
51.0,2008,9857961.0
51.0,2009,9863450.0
51.0,2010,7487894.0
51.0,2011,7813519.0
51.0,2012,9023817.0
51.0,2013,9619743.0
51.0,2014,17832432.0
51.0,2015,17168400.0
51.0,2016,16207646.0
51.0,2017,14787086.0
52.0,1991,100267.0
52.0,1992,98156.0
52.0,1993,86280.0
52.0,1994,147546.0
52.0,1995,206511.0
52.0,1996,213898.0
52.0,1997,124503.0
52.0,1998,138377.0
52.0,1999,134931.0
52.0,2000,176018.0
52.0,2001,211471.0
52.0,2002,87584.0
52.0,2003,106416.0
52.0,2004,130515.0
52.0,2005,175638.0
52.0,2006,197702.0
52.0,2007,199066.0
52.0,2008,401451.0
52.0,2009,704433.0
52.0,2010,768484.0
52.0,2011,1019850.0
52.0,2012,1090216.0
52.0,2013,1017820.0
52.0,2014,1006361.0
52.0,2015,984256.0
52.0,2016,955445.0
52.0,2017,934073.0
53.0,1991,188247819.0
53.0,1992,188603944.0
53.0,1993,180980182.0
53.0,1994,172745614.0
53.0,1995,169919036.0
53.0,1996,167703720.0
53.0,1997,170637290.0
53.0,1998,170308433.0
53.0,1999,171253580.0
53.0,2000,174855498.0
53.0,2001,176900537.0
53.0,2002,177388288.0
53.0,2003,165279524.0
53.0,2004,162687473.0
53.0,2005,163149456.0
53.0,2006,159694775.0
53.0,2007,157600225.0
53.0,2008,162307578.0
53.0,2009,167332788.0
53.0,2010,158576933.0
53.0,2011,155684269.0
53.0,2012,163169789.0
53.0,2013,162428498.0
53.0,2014,163693988.0
53.0,2015,155559283.0
53.0,2016,166967835.0
53.0,2017,161097082.0
54.0,1991,2061378.0
54.0,1992,2152683.0
54.0,1993,2285985.0
54.0,1994,2339620.0
54.0,1995,2342094.0
54.0,1996,2593877.0
54.0,1997,2522103.0
54.0,1998,660980.0
54.0,1999,0.0
54.0,2000,0.0
54.0,2001,0.0
54.0,2002,0.0
54.0,2003,0.0
54.0,2004,0.0
54.0,2005,0.0
54.0,2006,0.0
54.0,2007,0.0
54.0,2008,0.0
54.0,2009,0.0
54.0,2010,0.0
54.0,2011,0.0
54.0,2012,0.0
54.0,2013,0.0
54.0,2014,0.0
54.0,2015,0.0
54.0,2016,0.0
54.0,2017,0.0
55.0,1991,65486049.0
55.0,1992,69682121.0
55.0,1993,61195378.0
55.0,1994,62754904.0
55.0,1995,61943391.0
55.0,1996,64153446.0
55.0,1997,63054878.0
55.0,1998,63465316.0
55.0,1999,65897176.0
55.0,2000,67632612.0
55.0,2001,70808702.0
55.0,2002,69085074.0
55.0,2003,62292979.0
55.0,2004,64663431.0
55.0,2005,64600740.0
55.0,2006,66962680.0
55.0,2007,66970254.0
55.0,2008,65194287.0
55.0,2009,60468401.0
55.0,2010,61390737.0
55.0,2011,57333196.0
55.0,2012,53642880.0
55.0,2013,55234888.0
55.0,2014,56058548.0
55.0,2015,55293009.0
55.0,2016,53844356.0
55.0,2017,52687373.0
56.0,1991,0.0
56.0,1992,0.0
56.0,1993,0.0
56.0,1994,0.0
56.0,1995,0.0
56.0,1996,0.0
56.0,1997,0.0
56.0,1998,0.0
56.0,1999,0.0
56.0,2000,0.0
56.0,2001,0.0
56.0,2002,0.0
56.0,2003,1159328.0
56.0,2004,1155248.0
56.0,2005,1063658.0
56.0,2006,1130585.0
56.0,2007,1344124.0
56.0,2008,1426469.0
56.0,2009,1564277.0
56.0,2010,1397492.0
56.0,2011,1472355.0
56.0,2012,1874085.0
56.0,2013,884698.0
56.0,2014,942400.0
56.0,2015,791962.0
56.0,2016,728346.0
56.0,2017,618172.0
57.0,1991,19114358.0
57.0,1992,19540743.0
57.0,1993,19190847.0
57.0,1994,19564573.0
57.0,1995,19490111.0
57.0,1996,18899515.0
57.0,1997,18455028.0
57.0,1998,18987729.0
57.0,1999,17828964.0
57.0,2000,17729034.0
57.0,2001,17923945.0
57.0,2002,17102875.0
57.0,2003,16547962.0
57.0,2004,15145667.0
57.0,2005,14548496.0
57.0,2006,14691116.0
57.0,2007,14892745.0
57.0,2008,15206660.0
57.0,2009,15549074.0
57.0,2010,14421547.0
57.0,2011,13691515.0
57.0,2012,13118261.0
57.0,2013,12742830.0
57.0,2014,13248248.0
57.0,2015,13467166.0
57.0,2016,13170760.0
57.0,2017,12180964.0
58.0,1991,9296242.0
58.0,1992,9446200.0
58.0,1993,9312630.0
58.0,1994,9171409.0
58.0,1995,9231597.0
58.0,1996,10004269.0
58.0,1997,10449920.0
58.0,1998,10520175.0
58.0,1999,11200791.0
58.0,2000,11469598.0
58.0,2001,11545327.0
58.0,2002,10832210.0
58.0,2003,10314429.0
58.0,2004,9561788.0
58.0,2005,9162719.0
58.0,2006,9154572.0
58.0,2007,8996741.0
58.0,2008,9313717.0
58.0,2009,9107557.0
58.0,2010,8261810.0
58.0,2011,8358466.0
58.0,2012,8518468.0
58.0,2013,8498607.0
58.0,2014,8795438.0
58.0,2015,8494446.0
58.0,2016,8107913.0
58.0,2017,7552536.0
59.0,1991,78257986.0
59.0,1992,81400120.0
59.0,1993,80886962.0
59.0,1994,79417076.0
59.0,1995,80747395.0
59.0,1996,87243205.0
59.0,1997,92524469.0
59.0,1998,89946655.0
59.0,1999,95440054.0
59.0,2000,98848711.0
59.0,2001,97003884.0
59.0,2002,93768146.0
59.0,2003,94688924.0
59.0,2004,98250237.0
59.0,2005,94608408.0
59.0,2006,102413938.0
59.0,2007,110466310.0
59.0,2008,118278626.0
59.0,2009,111067940.0
59.0,2010,109008892.0
59.0,2011,111995623.0
59.0,2012,114562685.0
59.0,2013,117717559.0
59.0,2014,120108964.0
59.0,2015,121072263.0
59.0,2016,120902543.0
59.0,2017,121352294.0
60.0,1991,0.0
60.0,1992,0.0
60.0,1993,0.0
60.0,1994,0.0
60.0,1995,0.0
60.0,1996,0.0
60.0,1997,0.0
60.0,1998,0.0
60.0,1999,0.0
60.0,2000,0.0
60.0,2001,0.0
60.0,2002,0.0
60.0,2003,0.0
60.0,2004,0.0
60.0,2005,8815793.0
60.0,2006,9819143.0
60.0,2007,11394629.0
60.0,2008,13028486.0
60.0,2009,13784753.0
60.0,2010,13092785.0
60.0,2011,14534397.0
60.0,2012,16012412.0
60.0,2013,16604132.0
60.0,2014,17669833.0
60.0,2015,18312624.0
60.0,2016,18470406.0
60.0,2017,18374834.0
61.0,1991,0.0
61.0,1992,0.0
61.0,1993,0.0
61.0,1994,0.0
61.0,1995,0.0
61.0,1996,0.0
61.0,1997,0.0
61.0,1998,0.0
61.0,1999,0.0
61.0,2000,0.0
61.0,2001,0.0
61.0,2002,0.0
61.0,2003,0.0
61.0,2004,0.0
61.0,2005,0.0
61.0,2006,0.0
61.0,2007,0.0
61.0,2008,0.0
61.0,2009,0.0
61.0,2010,0.0
61.0,2011,0.0
61.0,2012,0.0
61.0,2013,0.0
61.0,2014,0.0
61.0,2015,0.0
61.0,2016,0.0
61.0,2017,0.0
62.0,1991,2865184.0
62.0,1992,4776037.0
62.0,1993,4939517.0
62.0,1994,5143782.0
62.0,1995,5911473.0
62.0,1996,6518838.0
62.0,1997,7502750.0
62.0,1998,7689878.0
62.0,1999,8050638.0
62.0,2000,7333570.0
62.0,2001,8293703.0
62.0,2002,8732097.0
62.0,2003,8266233.0
62.0,2004,9130837.0
62.0,2005,8219785.0
62.0,2006,8965558.0
62.0,2007,9922699.0
62.0,2008,10849358.0
62.0,2009,10292248.0
62.0,2010,8979937.0
62.0,2011,8557903.0
62.0,2012,7978474.0
62.0,2013,7980463.0
62.0,2014,8692741.0
62.0,2015,8935227.0
62.0,2016,9190047.0
62.0,2017,9303686.0
63.0,1991,9619935.0
63.0,1992,9937767.0
63.0,1993,10005060.0
63.0,1994,12077931.0
63.0,1995,11472818.0
63.0,1996,11901316.0
63.0,1997,13192726.0
63.0,1998,13007411.0
63.0,1999,13531889.0
63.0,2000,13556966.0
63.0,2001,13483704.0
63.0,2002,12978585.0
63.0,2003,13265299.0
63.0,2004,13992713.0
63.0,2005,12245514.0
63.0,2006,12409416.0
63.0,2007,13307473.0
63.0,2008,14985277.0
63.0,2009,14251163.0
63.0,2010,14008691.0
63.0,2011,12147907.0
63.0,2012,10580268.0
63.0,2013,10349186.0
63.0,2014,10231241.0
63.0,2015,9104337.0
63.0,2016,8588447.0
63.0,2017,8543157.0
64.0,1991,1775577.0
64.0,1992,1839419.0
64.0,1993,1910627.0
64.0,1994,2009267.0
64.0,1995,1735118.0
64.0,1996,1598187.0
64.0,1997,1459291.0
64.0,1998,1462340.0
64.0,1999,1381854.0
64.0,2000,1493189.0
64.0,2001,1559394.0
64.0,2002,1513054.0
64.0,2003,1924034.0
64.0,2004,1927339.0
64.0,2005,1957478.0
64.0,2006,2112866.0
64.0,2007,2228193.0
64.0,2008,2517200.0
64.0,2009,2495005.0
64.0,2010,2289587.0
64.0,2011,2334798.0
64.0,2012,2285985.0
64.0,2013,2004062.0
64.0,2014,1971113.0
64.0,2015,1944871.0
64.0,2016,1948785.0
64.0,2017,1929514.0
65.0,1991,35216926.0
65.0,1992,35406065.0
65.0,1993,35156010.0
65.0,1994,35382499.0
65.0,1995,34833566.0
65.0,1996,37951012.0
65.0,1997,39418128.0
65.0,1998,40374604.0
65.0,1999,42134453.0
65.0,2000,42780453.0
65.0,2001,41832056.0
65.0,2002,40540812.0
65.0,2003,32801554.0
65.0,2004,25545374.0
65.0,2005,24425116.0
65.0,2006,24889685.0
65.0,2007,46597096.0
65.0,2008,48964787.0
65.0,2009,50904546.0
65.0,2010,48479426.0
65.0,2011,49455190.0
65.0,2012,52106459.0
65.0,2013,51894966.0
65.0,2014,51630106.0
65.0,2015,54243654.0
65.0,2016,52190298.0
65.0,2017,49919496.0
66.0,1991,10893689.0
66.0,1992,10302580.0
66.0,1993,10353275.0
66.0,1994,10546256.0
66.0,1995,10780580.0
66.0,1996,10822506.0
66.0,1997,11043967.0
66.0,1998,11246332.0
66.0,1999,11128134.0
66.0,2000,11197183.0
66.0,2001,10905922.0
66.0,2002,10456518.0
66.0,2003,10177885.0
66.0,2004,10330762.0
66.0,2005,10104823.0
66.0,2006,10161233.0
66.0,2007,10160477.0
66.0,2008,9744558.0
66.0,2009,8747458.0
66.0,2010,7825176.0
66.0,2011,7722646.0
66.0,2012,7905588.0
66.0,2013,8347213.0
66.0,2014,8135330.0
66.0,2015,8030008.0
66.0,2016,7558076.0
66.0,2017,6740871.0
67.0,1991,7496540.0
67.0,1992,10090022.0
67.0,1993,10094063.0
67.0,1994,6908387.0
67.0,1995,8705773.0
67.0,1996,10054051.0
67.0,1997,12716917.0
67.0,1998,17561917.0
67.0,1999,7780054.0
67.0,2000,6806489.0
67.0,2001,0.0
67.0,2002,0.0
67.0,2003,0.0
67.0,2004,0.0
67.0,2005,0.0
67.0,2006,0.0
67.0,2007,0.0
67.0,2008,0.0
67.0,2009,0.0
67.0,2010,0.0
67.0,2011,0.0
67.0,2012,0.0
67.0,2013,0.0
67.0,2014,0.0
67.0,2015,0.0
67.0,2016,0.0
67.0,2017,0.0
68.0,1991,65376748.0
68.0,1992,66303403.0
68.0,1993,66598023.0
68.0,1994,65562037.0
68.0,1995,61109874.0
68.0,1996,61905288.0
68.0,1997,62065357.0
68.0,1998,66048771.0
68.0,1999,71874147.0
68.0,2000,73477709.0
68.0,2001,73347859.0
68.0,2002,69589375.0
68.0,2003,67235776.0
68.0,2004,53962653.0
68.0,2005,61797145.0
68.0,2006,64398737.0
68.0,2007,67865688.0
68.0,2008,71614054.0
68.0,2009,66401218.0
68.0,2010,66882361.0
68.0,2011,69782602.0
68.0,2012,69854994.0
68.0,2013,70418593.0
68.0,2014,67814306.0
68.0,2015,62106090.0
68.0,2016,58949823.0
68.0,2017,57322632.0
69.0,1991,0.0
69.0,1992,0.0
69.0,1993,0.0
69.0,1994,0.0
69.0,1995,0.0
69.0,1996,0.0
69.0,1997,0.0
69.0,1998,0.0
69.0,1999,3964624.0
69.0,2000,4248996.0
69.0,2001,3402611.0
69.0,2002,3653830.0
69.0,2003,4091227.0
69.0,2004,8429462.0
69.0,2005,9306149.0
69.0,2006,9896878.0
69.0,2007,9820923.0
69.0,2008,10796223.0
69.0,2009,11180194.0
69.0,2010,11553087.0
69.0,2011,10855424.0
69.0,2012,10572240.0
69.0,2013,11300249.0
69.0,2014,10498348.0
69.0,2015,10208717.0
69.0,2016,10660655.0
69.0,2017,10777228.0
70.0,1991,8338543.0
70.0,1992,8323705.0
70.0,1993,9427128.0
70.0,1994,9896649.0
70.0,1995,10036600.0
70.0,1996,7603839.0
70.0,1997,7915236.0
70.0,1998,9111206.0
70.0,1999,9315374.0
70.0,2000,9219738.0
70.0,2001,9761011.0
70.0,2002,9390575.0
70.0,2003,9689108.0
70.0,2004,10338138.0
70.0,2005,11606920.0
70.0,2006,12434557.0
70.0,2007,12771305.0
70.0,2008,13538862.0
70.0,2009,13631171.0
70.0,2010,13167318.0
70.0,2011,14562656.0
70.0,2012,14314610.0
70.0,2013,14732525.0
70.0,2014,15057033.0
70.0,2015,15003289.0
70.0,2016,14081260.0
70.0,2017,12901178.0
71.0,1991,10805161.0
71.0,1992,9413741.0
71.0,1993,8802843.0
71.0,1994,8083590.0
71.0,1995,8042042.0
71.0,1996,7881324.0
71.0,1997,8004295.0
71.0,1998,8836915.0
71.0,1999,9279603.0
71.0,2000,9360135.0
71.0,2001,9372832.0
71.0,2002,10118769.0
71.0,2003,9487531.0
71.0,2004,9701063.0
71.0,2005,10204222.0
71.0,2006,11141685.0
71.0,2007,11407445.0
71.0,2008,12613937.0
71.0,2009,11953082.0
71.0,2010,12811835.0
71.0,2011,12798221.0
71.0,2012,13713027.0
71.0,2013,14150506.0
71.0,2014,14184320.0
71.0,2015,14578488.0
71.0,2016,12635319.0
71.0,2017,11591012.0
72.0,1991,0.0
72.0,1992,0.0
72.0,1993,0.0
72.0,1994,0.0
72.0,1995,0.0
72.0,1996,0.0
72.0,1997,26838.0
72.0,1998,48031.0
72.0,1999,58175.0
72.0,2000,136142.0
72.0,2001,271833.0
72.0,2002,376308.0
72.0,2003,463409.0
72.0,2004,550001.0
72.0,2005,740918.0
72.0,2006,860645.0
72.0,2007,961362.0
72.0,2008,1052630.0
72.0,2009,926076.0
72.0,2010,779606.0
72.0,2011,845177.0
72.0,2012,956591.0
72.0,2013,1003572.0
72.0,2014,959855.0
72.0,2015,868242.0
72.0,2016,1244465.0
72.0,2017,1305009.0
73.0,1991,56587316.0
73.0,1992,58865608.0
73.0,1993,60179954.0
73.0,1994,61476822.0
73.0,1995,62764910.0
73.0,1996,65378977.0
73.0,1997,66342984.0
73.0,1998,59818013.0
73.0,1999,62734296.0
73.0,2000,70041406.0
73.0,2001,70466713.0
73.0,2002,69681281.0
73.0,2003,67107872.0
73.0,2004,71338116.0
73.0,2005,74682795.0
73.0,2006,74022977.0
73.0,2007,73966662.0
73.0,2008,78522347.0
73.0,2009,77222047.0
73.0,2010,76168180.0
73.0,2011,75954767.0
73.0,2012,76716999.0
73.0,2013,76348670.0
73.0,2014,76657870.0
73.0,2015,75502787.0
73.0,2016,73252352.0
73.0,2017,65266321.0
74.0,1991,0.0
74.0,1992,0.0
74.0,1993,0.0
74.0,1994,0.0
74.0,1995,0.0
74.0,1996,0.0
74.0,1997,0.0
74.0,1998,0.0
74.0,1999,0.0
74.0,2000,0.0
74.0,2001,0.0
74.0,2002,0.0
74.0,2003,0.0
74.0,2004,0.0
74.0,2005,0.0
74.0,2006,0.0
74.0,2007,0.0
74.0,2008,0.0
74.0,2009,0.0
74.0,2010,0.0
74.0,2011,0.0
74.0,2012,0.0
74.0,2013,0.0
74.0,2014,0.0
74.0,2015,0.0
74.0,2016,0.0
74.0,2017,0.0
75.0,1991,94005363.0
75.0,1992,89072647.0
75.0,1993,86063401.0
75.0,1994,85134019.0
75.0,1995,86974194.0
75.0,1996,78160177.0
75.0,1997,78997796.0
75.0,1998,81327989.0
75.0,1999,79493649.0
75.0,2000,86947873.0
75.0,2001,83150701.0
75.0,2002,86061330.0
75.0,2003,84238062.0
75.0,2004,86818827.0
75.0,2005,77805773.0
75.0,2006,79879751.0
75.0,2007,80186666.0
75.0,2008,86561232.0
75.0,2009,91805422.0
75.0,2010,73171987.0
75.0,2011,76617093.0
75.0,2012,77865314.0
75.0,2013,72403789.0
75.0,2014,79797243.0
75.0,2015,82900098.0
75.0,2016,79547350.0
75.0,2017,73804198.0
76.0,1991,705341.0
76.0,1992,674748.0
76.0,1993,621088.0
76.0,1994,505052.0
76.0,1995,414164.0
76.0,1996,478544.0
76.0,1997,604380.0
76.0,1998,892014.0
76.0,1999,955512.0
76.0,2000,1066013.0
76.0,2001,1522220.0
76.0,2002,1626306.0
76.0,2003,1902300.0
76.0,2004,2084137.0
76.0,2005,2204902.0
76.0,2006,2224617.0
76.0,2007,2294654.0
76.0,2008,2372249.0
76.0,2009,2431890.0
76.0,2010,2386376.0
76.0,2011,1932153.0
76.0,2012,1582495.0
76.0,2013,1759569.0
76.0,2014,1810986.0
76.0,2015,1667282.0
76.0,2016,4817372.0
76.0,2017,4185997.0
77.0,1991,46578442.0
77.0,1992,42584868.0
77.0,1993,40485809.0
77.0,1994,39912552.0
77.0,1995,38680630.0
77.0,1996,37607202.0
77.0,1997,38427490.0
77.0,1998,39566282.0
77.0,1999,38198287.0
77.0,2000,37535636.0
77.0,2001,36202222.0
77.0,2002,32293126.0
77.0,2003,30601497.0
77.0,2004,30325056.0
77.0,2005,30113778.0
77.0,2006,32467710.0
77.0,2007,31543299.0
77.0,2008,33279904.0
77.0,2009,32653904.0
77.0,2010,24197024.0
77.0,2011,26193836.0
77.0,2012,29120470.0
77.0,2013,29405442.0
77.0,2014,30086501.0
77.0,2015,29426186.0
77.0,2016,27701279.0
77.0,2017,25529305.0
78.0,1991,0.0
78.0,1992,0.0
78.0,1993,913104.0
78.0,1994,1045388.0
78.0,1995,1064360.0
78.0,1996,1082173.0
78.0,1997,1243351.0
78.0,1998,1494507.0
78.0,1999,1695694.0
78.0,2000,1763748.0
78.0,2001,1837119.0
78.0,2002,1812900.0
78.0,2003,1771706.0
78.0,2004,1818718.0
78.0,2005,1885577.0
78.0,2006,2063507.0
78.0,2007,2050494.0
78.0,2008,2105480.0
78.0,2009,2265542.0
78.0,2010,2061241.0
78.0,2011,2153701.0
78.0,2012,2490035.0
78.0,2013,2532600.0
78.0,2014,2643519.0
78.0,2015,2643151.0
78.0,2016,2491870.0
78.0,2017,2244109.0
79.0,1991,6721216.0
79.0,1992,6588942.0
79.0,1993,6739678.0
79.0,1994,7215679.0
79.0,1995,8233529.0
79.0,1996,9765121.0
79.0,1997,10462979.0
79.0,1998,13212383.0
79.0,1999,14629878.0
79.0,2000,14545073.0
79.0,2001,15468055.0
79.0,2002,16643056.0
79.0,2003,16264735.0
79.0,2004,15723351.0
79.0,2005,15038153.0
79.0,2006,14975137.0
79.0,2007,14998838.0
79.0,2008,14377971.0
79.0,2009,15010345.0
79.0,2010,14306566.0
79.0,2011,14585657.0
79.0,2012,15673759.0
79.0,2013,15655099.0
79.0,2014,15119122.0
79.0,2015,13922152.0
79.0,2016,12379517.0
79.0,2017,11220253.0
80.0,1991,4068693.0
80.0,1992,4241077.0
80.0,1993,4639268.0
80.0,1994,5174242.0
80.0,1995,5322161.0
80.0,1996,6058697.0
80.0,1997,6200599.0
80.0,1998,6656824.0
80.0,1999,6960491.0
80.0,2000,6945884.0
80.0,2001,6601976.0
80.0,2002,6878482.0
80.0,2003,6925559.0
80.0,2004,7362203.0
80.0,2005,7139831.0
80.0,2006,6631308.0
80.0,2007,6817408.0
80.0,2008,7101580.0
80.0,2009,7965801.0
80.0,2010,7595621.0
80.0,2011,7762130.0
80.0,2012,8420303.0
80.0,2013,8849812.0
80.0,2014,9161851.0
80.0,2015,9233629.0
80.0,2016,8812145.0
80.0,2017,8315598.0
81.0,1991,0.0
81.0,1992,0.0
81.0,1993,0.0
81.0,1994,0.0
81.0,1995,0.0
81.0,1996,0.0
81.0,1997,0.0
81.0,1998,0.0
81.0,1999,0.0
81.0,2000,0.0
81.0,2001,13560.0
81.0,2002,43381.0
81.0,2003,102777.0
81.0,2004,142062.0
81.0,2005,162423.0
81.0,2006,146983.0
81.0,2007,150937.0
81.0,2008,163159.0
81.0,2009,165505.0
81.0,2010,165104.0
81.0,2011,152568.0
81.0,2012,153783.0
81.0,2013,163054.0
81.0,2014,169745.0
81.0,2015,168303.0
81.0,2016,152728.0
81.0,2017,132469.0
82.0,1991,9859932.0
82.0,1992,10702174.0
82.0,1993,1461828.0
82.0,1994,0.0
82.0,1995,0.0
82.0,1996,0.0
82.0,1997,0.0
82.0,1998,0.0
82.0,1999,0.0
82.0,2000,0.0
82.0,2001,49559750.0
82.0,2002,51379647.0
82.0,2003,47175892.0
82.0,2004,50581166.0
82.0,2005,52810964.0
82.0,2006,59876800.0
82.0,2007,62839475.0
82.0,2008,65196116.0
82.0,2009,66100239.0
82.0,2010,56382288.0
82.0,2011,55476967.0
82.0,2012,59699065.0
82.0,2013,60337002.0
82.0,2014,59730037.0
82.0,2015,65626524.0
82.0,2016,66073485.0
82.0,2017,64229792.0
83.0,1991,0.0
83.0,1992,0.0
83.0,1993,0.0
83.0,1994,0.0
83.0,1995,0.0
83.0,1996,0.0
83.0,1997,0.0
83.0,1998,0.0
83.0,1999,0.0
83.0,2000,0.0
83.0,2001,0.0
83.0,2002,0.0
83.0,2003,0.0
83.0,2004,0.0
83.0,2005,0.0
83.0,2006,0.0
83.0,2007,0.0
83.0,2008,0.0
83.0,2009,0.0
83.0,2010,0.0
83.0,2011,0.0
83.0,2012,0.0
83.0,2013,0.0
83.0,2014,0.0
83.0,2015,0.0
83.0,2016,0.0
83.0,2017,0.0
84.0,1991,51246088.0
84.0,1992,53316365.0
84.0,1993,52484639.0
84.0,1994,54792664.0
84.0,1995,56216974.0
84.0,1996,60696022.0
84.0,1997,60260035.0
84.0,1998,67072805.0
84.0,1999,58926058.0
84.0,2000,61818756.0
84.0,2001,65427872.0
84.0,2002,71120321.0
84.0,2003,66434912.0
84.0,2004,65938456.0
84.0,2005,68764832.0
84.0,2006,65933541.0
84.0,2007,63430058.0
84.0,2008,64114973.0
84.0,2009,68033035.0
84.0,2010,60508249.0
84.0,2011,58248403.0
84.0,2012,59509235.0
84.0,2013,58662016.0
84.0,2014,59749842.0
84.0,2015,62114041.0
84.0,2016,59982440.0
84.0,2017,57837802.0
85.0,1991,0.0
85.0,1992,0.0
85.0,1993,0.0
85.0,1994,0.0
85.0,1995,0.0
85.0,1996,0.0
85.0,1997,0.0
85.0,1998,0.0
85.0,1999,0.0
85.0,2000,0.0
85.0,2001,0.0
85.0,2002,0.0
85.0,2003,0.0
85.0,2004,0.0
85.0,2005,0.0
85.0,2006,0.0
85.0,2007,0.0
85.0,2008,0.0
85.0,2009,0.0
85.0,2010,0.0
85.0,2011,0.0
85.0,2012,0.0
85.0,2013,0.0
85.0,2014,0.0
85.0,2015,0.0
85.0,2016,0.0
85.0,2017,0.0
86.0,1991,3645916.0
86.0,1992,3637600.0
86.0,1993,4255417.0
86.0,1994,4806285.0
86.0,1995,5153190.0
86.0,1996,5985456.0
86.0,1997,6658550.0
86.0,1998,7208587.0
86.0,1999,7750095.0
86.0,2000,6564961.0
86.0,2001,5954946.0
86.0,2002,6215424.0
86.0,2003,6669074.0
86.0,2004,6804572.0
86.0,2005,5614951.0
86.0,2006,5436022.0
86.0,2007,5506506.0
86.0,2008,6984933.0
86.0,2009,6201190.0
86.0,2010,6317040.0
86.0,2011,6723798.0
86.0,2012,6614724.0
86.0,2013,6193249.0
86.0,2014,6061350.0
86.0,2015,5856838.0
86.0,2016,5622099.0
86.0,2017,5726870.0
87.0,1991,0.0
87.0,1992,0.0
87.0,1993,0.0
87.0,1994,0.0
87.0,1995,0.0
87.0,1996,0.0
87.0,1997,0.0
87.0,1998,0.0
87.0,1999,0.0
87.0,2000,0.0
87.0,2001,0.0
87.0,2002,190799.0
87.0,2003,201420.0
87.0,2004,226677.0
87.0,2005,247726.0
87.0,2006,279783.0
87.0,2007,265369.0
87.0,2008,275357.0
87.0,2009,294866.0
87.0,2010,289475.0
87.0,2011,326087.0
87.0,2012,352032.0
87.0,2013,332420.0
87.0,2014,356700.0
87.0,2015,325921.0
87.0,2016,288019.0
87.0,2017,390738.0
88.0,1991,54476299.0
88.0,1992,47471978.0
88.0,1993,42962810.0
88.0,1994,48748558.0
88.0,1995,46577792.0
88.0,1996,50736667.0
88.0,1997,53453162.0
88.0,1998,53430842.0
88.0,1999,55664526.0
88.0,2000,51591504.0
88.0,2001,47100582.0
88.0,2002,45157626.0
88.0,2003,48768342.0
88.0,2004,47631186.0
88.0,2005,54533491.0
88.0,2006,57795954.0
88.0,2007,49195637.0
88.0,2008,45253694.0
88.0,2009,38214394.0
88.0,2010,35895427.0
88.0,2011,37198763.0
88.0,2012,38487169.0
88.0,2013,39180481.0
88.0,2014,39511360.0
88.0,2015,37271970.0
88.0,2016,34766080.0
88.0,2017,30931712.0
89.0,1991,169589.0
89.0,1992,187573.0
89.0,1993,213867.0
89.0,1994,227269.0
89.0,1995,243253.0
89.0,1996,277220.0
89.0,1997,326649.0
89.0,1998,424172.0
89.0,1999,519414.0
89.0,2000,553050.0
89.0,2001,579536.0
89.0,2002,572382.0
89.0,2003,563785.0
89.0,2004,614303.0
89.0,2005,661603.0
89.0,2006,634184.0
89.0,2007,616656.0
89.0,2008,647260.0
89.0,2009,533433.0
89.0,2010,459318.0
89.0,2011,491298.0
89.0,2012,552429.0
89.0,2013,523201.0
89.0,2014,514683.0
89.0,2015,494559.0
89.0,2016,490030.0
89.0,2017,501067.0
90.0,1991,43774585.0
90.0,1992,45621795.0
90.0,1993,43666032.0
90.0,1994,46345082.0
90.0,1995,47306437.0
90.0,1996,37729406.0
90.0,1997,38015032.0
90.0,1998,41059704.0
90.0,1999,44001571.0
90.0,2000,44415308.0
90.0,2001,45952673.0
90.0,2002,44142618.0
90.0,2003,39270650.0
90.0,2004,42213098.0
90.0,2005,39697208.0
90.0,2006,41592568.0
90.0,2007,40569970.0
90.0,2008,47129481.0
90.0,2009,43296328.0
90.0,2010,41323057.0
90.0,2011,44157535.0
90.0,2012,49322843.0
90.0,2013,45484426.0
90.0,2014,42537478.0
90.0,2015,38067079.0
90.0,2016,37773828.0
90.0,2017,35623799.0
91.0,1991,0.0
91.0,1992,0.0
91.0,1993,0.0
91.0,1994,0.0
91.0,1995,0.0
91.0,1996,0.0
91.0,1997,0.0
91.0,1998,0.0
91.0,1999,0.0
91.0,2000,0.0
91.0,2001,0.0
91.0,2002,0.0
91.0,2003,0.0
91.0,2004,0.0
91.0,2005,0.0
91.0,2006,0.0
91.0,2007,0.0
91.0,2008,0.0
91.0,2009,0.0
91.0,2010,0.0
91.0,2011,0.0
91.0,2012,0.0
91.0,2013,0.0
91.0,2014,0.0
91.0,2015,0.0
91.0,2016,0.0
91.0,2017,0.0
92.0,1991,73573385.0
92.0,1992,65632509.0
92.0,1993,67330743.0
92.0,1994,64811124.0
92.0,1995,64357300.0
92.0,1996,64107305.0
92.0,1997,63583194.0
92.0,1998,64646890.0
92.0,1999,65916191.0
92.0,2000,66553980.0
92.0,2001,66022059.0
92.0,2002,65056626.0
92.0,2003,59988122.0
92.0,2004,58297773.0
92.0,2005,59106947.0
92.0,2006,59955660.0
92.0,2007,60310697.0
92.0,2008,57732981.0
92.0,2009,58485434.0
92.0,2010,56367910.0
92.0,2011,54078553.0
92.0,2012,55704706.0
92.0,2013,53088096.0
92.0,2014,53401947.0
92.0,2015,54843567.0
92.0,2016,53671684.0
92.0,2017,53389294.0
93.0,1991,670329.0
93.0,1992,680944.0
93.0,1993,709914.0
93.0,1994,683943.0
93.0,1995,691681.0
93.0,1996,659244.0
93.0,1997,645269.0
93.0,1998,603013.0
93.0,1999,588716.0
93.0,2000,700204.0
93.0,2001,724743.0
93.0,2002,706270.0
93.0,2003,756431.0
93.0,2004,809553.0
93.0,2005,866598.0
93.0,2006,972515.0
93.0,2007,1038283.0
93.0,2008,1161386.0
93.0,2009,1267014.0
93.0,2010,1288285.0
93.0,2011,1389385.0
93.0,2012,1530200.0
93.0,2013,1490803.0
93.0,2014,1442334.0
93.0,2015,1456594.0
93.0,2016,1488323.0
93.0,2017,1408854.0
94.0,1991,16133088.0
94.0,1992,15803875.0
94.0,1993,14519401.0
94.0,1994,15974827.0
94.0,1995,16024587.0
94.0,1996,17147987.0
94.0,1997,18431474.0
94.0,1998,19682218.0
94.0,1999,20085716.0
94.0,2000,19493371.0
94.0,2001,19115291.0
94.0,2002,18068907.0
94.0,2003,19756481.0
94.0,2004,19446782.0
94.0,2005,18929374.0
94.0,2006,16777640.0
94.0,2007,17461487.0
94.0,2008,17465817.0
94.0,2009,17735397.0
94.0,2010,17579268.0
94.0,2011,13617462.0
94.0,2012,13145864.0
94.0,2013,13784179.0
94.0,2014,13657668.0
94.0,2015,13697260.0
94.0,2016,12104565.0
94.0,2017,10218787.0
95.0,1991,642919.0
95.0,1992,654092.0
95.0,1993,570617.0
95.0,1994,609963.0
95.0,1995,640685.0
95.0,1996,639746.0
95.0,1997,873267.0
95.0,1998,1071960.0
95.0,1999,1231543.0
95.0,2000,1481350.0
95.0,2001,1575840.0
95.0,2002,1636731.0
95.0,2003,1575789.0
95.0,2004,1542401.0
95.0,2005,2144892.0
95.0,2006,3023624.0
95.0,2007,3380951.0
95.0,2008,3871376.0
95.0,2009,4434385.0
95.0,2010,3716268.0
95.0,2011,3649263.0
95.0,2012,3895345.0
95.0,2013,4224031.0
95.0,2014,4285280.0
95.0,2015,4113717.0
95.0,2016,3944252.0
95.0,2017,3621016.0
96.0,1991,46101615.0
96.0,1992,43178989.0
96.0,1993,45671972.0
96.0,1994,38876939.0
96.0,1995,39387474.0
96.0,1996,42842711.0
96.0,1997,46180701.0
96.0,1998,46456801.0
96.0,1999,47986418.0
96.0,2000,47654687.0
96.0,2001,48063338.0
96.0,2002,45621606.0
96.0,2003,39774627.0
96.0,2004,33372086.0
96.0,2005,30783734.0
96.0,2006,31674070.0
96.0,2007,32129802.0
96.0,2008,33388223.0
96.0,2009,34778402.0
96.0,2010,32210839.0
96.0,2011,31652434.0
96.0,2012,32338378.0
96.0,2013,32745967.0
96.0,2014,32858645.0
96.0,2015,33040872.0
96.0,2016,32624190.0
96.0,2017,29464079.0
97.0,1991,28672469.0
97.0,1992,27689248.0
97.0,1993,25806479.0
97.0,1994,24989892.0
97.0,1995,23764650.0
97.0,1996,26239055.0
97.0,1997,25996644.0
97.0,1998,28566152.0
97.0,1999,26172056.0
97.0,2000,26400888.0
97.0,2001,24813422.0
97.0,2002,24347719.0
97.0,2003,23872078.0
97.0,2004,23052379.0
97.0,2005,25900339.0
97.0,2006,25294117.0
97.0,2007,25897388.0
97.0,2008,25833969.0
97.0,2009,22886445.0
97.0,2010,18821828.0
97.0,2011,18784769.0
97.0,2012,17390349.0
97.0,2013,16769004.0
97.0,2014,16426147.0
97.0,2015,15964372.0
97.0,2016,15013274.0
97.0,2017,14265533.0
98.0,1991,4514590.0
98.0,1992,4466149.0
98.0,1993,4044986.0
98.0,1994,4044986.0
98.0,1995,4044986.0
98.0,1996,3664395.0
98.0,1997,3669572.0
98.0,1998,3701486.0
98.0,1999,3835418.0
98.0,2000,4563653.0
98.0,2001,4452147.0
98.0,2002,4244921.0
98.0,2003,3786547.0
98.0,2004,3634510.0
98.0,2005,3693986.0
98.0,2006,3542558.0
98.0,2007,3624119.0
98.0,2008,3721413.0
98.0,2009,3757898.0
98.0,2010,3500224.0
98.0,2011,3609996.0
98.0,2012,3641899.0
98.0,2013,3897168.0
98.0,2014,4068224.0
98.0,2015,4083174.0
98.0,2016,4064214.0
98.0,2017,3801439.0
99.0,1991,18085128.0
99.0,1992,15620563.0
99.0,1993,15168966.0
99.0,1994,14676742.0
99.0,1995,14218742.0
99.0,1996,14154140.0
99.0,1997,14336528.0
99.0,1998,14790681.0
99.0,1999,15144916.0
99.0,2000,14738506.0
99.0,2001,15134556.0
99.0,2002,14309125.0
99.0,2003,13116956.0
99.0,2004,12936145.0
99.0,2005,13615226.0
99.0,2006,14283676.0
99.0,2007,14871717.0
99.0,2008,16616600.0
99.0,2009,15004166.0
99.0,2010,14610848.0
99.0,2011,15414499.0
99.0,2012,15988034.0
99.0,2013,15707806.0
99.0,2014,15851447.0
99.0,2015,14966807.0
99.0,2016,13765504.0
99.0,2017,13129186.0
100.0,1991,290955.0
100.0,1992,253402.0
100.0,1993,197104.0
100.0,1994,187452.0
100.0,1995,187452.0
100.0,1996,214045.0
100.0,1997,225360.0
100.0,1998,244940.0
100.0,1999,230360.0
100.0,2000,279622.0
100.0,2001,317160.0
100.0,2002,305167.0
100.0,2003,316799.0
100.0,2004,260483.0
100.0,2005,305779.0
100.0,2006,295540.0
100.0,2007,388395.0
100.0,2008,525006.0
100.0,2009,470195.0
100.0,2010,491014.0
100.0,2011,732818.0
100.0,2012,806043.0
100.0,2013,906296.0
100.0,2014,950231.0
100.0,2015,916441.0
100.0,2016,882990.0
100.0,2017,880262.0
101.0,1991,9641663.0
101.0,1992,9726163.0
101.0,1993,10749669.0
101.0,1994,11936821.0
101.0,1995,13452303.0
101.0,1996,14991269.0
101.0,1997,17115679.0
101.0,1998,18594142.0
101.0,1999,19833211.0
101.0,2000,20735614.0
101.0,2001,21289997.0
101.0,2002,20546821.0
101.0,2003,21894985.0
101.0,2004,22677846.0
101.0,2005,24059369.0
101.0,2006,24624906.0
101.0,2007,25322312.0
101.0,2008,26427067.0
101.0,2009,23747795.0
101.0,2010,24780704.0
101.0,2011,26996158.0
101.0,2012,28184740.0
101.0,2013,28836271.0
101.0,2014,29033819.0
101.0,2015,28509433.0
101.0,2016,26431177.0
101.0,2017,24999275.0
102.0,1991,0.0
102.0,1992,0.0
102.0,1993,0.0
102.0,1994,0.0
102.0,1995,0.0
102.0,1996,0.0
102.0,1997,0.0
102.0,1998,0.0
102.0,1999,0.0
102.0,2000,0.0
102.0,2001,0.0
102.0,2002,0.0
102.0,2003,0.0
102.0,2004,0.0
102.0,2005,0.0
102.0,2006,0.0
102.0,2007,0.0
102.0,2008,0.0
102.0,2009,0.0
102.0,2010,0.0
102.0,2011,0.0
102.0,2012,0.0
102.0,2013,0.0
102.0,2014,0.0
102.0,2015,0.0
102.0,2016,0.0
102.0,2017,0.0
103.0,1991,11628362.0
103.0,1992,11547237.0
103.0,1993,11029417.0
103.0,1994,11326460.0
103.0,1995,10774116.0
103.0,1996,11940098.0
103.0,1997,9526079.0
103.0,1998,10130503.0
103.0,1999,11007364.0
103.0,2000,11462255.0
103.0,2001,10407773.0
103.0,2002,9932424.0
103.0,2003,11015152.0
103.0,2004,8966144.0
103.0,2005,8486044.0
103.0,2006,9694417.0
103.0,2007,9105201.0
103.0,2008,9589851.0
103.0,2009,8199806.0
103.0,2010,8527866.0
103.0,2011,9254935.0
103.0,2012,9981918.0
103.0,2013,10253946.0
103.0,2014,10292609.0
103.0,2015,9666605.0
103.0,2016,9193293.0
103.0,2017,8754767.0
104.0,1991,0.0
104.0,1992,0.0
104.0,1993,0.0
104.0,1994,0.0
104.0,1995,0.0
104.0,1996,0.0
104.0,1997,0.0
104.0,1998,0.0
104.0,1999,0.0
104.0,2000,0.0
104.0,2001,0.0
104.0,2002,0.0
104.0,2003,0.0
104.0,2004,0.0
104.0,2005,0.0
104.0,2006,0.0
104.0,2007,0.0
104.0,2008,0.0
104.0,2009,0.0
104.0,2010,0.0
104.0,2011,0.0
104.0,2012,9455.0
104.0,2013,9119.0
104.0,2014,26340.0
104.0,2015,27909.0
104.0,2016,42838.0
104.0,2017,43284.0
105.0,1991,0.0
105.0,1992,0.0
105.0,1993,0.0
105.0,1994,0.0
105.0,1995,0.0
105.0,1996,0.0
105.0,1997,0.0
105.0,1998,0.0
105.0,1999,0.0
105.0,2000,18221928.0
105.0,2001,15649823.0
105.0,2002,16739440.0
105.0,2003,16605754.0
105.0,2004,19198721.0
105.0,2005,22971500.0
105.0,2006,20467489.0
105.0,2007,23029163.0
105.0,2008,25281147.0
105.0,2009,15194997.0
105.0,2010,15048107.0
105.0,2011,15724596.0
105.0,2012,16166475.0
105.0,2013,16217920.0
105.0,2014,15026924.0
105.0,2015,14218168.0
105.0,2016,13241512.0
105.0,2017,12586719.0
106.0,1991,0.0
106.0,1992,0.0
106.0,1993,0.0
106.0,1994,0.0
106.0,1995,0.0
106.0,1996,0.0
106.0,1997,0.0
106.0,1998,0.0
106.0,1999,0.0
106.0,2000,0.0
106.0,2001,0.0
106.0,2002,0.0
106.0,2003,0.0
106.0,2004,0.0
106.0,2005,0.0
106.0,2006,0.0
106.0,2007,0.0
106.0,2008,0.0
106.0,2009,0.0
106.0,2010,0.0
106.0,2011,0.0
106.0,2012,0.0
106.0,2013,0.0
106.0,2014,0.0
106.0,2015,77631.0
106.0,2016,101616.0
106.0,2017,113084.0
107.0,1991,55944403.0
107.0,1992,57912749.0
107.0,1993,54302136.0
107.0,1994,56019249.0
107.0,1995,56496798.0
107.0,1996,59988056.0
107.0,1997,69285668.0
107.0,1998,71151767.0
107.0,1999,68825977.0
107.0,2000,70547811.0
107.0,2001,70137720.0
107.0,2002,62940205.0
107.0,2003,57112663.0
107.0,2004,53742766.0
107.0,2005,50434805.0
107.0,2006,47905017.0
107.0,2007,45484084.0
107.0,2008,50689603.0
107.0,2009,46767776.0
107.0,2010,42190927.0
107.0,2011,44011757.0
107.0,2012,45217284.0
107.0,2013,42136343.0
107.0,2014,41014263.0
107.0,2015,39313139.0
107.0,2016,40256308.0
107.0,2017,34606043.0
108.0,1991,533917.0
108.0,1992,572953.0
108.0,1993,588238.0
108.0,1994,628134.0
108.0,1995,698366.0
108.0,1996,665966.0
108.0,1997,727478.0
108.0,1998,720527.0
108.0,1999,699758.0
108.0,2000,739367.0
108.0,2001,860106.0
108.0,2002,903557.0
108.0,2003,1448777.0
108.0,2004,1400059.0
108.0,2005,1440078.0
108.0,2006,1532467.0
108.0,2007,1584449.0
108.0,2008,1651101.0
108.0,2009,1430430.0
108.0,2010,1404489.0
108.0,2011,1473952.0
108.0,2012,1495278.0
108.0,2013,1420754.0
108.0,2014,1354025.0
108.0,2015,1297713.0
108.0,2016,1248418.0
108.0,2017,1193296.0
109.0,1991,17538350.0
109.0,1992,18068524.0
109.0,1993,16606796.0
109.0,1994,18023895.0
109.0,1995,17532795.0
109.0,1996,17553264.0
109.0,1997,17762583.0
109.0,1998,18326115.0
109.0,1999,18790187.0
109.0,2000,18727260.0
109.0,2001,18388361.0
109.0,2002,16193336.0
109.0,2003,15626090.0
109.0,2004,14543962.0
109.0,2005,14625379.0
109.0,2006,14841320.0
109.0,2007,14787666.0
109.0,2008,16445821.0
109.0,2009,17208787.0
109.0,2010,17034878.0
109.0,2011,18764047.0
109.0,2012,18423352.0
109.0,2013,18472039.0
109.0,2014,19041382.0
109.0,2015,18920014.0
109.0,2016,18549436.0
109.0,2017,18401546.0
110.0,1991,0.0
110.0,1992,0.0
110.0,1993,0.0
110.0,1994,0.0
110.0,1995,0.0
110.0,1996,0.0
110.0,1997,0.0
110.0,1998,0.0
110.0,1999,0.0
110.0,2000,0.0
110.0,2001,0.0
110.0,2002,0.0
110.0,2003,0.0
110.0,2004,0.0
110.0,2005,0.0
110.0,2006,0.0
110.0,2007,0.0
110.0,2008,0.0
110.0,2009,0.0
110.0,2010,0.0
110.0,2011,0.0
110.0,2012,22276.0
110.0,2013,37341.0
110.0,2014,56506.0
110.0,2015,66846.0
110.0,2016,66458.0
110.0,2017,61676.0
111.0,1991,26746105.0
111.0,1992,25193727.0
111.0,1993,25503355.0
111.0,1994,25860862.0
111.0,1995,27323987.0
111.0,1996,0.0
111.0,1997,32043442.0
111.0,1998,29514261.0
111.0,1999,35727203.0
111.0,2000,37506289.0
111.0,2001,33360027.0
111.0,2002,34922431.0
111.0,2003,36593267.0
111.0,2004,35062631.0
111.0,2005,32476217.0
111.0,2006,34464085.0
111.0,2007,33040661.0
111.0,2008,36339090.0
111.0,2009,38417485.0
111.0,2010,34814353.0
111.0,2011,33486970.0
111.0,2012,34148030.0
111.0,2013,34735484.0
111.0,2014,32547731.0
111.0,2015,32846628.0
111.0,2016,29127540.0
111.0,2017,27824443.0
112.0,1991,0.0
112.0,1992,0.0
112.0,1993,0.0
112.0,1994,0.0
112.0,1995,0.0
112.0,1996,0.0
112.0,1997,0.0
112.0,1998,0.0
112.0,1999,0.0
112.0,2000,0.0
112.0,2001,0.0
112.0,2002,0.0
112.0,2003,0.0
112.0,2004,0.0
112.0,2005,0.0
112.0,2006,0.0
112.0,2007,0.0
112.0,2008,0.0
112.0,2009,0.0
112.0,2010,0.0
112.0,2011,0.0
112.0,2012,0.0
112.0,2013,0.0
112.0,2014,0.0
112.0,2015,0.0
112.0,2016,0.0
112.0,2017,6199.0
113.0,1991,11127876.0
113.0,1992,10706644.0
113.0,1993,10999851.0
113.0,1994,11870727.0
113.0,1995,11797948.0
113.0,1996,11512975.0
113.0,1997,11438375.0
113.0,1998,11630697.0
113.0,1999,12849443.0
113.0,2000,12941217.0
113.0,2001,14900895.0
113.0,2002,16028262.0
113.0,2003,18389837.0
113.0,2004,18423504.0
113.0,2005,16982353.0
113.0,2006,20407190.0
113.0,2007,19851092.0
113.0,2008,19896809.0
113.0,2009,21539450.0
113.0,2010,20361037.0
113.0,2011,21767980.0
113.0,2012,22870411.0
113.0,2013,23298345.0
113.0,2014,23887182.0
113.0,2015,21654522.0
113.0,2016,20355032.0
113.0,2017,19352855.0
114.0,1991,0.0
114.0,1992,0.0
114.0,1993,0.0
114.0,1994,0.0
114.0,1995,0.0
114.0,1996,0.0
114.0,1997,0.0
114.0,1998,0.0
114.0,1999,0.0
114.0,2000,0.0
114.0,2001,0.0
114.0,2002,0.0
114.0,2003,0.0
114.0,2004,0.0
114.0,2005,0.0
114.0,2006,0.0
114.0,2007,7561.0
114.0,2008,8257.0
114.0,2009,20032.0
114.0,2010,18708.0
114.0,2011,13954.0
114.0,2012,7704.0
114.0,2013,1857.0
114.0,2014,5877.0
114.0,2015,7202.0
114.0,2016,7611.0
114.0,2017,39848.0
115.0,1991,16255089.0
115.0,1992,14371351.0
115.0,1993,14442057.0
115.0,1994,14432662.0
115.0,1995,14903166.0
115.0,1996,14691908.4
115.0,1997,15600628.0
115.0,1998,13923624.0
115.0,1999,15084468.0
115.0,2000,15931860.0
115.0,2001,14220775.0
115.0,2002,14092820.0
115.0,2003,16265825.0
115.0,2004,16439168.0
115.0,2005,18612675.0
115.0,2006,19382981.0
115.0,2007,20621005.0
115.0,2008,21061741.0
115.0,2009,19819547.0
115.0,2010,19543988.0
115.0,2011,19463820.0
115.0,2012,19762912.0
115.0,2013,19785010.0
115.0,2014,19780040.0
115.0,2015,18074129.0
115.0,2016,17813105.0
115.0,2017,16239062.0
116.0,1991,619748.0
116.0,1992,627637.0
116.0,1993,827544.0
116.0,1994,976889.0
116.0,1995,1153842.0
116.0,1996,1110752.0
116.0,1997,1134515.0
116.0,1998,1018440.0
116.0,1999,931302.0
116.0,2000,921342.0
116.0,2001,919909.0
116.0,2002,827803.0
116.0,2003,738169.0
116.0,2004,746201.0
116.0,2005,695352.0
116.0,2006,677624.0
116.0,2007,717823.0
116.0,2008,746342.0
116.0,2009,707463.0
116.0,2010,754517.0
116.0,2011,837106.0
116.0,2012,908908.0
116.0,2013,934981.0
116.0,2014,937971.0
116.0,2015,904686.0
116.0,2016,852744.0
116.0,2017,764345.0
117.0,1991,9403987.0
117.0,1992,9585118.0
117.0,1993,9621911.0
117.0,1994,9356736.0
117.0,1995,8845376.0
117.0,1996,8366290.0
117.0,1997,8482710.0
117.0,1998,8491986.0
117.0,1999,8429728.0
117.0,2000,8173304.0
117.0,2001,8011375.0
117.0,2002,8024989.0
117.0,2003,8484871.0
117.0,2004,8934824.0
117.0,2005,9765763.0
117.0,2006,10489396.0
117.0,2007,10171201.0
117.0,2008,10290987.0
117.0,2009,10253890.0
117.0,2010,10757456.0
117.0,2011,11752473.0
117.0,2012,11500899.0
117.0,2013,11220230.0
117.0,2014,11037817.0
117.0,2015,11634258.0
117.0,2016,11508138.0
117.0,2017,10794798.0
118.0,1991,0.0
118.0,1992,0.0
118.0,1993,0.0
118.0,1994,0.0
118.0,1995,0.0
118.0,1996,0.0
118.0,1997,0.0
118.0,1998,0.0
118.0,1999,0.0
118.0,2000,0.0
118.0,2001,0.0
118.0,2002,0.0
118.0,2003,0.0
118.0,2004,0.0
118.0,2005,0.0
118.0,2006,0.0
118.0,2007,0.0
118.0,2008,72401.0
118.0,2009,5787.0
118.0,2010,24398.0
118.0,2011,38454.0
118.0,2012,48530.0
118.0,2013,50805.0
118.0,2014,59584.0
118.0,2015,54362.0
118.0,2016,51887.0
118.0,2017,42842.0
119.0,1991,13425306.0
119.0,1992,13183777.0
119.0,1993,12652539.0
119.0,1994,12115265.0
119.0,1995,13879445.0
119.0,1996,11255111.0
119.0,1997,11561397.0
119.0,1998,10592874.0
119.0,1999,10491618.0
119.0,2000,10395874.0
119.0,2001,10668459.0
119.0,2002,10675294.0
119.0,2003,10692573.0
119.0,2004,11452178.0
119.0,2005,10882883.0
119.0,2006,10519005.0
119.0,2007,10452407.0
119.0,2008,10245458.0
119.0,2009,10358212.0
119.0,2010,10114033.0
119.0,2011,9287206.0
119.0,2012,8404564.0
119.0,2013,8739627.0
119.0,2014,8007888.0
119.0,2015,7864427.0
119.0,2016,7556637.0
119.0,2017,7040046.0
120.0,1991,0.0
120.0,1992,0.0
120.0,1993,0.0
120.0,1994,0.0
120.0,1995,0.0
120.0,1996,0.0
120.0,1997,0.0
120.0,1998,0.0
120.0,1999,0.0
120.0,2000,0.0
120.0,2001,0.0
120.0,2002,0.0
120.0,2003,0.0
120.0,2004,0.0
120.0,2005,0.0
120.0,2006,0.0
120.0,2007,0.0
120.0,2008,0.0
120.0,2009,0.0
120.0,2010,0.0
120.0,2011,0.0
120.0,2012,0.0
120.0,2013,0.0
120.0,2014,0.0
120.0,2015,0.0
120.0,2016,0.0
120.0,2017,0.0
121.0,1991,24300275.0
121.0,1992,27038915.0
121.0,1993,24806901.0
121.0,1994,24343063.0
121.0,1995,24492416.0
121.0,1996,23838374.0
121.0,1997,24294763.0
121.0,1998,24044494.0
121.0,1999,22342518.0
121.0,2000,17745156.0
121.0,2001,19018591.0
121.0,2002,17547836.0
121.0,2003,20665353.0
121.0,2004,15265982.0
121.0,2005,22364690.0
121.0,2006,21598392.0
121.0,2007,23279164.0
121.0,2008,23395624.0
121.0,2009,20657019.0
121.0,2010,21716864.0
121.0,2011,21560358.0
121.0,2012,21198533.0
121.0,2013,19695711.0
121.0,2014,20165174.0
121.0,2015,20560068.0
121.0,2016,20033242.0
121.0,2017,19749855.0
122.0,1991,22665913.0
122.0,1992,24700229.0
122.0,1993,21915576.0
122.0,1994,24911939.0
122.0,1995,19541333.0
122.0,1996,17591265.0
122.0,1997,16014201.0
122.0,1998,16511619.0
122.0,1999,16996108.0
122.0,2000,15545827.0
122.0,2001,16162711.0
122.0,2002,14647560.0
122.0,2003,12900738.0
122.0,2004,15171361.0
122.0,2005,15038337.0
122.0,2006,14669924.0
122.0,2007,15287627.0
122.0,2008,15175774.0
122.0,2009,15520760.0
122.0,2010,15788409.0
122.0,2011,14681187.0
122.0,2012,16718127.0
122.0,2013,16381133.0
122.0,2014,14517798.0
122.0,2015,14130368.0
122.0,2016,13519677.0
122.0,2017,12488562.0
123.0,1991,0.0
123.0,1992,0.0
123.0,1993,0.0
123.0,1994,0.0
123.0,1995,0.0
123.0,1996,0.0
123.0,1997,0.0
123.0,1998,0.0
123.0,1999,0.0
123.0,2000,0.0
123.0,2001,0.0
123.0,2002,0.0
123.0,2003,0.0
123.0,2004,0.0
123.0,2005,0.0
123.0,2006,0.0
123.0,2007,0.0
123.0,2008,0.0
123.0,2009,0.0
123.0,2010,0.0
123.0,2011,0.0
123.0,2012,0.0
123.0,2013,0.0
123.0,2014,24048.0
123.0,2015,19050.0
123.0,2016,15894.0
123.0,2017,16198.0
124.0,1991,7941008.0
124.0,1992,8162197.0
124.0,1993,6358466.0
124.0,1994,6938847.0
124.0,1995,6603406.0
124.0,1996,7762912.0
124.0,1997,6789048.0
124.0,1998,5745585.0
124.0,1999,6919522.0
124.0,2000,6826879.0
124.0,2001,7002312.0
124.0,2002,6966103.0
124.0,2003,6567316.0
124.0,2004,6268926.0
124.0,2005,7372388.0
124.0,2006,7708840.0
124.0,2007,8644456.0
124.0,2008,9701697.0
124.0,2009,10236540.0
124.0,2010,8623771.0
124.0,2011,8202260.0
124.0,2012,9273784.0
124.0,2013,9489110.0
124.0,2014,9213344.0
124.0,2015,9702716.0
124.0,2016,9474394.0
124.0,2017,9187675.0
125.0,1991,0.0
125.0,1992,0.0
125.0,1993,0.0
125.0,1994,0.0
125.0,1995,0.0
125.0,1996,0.0
125.0,1997,0.0
125.0,1998,0.0
125.0,1999,0.0
125.0,2000,0.0
125.0,2001,0.0
125.0,2002,0.0
125.0,2003,0.0
125.0,2004,0.0
125.0,2005,0.0
125.0,2006,0.0
125.0,2007,0.0
125.0,2008,0.0
125.0,2009,23114.0
125.0,2010,43407.0
125.0,2011,106262.0
125.0,2012,151504.0
125.0,2013,206557.0
125.0,2014,247861.0
125.0,2015,261225.0
125.0,2016,240088.0
125.0,2017,244400.0
126.0,1991,21583428.0
126.0,1992,21712408.0
126.0,1993,18724993.0
126.0,1994,15856699.0
126.0,1995,14070771.0
126.0,1996,15617782.0
126.0,1997,15617740.0
126.0,1998,15624112.0
126.0,1999,13240418.0
126.0,2000,13543384.0
126.0,2001,15140321.0
126.0,2002,13664384.0
126.0,2003,11843548.0
126.0,2004,11345661.0
126.0,2005,12415055.0
126.0,2006,13449342.0
126.0,2007,14724023.0
126.0,2008,13595343.0
126.0,2009,13232881.0
126.0,2010,13583303.0
126.0,2011,12191071.0
126.0,2012,9352988.0
126.0,2013,8032266.0
126.0,2014,8476693.0
126.0,2015,8340232.0
126.0,2016,8654143.0
126.0,2017,7945344.0
127.0,1991,1045208.0
127.0,1992,960354.0
127.0,1993,904080.0
127.0,1994,928270.0
127.0,1995,959525.0
127.0,1996,919800.0
127.0,1997,687297.0
127.0,1998,632450.0
127.0,1999,633938.0
127.0,2000,513106.0
127.0,2001,715262.0
127.0,2002,493106.0
127.0,2003,475672.0
127.0,2004,463023.0
127.0,2005,464797.0
127.0,2006,491404.0
127.0,2007,558481.0
127.0,2008,591887.0
127.0,2009,609022.0
127.0,2010,575162.0
127.0,2011,585641.0
127.0,2012,656155.0
127.0,2013,579156.0
127.0,2014,416269.0
127.0,2015,399117.0
127.0,2016,487768.0
127.0,2017,521693.0
128.0,1991,23789863.0
128.0,1992,23024362.0
128.0,1993,23101063.0
128.0,1994,22369435.0
128.0,1995,21436326.0
128.0,1996,20484881.0
128.0,1997,19186273.0
128.0,1998,19765737.0
128.0,1999,20535766.0
128.0,2000,22346752.0
128.0,2001,19822429.0
128.0,2002,18661006.0
128.0,2003,18142026.0
128.0,2004,17590498.0
128.0,2005,18057230.0
128.0,2006,18042628.0
128.0,2007,18207585.0
128.0,2008,20387141.0
128.0,2009,21399200.0
128.0,2010,20446161.0
128.0,2011,21229706.0
128.0,2012,23490112.0
128.0,2013,23270057.0
128.0,2014,21602392.0
128.0,2015,21714180.0
128.0,2016,22680510.0
128.0,2017,21602535.0
129.0,1991,19385420.0
129.0,1992,18788498.0
129.0,1993,18479404.0
129.0,1994,17891980.0
129.0,1995,18740193.0
129.0,1996,15167944.0
129.0,1997,15250838.0
129.0,1998,16816826.0
129.0,1999,17472822.0
129.0,2000,17701954.0
129.0,2001,16846899.0
129.0,2002,17166448.0
129.0,2003,13549511.0
129.0,2004,12789638.0
129.0,2005,12508700.0
129.0,2006,12974403.0
129.0,2007,12718250.0
129.0,2008,13831689.0
129.0,2009,13578441.0
129.0,2010,13443001.0
129.0,2011,13896882.0
129.0,2012,14698648.0
129.0,2013,14429543.0
129.0,2014,14621291.0
129.0,2015,14868818.0
129.0,2016,15976850.0
129.0,2017,15431157.0
130.0,1991,874159.0
130.0,1992,1834069.0
130.0,1993,1843856.0
130.0,1994,1305116.0
130.0,1995,967078.0
130.0,1996,556563.0
130.0,1997,695856.0
130.0,1998,485306.0
130.0,1999,620458.0
130.0,2000,613380.0
130.0,2001,595292.0
130.0,2002,514757.0
130.0,2003,537983.0
130.0,2004,528758.0
130.0,2005,542124.0
130.0,2006,832958.0
130.0,2007,1453656.0
130.0,2008,871067.0
130.0,2009,893991.0
130.0,2010,763559.0
130.0,2011,1255909.0
130.0,2012,1765110.0
130.0,2013,1796869.0
130.0,2014,1862831.0
130.0,2015,1755176.0
130.0,2016,1696091.0
130.0,2017,1637001.0
131.0,1991,62446231.0
131.0,1992,60949631.0
131.0,1993,56101398.0
131.0,1994,61322329.0
131.0,1995,63482259.0
131.0,1996,55165111.0
131.0,1997,51101091.0
131.0,1998,55855580.0
131.0,1999,54265270.0
131.0,2000,50649344.0
131.0,2001,49060052.0
131.0,2002,48297526.0
131.0,2003,46658612.0
131.0,2004,38202444.0
131.0,2005,0.0
131.0,2006,6372721.0
131.0,2007,7262749.0
131.0,2008,7948227.0
131.0,2009,9988466.0
131.0,2010,9096536.0
131.0,2011,11466445.0
131.0,2012,16388042.0
131.0,2013,12915657.0
131.0,2014,11321890.0
131.0,2015,11150026.0
131.0,2016,10371236.0
131.0,2017,10502170.0
132.0,1991,0.0
132.0,1992,0.0
132.0,1993,0.0
132.0,1994,0.0
132.0,1995,0.0
132.0,1996,0.0
132.0,1997,0.0
132.0,1998,0.0
132.0,1999,3932141.0
132.0,2000,3650037.0
132.0,2001,3620240.0
132.0,2002,3991961.0
132.0,2003,4113859.0
132.0,2004,4192084.0
132.0,2005,3058393.0
132.0,2006,2237344.0
132.0,2007,1943315.0
132.0,2008,2045281.0
132.0,2009,1981986.0
132.0,2010,1911928.0
132.0,2011,1979917.0
132.0,2012,2076395.0
132.0,2013,2202965.0
132.0,2014,2193241.0
132.0,2015,2174871.0
132.0,2016,2106447.0
132.0,2017,2045636.0
133.0,1991,3575454.0
133.0,1992,3814368.0
133.0,1993,3868307.0
133.0,1994,3590451.0
133.0,1995,3426414.0
133.0,1996,3299320.0
133.0,1997,3250425.0
133.0,1998,3300157.0
133.0,1999,4264782.0
133.0,2000,4283124.0
133.0,2001,3256872.0
133.0,2002,3112405.0
133.0,2003,3098320.0
133.0,2004,3409919.0
133.0,2005,3546761.0
133.0,2006,3937310.0
133.0,2007,4092639.0
133.0,2008,4567679.0
133.0,2009,5019646.0
133.0,2010,5236722.0
133.0,2011,5777326.0
133.0,2012,6441622.0
133.0,2013,6393835.0
133.0,2014,6186694.0
133.0,2015,5667736.0
133.0,2016,5372061.0
133.0,2017,4715776.0
134.0,1991,0.0
134.0,1992,0.0
134.0,1993,0.0
134.0,1994,0.0
134.0,1995,0.0
134.0,1996,0.0
134.0,1997,0.0
134.0,1998,0.0
134.0,1999,0.0
134.0,2000,0.0
134.0,2001,0.0
134.0,2002,0.0
134.0,2003,0.0
134.0,2004,0.0
134.0,2005,1767209.0
134.0,2006,1793209.0
134.0,2007,2392475.0
134.0,2008,1951620.0
134.0,2009,2162414.0
134.0,2010,2402598.0
134.0,2011,2617040.0
134.0,2012,2944732.0
134.0,2013,3163750.0
134.0,2014,3219266.0
134.0,2015,3427746.0
134.0,2016,3470342.0
134.0,2017,3513361.0
135.0,1991,4048222.0
135.0,1992,4645111.0
135.0,1993,4770625.0
135.0,1994,3981721.0
135.0,1995,3674008.0
135.0,1996,3324046.0
135.0,1997,3324095.0
135.0,1998,3849612.0
135.0,1999,4331380.0
135.0,2000,4331245.0
135.0,2001,5540128.0
135.0,2002,5840646.0
135.0,2003,3959551.0
135.0,2004,3821454.0
135.0,2005,2607690.0
135.0,2006,2841449.0
135.0,2007,2778173.0
135.0,2008,2519526.0
135.0,2009,2684087.0
135.0,2010,2747678.0
135.0,2011,2713045.0
135.0,2012,2839179.0
135.0,2013,2847559.0
135.0,2014,2858895.0
135.0,2015,3100993.0
135.0,2016,3193729.0
135.0,2017,3129122.0
136.0,1991,0.0
136.0,1992,0.0
136.0,1993,0.0
136.0,1994,0.0
136.0,1995,0.0
136.0,1996,0.0
136.0,1997,0.0
136.0,1998,0.0
136.0,1999,0.0
136.0,2000,0.0
136.0,2001,0.0
136.0,2002,0.0
136.0,2003,0.0
136.0,2004,0.0
136.0,2005,0.0
136.0,2006,0.0
136.0,2007,0.0
136.0,2008,0.0
136.0,2009,0.0
136.0,2010,0.0
136.0,2011,0.0
136.0,2012,226266.0
136.0,2013,256547.0
136.0,2014,268610.0
136.0,2015,282639.0
136.0,2016,265514.0
136.0,2017,240204.0
137.0,1991,18457037.0
137.0,1992,16416332.0
137.0,1993,18180511.0
137.0,1994,17299305.0
137.0,1995,15893258.0
137.0,1996,17627842.0
137.0,1997,17287034.0
137.0,1998,15739805.0
137.0,1999,17218782.0
137.0,2000,17991935.0
137.0,2001,15570060.0
137.0,2002,15245374.0
137.0,2003,16582715.0
137.0,2004,16510993.0
137.0,2005,16236219.0
137.0,2006,17386429.0
137.0,2007,17765650.0
137.0,2008,18407317.0
137.0,2009,21575374.0
137.0,2010,20383630.0
137.0,2011,19702472.0
137.0,2012,19943953.0
137.0,2013,20328265.0
137.0,2014,19713449.0
137.0,2015,19657931.0
137.0,2016,15743501.0
137.0,2017,16388315.0
138.0,1991,0.0
138.0,1992,0.0
138.0,1993,0.0
138.0,1994,0.0
138.0,1995,0.0
138.0,1996,0.0
138.0,1997,0.0
138.0,1998,0.0
138.0,1999,0.0
138.0,2000,0.0
138.0,2001,0.0
138.0,2002,0.0
138.0,2003,0.0
138.0,2004,0.0
138.0,2005,0.0
138.0,2006,0.0
138.0,2007,0.0
138.0,2008,0.0
138.0,2009,0.0
138.0,2010,0.0
138.0,2011,0.0
138.0,2012,0.0
138.0,2013,0.0
138.0,2014,0.0
138.0,2015,0.0
138.0,2016,0.0
138.0,2017,0.0
139.0,1991,72815706.0
139.0,1992,72985610.0
139.0,1993,76306576.0
139.0,1994,77671403.0
139.0,1995,72959750.0
139.0,1996,69079287.0
139.0,1997,68634884.0
139.0,1998,71822553.0
139.0,1999,66236147.0
139.0,2000,66602820.0
139.0,2001,70384025.0
139.0,2002,73524474.0
139.0,2003,69100627.0
139.0,2004,61297980.0
139.0,2005,67406827.0
139.0,2006,70384355.0
139.0,2007,71749456.0
139.0,2008,69759895.0
139.0,2009,77329670.0
139.0,2010,73158620.0
139.0,2011,73765232.0
139.0,2012,76296597.0
139.0,2013,69242214.0
139.0,2014,66285449.0
139.0,2015,69327213.0
139.0,2016,68314175.0
139.0,2017,65276018.0
140.0,1991,6048936.0
140.0,1992,6348066.0
140.0,1993,5899090.0
140.0,1994,5282509.0
140.0,1995,5686128.0
140.0,1996,2950668.0
140.0,1997,0.0
140.0,1998,406738.0
140.0,1999,2550784.0
140.0,2000,2640505.0
140.0,2001,2661980.0
140.0,2002,2878464.0
140.0,2003,3630617.0
140.0,2004,4034627.0
140.0,2005,3686392.0
140.0,2006,3541683.0
140.0,2007,3124269.0
140.0,2008,3083764.0
140.0,2009,2805110.0
140.0,2010,2446464.0
140.0,2011,2430135.0
140.0,2012,2734046.0
140.0,2013,3144561.0
140.0,2014,3227622.0
140.0,2015,3149944.0
140.0,2016,2981571.0
140.0,2017,2697933.0
141.0,1991,0.0
141.0,1992,0.0
141.0,1993,0.0
141.0,1994,0.0
141.0,1995,0.0
141.0,1996,0.0
141.0,1997,0.0
141.0,1998,0.0
141.0,1999,0.0
141.0,2000,0.0
141.0,2001,0.0
141.0,2002,0.0
141.0,2003,0.0
141.0,2004,0.0
141.0,2005,0.0
141.0,2006,0.0
141.0,2007,0.0
141.0,2008,0.0
141.0,2009,0.0
141.0,2010,0.0
141.0,2011,0.0
141.0,2012,0.0
141.0,2013,0.0
141.0,2014,0.0
141.0,2015,0.0
141.0,2016,0.0
141.0,2017,0.0
142.0,1991,14769377.0
142.0,1992,14804172.0
142.0,1993,14278454.0
142.0,1994,13657726.0
142.0,1995,13607538.0
142.0,1996,12810786.0
142.0,1997,13060085.0
142.0,1998,13476690.0
142.0,1999,12922692.0
142.0,2000,13036657.0
142.0,2001,12154036.0
142.0,2002,12517422.0
142.0,2003,13434312.0
142.0,2004,12648335.0
142.0,2005,12928234.0
142.0,2006,12415288.0
142.0,2007,12006539.0
142.0,2008,17473578.0
142.0,2009,16918131.0
142.0,2010,17058925.0
142.0,2011,17506956.0
142.0,2012,22547758.0
142.0,2013,19975013.0
142.0,2014,17194927.0
142.0,2015,17107040.0
142.0,2016,16561701.0
142.0,2017,15774702.0
143.0,1991,3242163.0
143.0,1992,3242163.0
143.0,1993,2884861.0
143.0,1994,2902816.0
143.0,1995,2896197.0
143.0,1996,2639940.0
143.0,1997,2639940.0
143.0,1998,2645369.0
143.0,1999,3016895.0
143.0,2000,3086690.0
143.0,2001,3004543.0
143.0,2002,2836180.0
143.0,2003,2840421.0
143.0,2004,2850504.0
143.0,2005,2281375.0
143.0,2006,2451742.0
143.0,2007,2351145.0
143.0,2008,2543514.0
143.0,2009,2688967.0
143.0,2010,2523860.0
143.0,2011,2476428.0
143.0,2012,2797563.0
143.0,2013,2995606.0
143.0,2014,3132104.0
143.0,2015,2986736.0
143.0,2016,2906433.0
143.0,2017,2807351.0
144.0,1991,3637987.0
144.0,1992,3470199.0
144.0,1993,3728068.0
144.0,1994,3338307.0
144.0,1995,3111975.0
144.0,1996,3299177.0
144.0,1997,3460449.0
144.0,1998,3581328.0
144.0,1999,3903756.0
144.0,2000,4240994.0
144.0,2001,4777960.0
144.0,2002,5208455.0
144.0,2003,5427949.0
144.0,2004,5273942.0
144.0,2005,6069439.0
144.0,2006,7048057.0
144.0,2007,7745112.0
144.0,2008,8619972.0
144.0,2009,8865687.0
144.0,2010,9307111.0
144.0,2011,10314137.0
144.0,2012,11473737.0
144.0,2013,12039079.0
144.0,2014,12065266.0
144.0,2015,11519913.0
144.0,2016,11034704.0
144.0,2017,10577804.0
