GEOID,year,pop,density,foreign_pct,white_pct,black_pct,asian_pct,latino_pct,over75_pct,income,no_vehicle_pct,drive_pct,transit_pct
12060,2010,5125113,227.8699147899548,0.13450649771039194,0.5205924240109437,0.31959041683568734,0.046978476377008666,0.09819334715156525,0.03519824831179332,57550,0.06146738370610064,0.7752200749385917,0.03364366135140826
12060,2011,5213854,231.815467621351,0.13487163238556354,0.5135709592175002,0.32195531367007973,0.04784982471699438,0.1013027982755175,0.035603413520977,57783,0.06105518546107095,0.7753773478336774,0.03270710742783203
12060,2012,5291701,235.27665750275528,0.1348566368356791,0.5078365160843366,0.3243841630507846,0.04890072209295272,0.10316531489590965,0.03611031689054238,57470,0.06156644983758857,0.7759253598132029,0.031944101817240056
12060,2013,5379176,239.1659221484814,0.13403223839487682,0.5034191110311319,0.32603078984587974,0.04992307371984111,0.10373057137375687,0.036908440995423834,56605,0.061600005423499714,0.778531480363924,0.031195011223599755
12060,2014,5455053,242.5395229889931,0.13332317761165657,0.4987190775231698,0.32890697853898027,0.05150912374270241,0.1043993523069345,0.03775325372640743,56618,0.062409419962484954,0.7785906529451077,0.03088521823053269
12060,2015,5535837,246.13129612577893,0.13421728277042838,0.4939094124339282,0.330830008181238,0.05306713329890313,0.10451427670287257,0.03863245973463453,57000,0.061821519551844,0.7798633698178657,0.030284390571966822
12060,2016,5612777,249.55215947921894,0.134250122532928,0.4882663252076468,0.3346065592842901,0.054551427929525796,0.10418692921525298,0.03972525543060058,59183,0.061786306918730854,0.7789095607926644,0.03017431047105307
12420,2010,1627571,148.85375603117538,0.1447506744713441,0.5542301994813129,0.0747727748896976,0.0477877770002046,0.30637188792378334,0.03372940412430548,57561,0.05091658562782124,0.7514174742655679,0.026094647311020642
12420,2011,1681167,153.75551817135045,0.14480120059458698,0.5494831863818407,0.07451371577005735,0.048193308576720814,0.31054440159722385,0.03378962351747328,59476,0.05082740462015961,0.7490550658525938,0.02601097602381175
12420,2012,1731777,158.38418788390848,0.14599281547219994,0.5460345067523128,0.07445127172840384,0.04888389209465191,0.3135438338769946,0.03401130746048712,59646,0.05073471804963511,0.7503990600304012,0.025656414796211037
12420,2013,1782032,162.9803901444223,0.14591657164405578,0.5431636468929851,0.07334380078472216,0.04933525323899907,0.31548142794293255,0.03436806970918592,60830,0.048942311769659005,0.7591398260236448,0.024314442823980962
12420,2014,1835016,167.82618022642535,0.1469447677840411,0.5393315371637086,0.073011897443946,0.0504148192713306,0.31740813159122316,0.03502094804622957,61900,0.04861544945029018,0.7601643381792027,0.024082953728122754
12420,2015,1889094,172.77202493529145,0.1475680934882012,0.5360564376362426,0.07338597232324066,0.051577634569799066,0.3187130973895423,0.0353312222684525,63437,0.047857323170041696,0.7634372655133241,0.024129857935133912
12420,2016,1942615,177.66692775461212,0.1462724214525266,0.5334932552255593,0.0731498521323062,0.05301771066320398,0.31942150142977377,0.03612501705175755,66093,0.04607926171207791,0.7651958520593316,0.023492387359787672
12580,2010,2683160,398.22911456514726,0.08657254878576007,0.6099699607924984,0.2851656256056292,0.042854693719345846,0.041239061405208784,0.05878218220307399,66195,0.11184364948807975,0.7610135303514498,0.0626768175231799
12580,2011,2697421,400.3457029917836,0.0892311582063015,0.6043176055943807,0.28628679023407916,0.04451622494226893,0.04361202793334819,0.058855847863570426,67891,0.11243759453888537,0.76187058566668,0.06272706737550343
12580,2012,2715650,403.0512138556188,0.09141200081011912,0.599582420415002,0.28713899066521825,0.045975365013900905,0.04554821129379707,0.05893101099184357,68616,0.11395470777195608,0.7631600451306503,0.06278708003943309
12580,2013,2734044,405.7812136816863,0.09244620788838805,0.5947325646551409,0.2871197391117334,0.04748021611941871,0.047668947537055,0.05889663809360786,69367,0.11441706288216905,0.7664938565983285,0.0628223349342027
12580,2014,2753396,408.65339790665416,0.0940841782293575,0.589898801334788,0.2882800004067704,0.049213407733577005,0.04956533676957474,0.05899623592102262,70311,0.11300724297414082,0.7674022243478158,0.06399752850242695
12580,2015,2769818,411.0907175295573,0.09643666118134837,0.5850842907367921,0.2887604889563141,0.05121600047367733,0.05117375943112508,0.059150456817018304,70936,0.11262148850925204,0.7671379126652206,0.06501473042295886
12580,2016,2780873,412.7314779991222,0.09914296697475937,0.5805482666774067,0.28996146174240967,0.05203689632716057,0.05262951598293054,0.059536699446540706,72801,0.11144027812744432,0.7664793020881401,0.06464186962477428
13820,2010,1115485,81.57664344533066,0.03958905767446447,0.6593266606005459,0.28044662187299696,0.012065603750834838,0.03795299802328135,0.05876815914153933,47760,0.06187425234217912,0.835797942743636,0.007134518615226581
13820,2011,1122192,82.06713372318096,0.04104377860473074,0.6536991887306272,0.2826699887363303,0.012440830089681623,0.040493961817585584,0.05857553787587151,48411,0.06276116799988912,0.8359770230776983,0.006729819611004736
13820,2012,1128093,82.49868033561492,0.042008947843839115,0.6505004463284498,0.2836344166660018,0.013024635380239041,0.041961965901747465,0.05866626244467433,48420,0.06396231798685639,0.8401273433301903,0.006586164593282031
13820,2013,1132182,82.79771339750992,0.04089536841249905,0.6476935687018518,0.2845505404608093,0.012986427977127353,0.042877381905029405,0.059133602194700145,48336,0.06351981218112025,0.8483742270505249,0.006778054465487691
13820,2014,1135534,83.04284883978727,0.03933039433429558,0.6455103942286184,0.2849047232403433,0.013273050388627729,0.04315854919359526,0.05978772982579121,48438,0.06246614829571013,0.8524307183122128,0.006293332898560767
13820,2015,1138476,83.25800053166675,0.039694293072493406,0.643355678995429,0.2856617091620728,0.013781581693421733,0.043155059922211796,0.06026126154613712,49260,0.06448402735298682,0.8493025244661024,0.006399912865983041
13820,2016,1141309,83.46518093380628,0.03923827815254239,0.6419838974370656,0.28581567305611366,0.013458230855973273,0.042495064877259354,0.06104569402326627,50529,0.06393228662474063,0.8520423715137835,0.006100318563337126
14460,2010,4489250,497.23988318613493,0.16285548811048617,0.761584674500195,0.07221072562231999,0.0629659742718717,0.08529308904605447,0.06406771732472016,69983,0.13187776449061334,0.6925190641752264,0.11912573800363732
14460,2011,4521737,500.8382196755414,0.16456883715262519,0.7560375581330803,0.0732057171834629,0.06425539565879218,0.0879697337549707,0.06398116476035648,71878,0.13244611510152393,0.6893381395420095,0.11917208897176462
14460,2012,4563673,505.4831496173565,0.16565976571941066,0.7505320823818884,0.07512501443464507,0.06588815631619531,0.09062524856623164,0.06373922934443375,72769,0.13272848023234765,0.6878816408644374,0.11925869058333181
14460,2013,4604278,509.9806548702992,0.16747055673006714,0.7444674279007479,0.07587443677380036,0.06727960388143374,0.09374607701793854,0.06359954807246652,73180,0.13195505295426352,0.6874169550997999,0.12092196646886963
14460,2014,4650876,515.1419588913958,0.17072934217123828,0.7371258661809087,0.07690830716621987,0.06958001030343532,0.09681552464524963,0.06342547081453043,74494,0.13210961869172647,0.685185357647511,0.1230666071765713
14460,2015,4694565,519.9810552341075,0.1733417260172135,0.7300872391797749,0.07833526641978543,0.07187502995485205,0.09983928223381719,0.0633149184216216,75389,0.13163799509130622,0.6794486464968152,0.12691207205414012
14460,2016,4728844,523.7778778560906,0.17673664007524884,0.7243759785689695,0.0796391253338025,0.0734877276560614,0.10260604917396303,0.0636443071499081,77809,0.13162838031705043,0.6767430529641718,0.12908947511646968
15380,2010,1137266,280.5654901307613,0.05696028897373174,0.8011353544377481,0.12132605740433637,0.021707322649230698,0.038503744946213114,0.08153941118436672,47093,0.1293004341186362,0.8128576717209891,0.03676980980733931
15380,2011,1135750,280.1914903074673,0.057267884657715165,0.7978542813119084,0.12097292537970504,0.022836891921637684,0.03990578912612811,0.08118423948932424,48332,0.13085306163433869,0.8150324215475628,0.035583732380117354
15380,2012,1135411,280.10785842086005,0.05857702629268168,0.794987894251509,0.12096853033835325,0.02379226553204082,0.04107323251227969,0.08058051225503364,49572,0.12869833220211643,0.8175258008002264,0.03476127087588839
15380,2013,1134695,279.93121998189,0.05896474382983974,0.7923838564548182,0.12040416147070358,0.02453082105764104,0.04233031783871437,0.07989724110884423,50210,0.13215432162005258,0.8202373789440202,0.03343578619798952
15380,2014,1135667,280.1710140638437,0.05976487826096911,0.7884423867207553,0.1206674139514488,0.025739939612580098,0.043825346690535165,0.07910593510245521,50726,0.13025625751273842,0.8224131137805475,0.032489421761003175
15380,2015,1135734,280.1875430797808,0.06155402585464554,0.7846088960971495,0.12193083943951664,0.02774593346681529,0.04506248822347486,0.07813009032044475,50962,0.13189547288554412,0.8233436642234488,0.0323028836002775
15380,2016,1135503,280.1305549800573,0.06147583934168382,0.7820287572996284,0.12208950570804304,0.028979227707896852,0.04606504782462045,0.07760261311506883,52303,0.12791948305913362,0.8245408494707236,0.032083272313532876
16740,2010,1687440,128.64943070889416,0.09840172095007822,0.6247943630588347,0.2355852652538757,0.03029441046792775,0.09134665528848433,0.04294256388375291,53471,0.05899008529820444,0.7944085243294673,0.020137829850661763
16740,2011,1729955,131.8907492426427,0.0997985496732574,0.6181744611854065,0.236902694000711,0.030907740374749634,0.09530132286677977,0.04294967210129743,54229,0.05912000532926372,0.7983719077333165,0.021305056539780078
16740,2012,1766452,134.67325900452013,0.1025162302740182,0.6119249206884761,0.23775907865031148,0.032037666463623125,0.0978532108429779,0.043150337512709094,54152,0.05926378699409828,0.7955232975298092,0.021317459115596467
16740,2013,2261321,172.40177979665484,0.09181314815543658,0.6398547574625628,0.21965965911075871,0.028599654803541822,0.09278603082003838,0.046769565223159386,52051,0.05952167724054714,0.8052892092820704,0.017436932313052135
16740,2014,2298915,175.26792419175638,0.09205908004428176,0.635068282211391,0.2204270275325534,0.029784485289799753,0.09439583455673654,0.047336243401778666,52591,0.059007420220391966,0.8054368467655374,0.017983314020417595
16740,2015,2338792,178.30812316083296,0.09473651355058509,0.630726460497556,0.22154727739790456,0.03141194257548341,0.095454405522167,0.04790763778908086,53076,0.05813068906128266,0.8066896872375499,0.017711076521039197
16740,2016,2381152,181.53762458596734,0.09647053191060462,0.6263010509198909,0.22236589684320868,0.03266528134281222,0.09630632567765518,0.04850173361465375,55191,0.05557863273718953,0.8074376413196361,0.01648298823152385
16980,2010,9384661,503.52900426721857,0.17507089494228933,0.5571894392349388,0.17537511477505688,0.05538516521800841,0.19968616873854048,0.05308385673174556,60574,0.1167349766274213,0.7105664604588787,0.11391117051190684
16980,2011,9425706,505.73125195417794,0.17546250646901146,0.5531803134958803,0.17381838559360965,0.056132028730792156,0.2035495272184386,0.053093529545691326,61257,0.11904445833859713,0.7086660897458823,0.11458407602962478
16980,2012,9460763,507.6122166797653,0.17613621649754888,0.5495725873272589,0.17283901943215363,0.056991492123838215,0.20679156638846147,0.05314634771001028,61367,0.1206811952218199,0.7086559803385755,0.11344415400812358
16980,2013,9488493,509.10005510976623,0.17598474278265264,0.5469596699918522,0.17130813080644103,0.058143479686394876,0.2093888882038486,0.053416701682764585,61156,0.12118214277592049,0.7101583575437984,0.1134363803729267
16980,2014,9516448,510.5999657953296,0.17649726032233876,0.5431460351593368,0.17029893926809667,0.059620249067719386,0.21217380686575496,0.05380915232237911,61497,0.12153023358615234,0.7089850112569406,0.1150752966258135
16980,2015,9534008,511.542138273902,0.1776594901116089,0.5397233776183112,0.16927781054935134,0.06116084651911347,0.21442440576932598,0.05420805184975721,61828,0.12194812873658946,0.7079471154404648,0.1171327046616012
16980,2016,9528396,511.2410293929368,0.17654807797660801,0.5374282303128459,0.16857023994384784,0.06201683893070775,0.21595250659187548,0.054860755157531235,63327,0.12141242191066978,0.706847573311671,0.11783530107755932
17140,2010,2110398,195.60347464761986,0.03864626482777182,0.8222150513789342,0.11895576095125185,0.01788383044335713,0.023511204995455833,0.056594538091867035,53651,0.08323254373285348,0.8230728928221162,0.02444553750229158
17140,2011,2120924,196.57908312248614,0.04025745382672835,0.8188619677084139,0.11993169015014211,0.018430646265495603,0.02483493043597979,0.05661023214410323,54651,0.08244433610419657,0.822835542833384,0.023547566884684887
17140,2012,2129745,197.39666267376822,0.04044756531885273,0.8160732857689535,0.12081352462383994,0.01909853057525666,0.02576787361867266,0.05669035494859713,54779,0.08179072981273326,0.8258286594853681,0.02151087451406157
17140,2013,2122940,196.76593726321676,0.04159514635364165,0.8121143320112674,0.12118382997164309,0.020093361093577775,0.026871696797836964,0.05690928617860137,54692,0.08170078089554,0.8287565359907458,0.0203671702325506
17140,2014,2131793,197.5864827532406,0.041882115195987606,0.8092164670772444,0.12206016250170632,0.02072386953142261,0.027653247759046023,0.05733671139740115,55204,0.08102659457343478,0.8319716176016713,0.01969637107030153
17140,2015,2139466,198.29765925216222,0.04266111263277846,0.8067723441269924,0.1219519263218018,0.021521258108331706,0.028449622475888843,0.05771159719294441,55501,0.08170501495723119,0.8303463650266182,0.019799105500436513
17140,2016,2146410,198.94126795912322,0.04308543102203214,0.8038762398609771,0.1224169660036992,0.022348013660018356,0.029133296993584638,0.05831318340857525,56861,0.08193981543915078,0.82781562229536,0.019677513683884124
17460,2010,2086589,402.97805426629924,0.05709605485315987,0.72261044220975,0.1997369870156509,0.01965983717924325,0.044611564615743685,0.0754676651702851,48514,0.10347574401297215,0.8181002368703891,0.03893335281166195
17460,2011,2080318,401.76695070047776,0.057656569812884376,0.7199980964448705,0.19934404259348812,0.019963294073309944,0.04603623099929915,0.07552739533090615,49024,0.10463948465399411,0.8209576266908944,0.03748885355676694
17460,2012,2074824,400.7059073277105,0.057515721815440735,0.7172695129803781,0.1999143059845076,0.020108211588067228,0.047362089507350984,0.07554472090162828,48952,0.10608402566301038,0.8211304567834712,0.035372692078460596
17460,2013,2070965,399.96062768164046,0.057077256254934296,0.7148237657324001,0.19994881613161014,0.02013747214462823,0.04869903643953423,0.075489445741478,48954,0.10692625176110696,0.8230929267866355,0.03387924676310214
17460,2014,2067490,399.2895090576204,0.0572423566740347,0.7118989692815927,0.19954098931554687,0.020628394816903588,0.050235793159821816,0.07542479044638668,49551,0.10889308058730499,0.8246166133170071,0.032315911897856764
17460,2015,2064483,398.7087741792238,0.05716976114601089,0.7094013367995765,0.19986117589730698,0.021043525182818167,0.05184009749656451,0.07542808538505766,49925,0.10971935139828788,0.8237261047584655,0.032077555502446245
17460,2016,2061630,398.15778096071176,0.05643835217764585,0.7065714992505929,0.20024786212850998,0.021171597231316966,0.05332091597425338,0.07572115268016084,51001,0.10939097896726094,0.8209690158974273,0.03220023068821985
18140,2010,1798377,144.7608144722335,0.0662274929005431,0.7666746182808165,0.14716936437687983,0.030325120928481625,0.03339511125865155,0.046846684538336514,52910,0.06908524784505846,0.8258208163012084,0.016516278460594613
18140,2011,1819568,146.46658941234958,0.06770453206475383,0.7629536241569428,0.14722780352259437,0.030495700078260333,0.03491378173280691,0.04694301064868144,54112,0.07117747824719349,0.825666168192816,0.016467846160499476
18140,2012,1840267,148.13276068720506,0.06885522589928526,0.7588176063582078,0.1482752231062123,0.03180788439938335,0.03589153095719262,0.047144245916489295,54628,0.07088376020264565,0.825959101048116,0.01616864533915833
18140,2013,1926242,155.05334020098346,0.06836316516823951,0.762270784252446,0.14385783302409563,0.03160973543303489,0.035889571507629885,0.04766119729504392,54156,0.07085446394593442,0.8277330083088024,0.015886299454241734
18140,2014,1948188,156.81988905831852,0.06987415998866639,0.7577656776450733,0.1447042071915031,0.03287670389100025,0.036816262085589274,0.04796970312926679,55115,0.07081213662790697,0.827465380020258,0.016496298681087603
18140,2015,1972375,158.76682778120028,0.07131250396096077,0.752510551999493,0.1458100006337537,0.03405792509030991,0.037578553774003425,0.0483483110463274,55878,0.07016470152804949,0.8270899351139279,0.017359539258588602
18140,2016,1995004,160.5883548974235,0.07259133315020923,0.7470832138682428,0.14847689528442048,0.03613626839845935,0.03831019887679423,0.048872583714117866,57440,0.06830567876251842,0.8253967114680273,0.017150157700242395
19100,2010,6154265,256.07768190646965,0.17306209596109365,0.5152571428107174,0.14799557705103697,0.051900267538040695,0.26626250250842304,0.03626720656325329,56349,0.050881958784838664,0.8059954812569926,0.01559461932848872
19100,2011,6280597,261.3343300538289,0.17325518577294483,0.5082192027286578,0.14821775700622092,0.05290723158960844,0.2713960153787928,0.03653092214004497,57658,0.0510319268361514,0.8096724988484723,0.015116721517212836
19100,2012,6400781,266.3351612046239,0.17403938675608494,0.5021127890487114,0.14925053677043473,0.05427462679944838,0.274590241409603,0.03688159304309896,58190,0.05022548463186925,0.8087053211305805,0.01495026708992734
19100,2013,6575833,273.61903838136095,0.17363245082410092,0.4995011278419023,0.14913000375769883,0.05521657864486522,0.2757839196950409,0.03787474529842835,58356,0.050535840091329366,0.8109976235735337,0.014171483139453435
19100,2014,6703020,278.9112629002333,0.17464202702662382,0.49367374705729655,0.1500707143944073,0.056845571100787404,0.27825875500893626,0.03850801578989769,59175,0.050866330106263354,0.8092349766744529,0.014553157479541293
19100,2015,6833420,284.33717967837066,0.1765909310418502,0.48820253987022605,0.1511655949729418,0.05916832274322374,0.28026112839544476,0.039138381659549686,59946,0.051069026681011744,0.8079441129348804,0.015130683666565356
19100,2016,6957123,289.4844356845511,0.17803336235395004,0.4829753620857357,0.15288230494128105,0.06084354121667822,0.28159240536641367,0.03996206477878859,61330,0.04973027089589717,0.8071632507286505,0.014950833757022101
19740,2010,2464415,114.01162523397474,0.1212299876441265,0.664950099719406,0.05543790311290915,0.036014226500001016,0.21924675835847451,0.04382906288104885,60137,0.06527897964750679,0.7546710043746893,0.04630019099856412
19740,2011,2509230,116.08490874542089,0.12033093817625327,0.6615802457327546,0.05545605624036059,0.03602380012992033,0.22198164377119675,0.044048572669703454,61734,0.06504395230258339,0.7564285079792816,0.045658108948382486
19740,2012,2554243,118.16735236252958,0.12054060635577743,0.6584029005854181,0.05580988183191654,0.036435061190340935,0.22423316810499236,0.044305494817838395,62407,0.06592802710498787,0.7572162653005116,0.04528060779963058
19740,2013,2601465,120.35199129988338,0.11977635678358156,0.6562494594392007,0.055396862921469246,0.03716329068428751,0.22535686622729884,0.04457488376741567,62742,0.06393511983139381,0.7586375326461852,0.04409056124600693
19740,2014,2651392,122.66177208479853,0.12189106703195907,0.6533168237665347,0.05542107692864729,0.03771452882108719,0.22659267282997006,0.044930738268803706,64206,0.06401195420416174,0.7600022399761069,0.043881878593295
19740,2015,2703972,125.09428903295961,0.12226273053123331,0.6504682740797612,0.05578090305668846,0.03864204215132405,0.22759000463022547,0.04524418152258973,65614,0.06154190132837157,0.7625360888500987,0.04323942766479491
19740,2016,2752056,127.31880681415736,0.12248406282430299,0.649358152595732,0.05639492801018584,0.03924193403041217,0.2277886060458072,0.04571345931914176,68173,0.05949264360627209,0.7591308030843195,0.043089592805872434
19820,2010,4345978,431.4458044210756,0.0851509142476101,0.6821005536613393,0.22759088978361142,0.03355792413123122,0.03757290073718735,0.06262433910157851,52409,0.08223377779430668,0.846145864964715,0.014998910839294746
19820,2011,4320982,428.96433320163794,0.08575296078530296,0.6801347471477548,0.2271293886436,0.033787921356765664,0.03849634180378442,0.06298336813252173,52244,0.08487234674008247,0.8443637571238096,0.01579470850786012
19820,2012,4304617,427.33970220043386,0.08660700824254515,0.6780888985013068,0.22712357452474866,0.03398931891036996,0.03916283376662778,0.06315892912191723,51903,0.08868217579786236,0.8416682582547903,0.01611760577768697
19820,2013,4295700,426.45446940863815,0.08834648602090463,0.6765113951160463,0.22623553786344483,0.03494517773587541,0.039928300393416674,0.06317131084572945,51844,0.09020775386415178,0.8417382698527992,0.01593624164443537
19820,2014,4292647,426.1513836495989,0.08923002520356321,0.6744961791640449,0.22536793731233898,0.035906283465656504,0.040687482571942206,0.0632653931245686,52305,0.09125624913615105,0.8413665283297963,0.01615381070161154
19820,2015,4296416,426.52555011727617,0.09135567877970849,0.6726387761334098,0.22468448120479953,0.03758015983554665,0.041415682280300604,0.06324969462919791,52603,0.09229933828357832,0.8418274358095881,0.015436093124561673
19820,2016,4296731,426.5568216580877,0.09314429970133108,0.6706805708805136,0.22403706445667648,0.038772732107269454,0.041984476105206496,0.06351200482413258,54037,0.09215941093762803,0.8419153278769217,0.015233696175756328
24340,2010,772621,111.74386420181438,0.060717997569312766,0.7998889494331632,0.07906722701039708,0.019127101127202083,0.08097501879964433,0.054702111384495114,49049,0.06316161266318493,0.8233378808033422,0.01246252591632466
24340,2011,774664,112.03934246937933,0.06081604411719145,0.7964046347835965,0.0794847830801483,0.019040513048237687,0.08274296985531791,0.055123253436328526,50187,0.06629396532505616,0.8220271031066779,0.01291179263791819
24340,2012,777159,112.40019331498608,0.059861624197879715,0.7938800168305328,0.07937371889150097,0.018930489127707457,0.08404972470240968,0.05535418106204779,50491,0.07123137335596824,0.8230305964093,0.013505702122812763
24340,2013,998916,144.47281895394974,0.06183803242715103,0.8049655826916378,0.06452995046630547,0.022094950926804656,0.08690920958318818,0.0560797904928943,52108,0.06450767330812947,0.8278003411405962,0.013085053941220864
24340,2014,1007329,145.68958775719204,0.06347777141331183,0.801707287291441,0.06537586031971679,0.022954764530754103,0.08829985039644446,0.056529693873600385,53187,0.06544698187134189,0.8256568963969548,0.014116807229173167
24340,2015,1017877,147.21514075096357,0.06491747038198133,0.7986387353285318,0.06544995122200423,0.02331322939805104,0.08969060112371141,0.05665321055490988,53780,0.06531526731386068,0.8228665385046566,0.014746243372183308
24340,2016,1028173,148.7042470861808,0.06489958401942085,0.7963192964608096,0.06453777720286372,0.024306220840267154,0.09064233353725491,0.05695150524279474,55675,0.06484879895920374,0.8213301157676886,0.01499442180830423
25540,2010,1203823,306.8406159494947,0.12382052843316667,0.7262205490342019,0.10259730874057066,0.03713918075996222,0.11823332832152235,0.07201640108221889,66155,0.08562163683344277,0.8148253096170912,0.027565635090446027
25540,2011,1207636,307.81250572782204,0.12480747510011295,0.7204579856844281,0.10457704142639007,0.038577849616937554,0.12175357475265726,0.07168882014116837,67695,0.08739794984051003,0.8096053347526795,0.030346999625387536
25540,2012,1211280,308.74131935284834,0.12649181031635956,0.7144425731457632,0.10667228056271053,0.03991975430949079,0.12530381084472625,0.07146654778416221,68410,0.0881490693793382,0.810419222973202,0.03076041786714211
25540,2013,1213883,309.40479406907866,0.12826606847612168,0.7078013284641106,0.10787612974232277,0.04118518835835085,0.12910717095469662,0.07121197018164024,68404,0.091008280273817,0.8129563796670798,0.031875808626138875
25540,2014,1215159,309.7300317709265,0.12779479886994213,0.7014703425642241,0.10849032924909414,0.04258043597586818,0.13261885893121805,0.07105572192610185,68959,0.09213039955652211,0.813653164672805,0.03131710111327473
25540,2015,1214056,309.4488897763041,0.13049809893448078,0.6954539164585488,0.10980300743952504,0.04407704422201282,0.13616670071232298,0.07099095923087567,69869,0.09313068320533852,0.8122804770347799,0.031196699318425433
25540,2016,1211826,308.8804884635136,0.12980906499778022,0.6900165535316126,0.10992749784209944,0.04534231812157851,0.1388483165074854,0.07133367331613615,71379,0.09374539505859088,0.8144613583138174,0.02962361993977919
26420,2010,5709313,266.6879673135131,0.21953341846908725,0.40961723415759477,0.17301100850487616,0.063952177783912,0.34222401189074764,0.03494010575352936,55207,0.060971219912489334,0.7845749780471846,0.025664922621740652
26420,2011,5836814,272.64367205775125,0.21977246490979496,0.4029828601699489,0.17212146900689315,0.06503359538268651,0.3482708203482242,0.03513457855604102,56876,0.06037563872944199,0.7900088025895698,0.02476346268639096
26420,2012,5962416,278.51067253057727,0.2212448779152612,0.39714823655377285,0.17206883920880395,0.0663514588717057,0.35238836069137075,0.0354193669143515,57426,0.06014911295227778,0.7920597452930247,0.024415520204960312
26420,2013,6063540,283.23428008311674,0.2227080220465273,0.3906795370361208,0.1724855447477876,0.06776701398852815,0.3565169851274998,0.03564452448569647,57712,0.06040459884806417,0.7959138706268025,0.023724629632946994
26420,2014,6204141,289.8018994958635,0.22477180966712393,0.3858458407054256,0.1724011430430095,0.06934368512901302,0.3593333871683445,0.03613457527802801,58689,0.05947746854713988,0.7992727458052157,0.0238582939930493
26420,2015,6346653,296.45878371254304,0.2266635658196533,0.38160208223137454,0.1711582467168128,0.07110897665273334,0.3612305572716832,0.03663127635936611,59649,0.058004041238710675,0.8015093319035564,0.023630971162589554
26420,2016,6482592,302.80863624097015,0.2291108248058801,0.37756610318835426,0.17199586214896756,0.07254659864449282,0.3632057979277425,0.03736360394113959,60902,0.055852315982928544,0.8020521334399554,0.02272843822342534
26900,2010,1717259,153.9631588887496,0.05966252033036368,0.7554777700975799,0.14794739756786832,0.02128915906103855,0.05612141208751854,0.04951553609560352,53085,0.05554498102627317,0.834404929423164,0.01048184088928274
26900,2011,1739071,155.91874300371504,0.06151157715814938,0.7508008586193433,0.14809803625038886,0.021794969843094387,0.058959064926043844,0.04951609221245136,53531,0.05860400477422041,0.8385545411233002,0.010444031990379125
26900,2012,1759791,157.77642239405446,0.062069302547859376,0.7460635950519124,0.14925692880575023,0.02221513804764316,0.06090723273388715,0.04941552718476228,53324,0.0617187012963881,0.8362733857782707,0.01105602481169268
26900,2013,1911795,171.40454488677426,0.06166194597224075,0.749578275913474,0.1455590165263535,0.02202589712809166,0.06044371912260467,0.051120543782152375,52147,0.06612038967209648,0.8371912537283844,0.010385409063465889
26900,2014,1931182,173.14271237425064,0.062059919779699685,0.7459333195939067,0.14615038872566127,0.023345288015319116,0.061665860597292226,0.05122406898987252,52434,0.06719378883001739,0.8377383042055675,0.010581922465851067
26900,2015,1950674,174.89029377755642,0.06136340567414135,0.7420742779162485,0.14765768139627636,0.024796044854240123,0.06263271054004924,0.05142940337544869,52842,0.06828503525802186,0.8388664117001002,0.010514115047513208
26900,2016,1968768,176.51253561581908,0.06389935228528704,0.7377217630518171,0.14884282962746245,0.02703975277940316,0.06363167219296535,0.05186035124504258,54261,0.06707931058857107,0.8380081005494756,0.009757142599578534
27260,2010,1319195,159.05981568490094,0.0768021406994417,0.6648630414760517,0.21729767017006585,0.0333688347818177,0.06457574505664439,0.05180432005882375,52838,0.06241350760537429,0.8104219089338698,0.011351470571662699
27260,2011,1334688,160.9278592451071,0.0778114435733295,0.6608173595626843,0.21733393871826223,0.0339967093433072,0.06727639718046464,0.05240250905080438,53363,0.06282088511448647,0.8123966357136881,0.01208195782415362
27260,2012,1349130,162.66918017046032,0.07922142417706225,0.657126444449386,0.21695833611290238,0.03446962116326818,0.0696374700733065,0.0529600557396248,52881,0.06439009019654181,0.8111936420010136,0.012573317451248131
27260,2013,1363610,164.41508288470453,0.08059195811119015,0.6538233072506069,0.21637564992923197,0.03493300870483496,0.07209832723432653,0.05338623213382125,52258,0.06616782888035729,0.8092873409264909,0.012145584465615415
27260,2014,1380995,166.51125130232435,0.08118856331847689,0.6497576023084805,0.21563365544408197,0.03510367524864319,0.07457376746476273,0.05429346232245591,52067,0.0672804244684949,0.810730421626016,0.011860500002419522
27260,2015,1401600,168.99566604175817,0.08360587899543379,0.646273544520548,0.21496004566210045,0.03614083904109589,0.07714825913242009,0.055131278538812785,51998,0.06710081766805814,0.8123088630697795,0.012562738699140012
27260,2016,1424097,171.70820563860565,0.08406590281420437,0.64353973079081,0.21408443385527812,0.03648417207535723,0.07917789307891246,0.05602497582678708,53661,0.06630523789354793,0.8106794405058441,0.01316267484192374
28140,2010,1999718,106.40151373560104,0.0603340070950004,0.7521315505486273,0.1232853832390367,0.02229764396779946,0.07686233758960014,0.055905882729464854,55749,0.059483274050203185,0.8304249016280707,0.012728330708725498
28140,2011,2018661,107.4094377902395,0.06249538679352303,0.7481573181430661,0.12422838703477206,0.022615981583832056,0.07930256739492168,0.055909337922513985,56613,0.06089213620041849,0.8302083005713022,0.01241626024838608
28140,2012,2035166,108.28764010886948,0.06221605510312181,0.7448910801379347,0.12385132220172704,0.023149462992208006,0.08115406802196971,0.055923202333372314,56826,0.06285175997739191,0.8291584300504101,0.012188170804176722
28140,2013,2025297,107.76252779850539,0.06339514648962596,0.7396885493831276,0.12525965327554428,0.023868104282976768,0.08343714526807673,0.055951299982175455,56815,0.0625807366730665,0.8323981119771704,0.011851247677278107
28140,2014,2040869,108.59108681127158,0.06430104039014753,0.7369840984404192,0.12543970240128102,0.024578255635222056,0.08483004053665374,0.05627847745249695,57056,0.06305681306469658,0.8327997752870515,0.011678786225583002
28140,2015,2055675,109.37888829746578,0.06458267965510112,0.7344113247473457,0.12497063008500857,0.025549758595108663,0.08603500066888005,0.05657265861578314,57388,0.06325813584044417,0.832421964912983,0.011542888023778309
28140,2016,2070147,110.1489182250764,0.06380899520662059,0.7328851526002743,0.12504377708442926,0.02594453437364593,0.08664505467486125,0.05709401313046851,59344,0.06335603487929498,0.8340830902442431,0.010775255858233983
29820,2010,1895521,92.73912121798196,0.22075355535496574,0.4968628677814701,0.10218773624771237,0.08334067520222672,0.28167242673650145,0.04270329898745517,56258,0.07505666946001227,0.7817345556782271,0.03644126889054768
29820,2011,1928695,94.36217240405972,0.21941882983053307,0.4874860981129728,0.10327449389353942,0.08509225149647819,0.2872921846118749,0.04334848174542891,55961,0.07757652784981106,0.7838156086160348,0.03617960071815215
29820,2012,1954773,95.638048958908,0.21881568857355815,0.4794807376610993,0.10429599754037937,0.08669651156425835,0.29121642257182806,0.04431818937544155,54218,0.07991224255952592,0.785497976809438,0.03657924041302078
29820,2013,1976925,96.72184439732347,0.21831227790634444,0.47231483237856775,0.105756161715796,0.08841761827079934,0.2944390910125574,0.04561730971078822,52873,0.08259888628816238,0.7895981114186171,0.036553406780676166
29820,2014,2003613,98.02756544555533,0.21783498110663088,0.46500796311463344,0.1070521103626299,0.08991906121591345,0.2977556045004699,0.04702005826474474,52070,0.08497445538603468,0.785322482985241,0.03967704135137646
29820,2015,2035572,99.59117227186086,0.21890898479641102,0.45806289337837225,0.1083685568479032,0.09169756707205641,0.3003602918491706,0.04843847331364354,51575,0.08522098265433173,0.7861499159973303,0.0396144096634304
29820,2016,2070153,101.28306149431687,0.22019242056021945,0.44977206998709757,0.11037928114492021,0.09352786967919763,0.3035794938828193,0.050035915219792934,52629,0.08485944457663415,0.7869438008278263,0.03887101426292268
31080,2013,12945252,1030.7565574480232,0.33996387246845405,0.3127551321519272,0.06823451563553957,0.14926785511784552,0.44606091870594716,0.052374878449643156,60252,0.08568267787060492,0.7378102593243637,0.06015913093790351
31080,2014,13060534,1039.9358053649987,0.33849021793442746,0.30896485549518876,0.06760971641741448,0.15068373161464915,0.4480109312528875,0.05312876181019857,60337,0.08612883527505986,0.7393041922484173,0.059564734739888395
31080,2015,13154457,1047.4143579760403,0.33725953112317747,0.3058732869019223,0.0670956619494062,0.15270139998937243,0.44903548660351394,0.053927729590054534,60705,0.08514350876388146,0.7431446452330971,0.05756679696205775
31080,2016,13189366,1050.1939624722643,0.33555669013961703,0.3034610609789735,0.06693513547201586,0.15416768326847552,0.44977150531723814,0.05493069189224107,62216,0.08320862964271666,0.7461191657012483,0.0551827090239583
31140,2010,1261825,136.14281707079604,0.043080458859192046,0.7964297743347929,0.13578190319576802,0.01486022229706972,0.035201394805143345,0.058208547144017596,47823,0.07877433323688175,0.82479449745325,0.021855559850754148
31140,2011,1273988,137.45512668903322,0.045301839577766824,0.7928112352706619,0.13565590884686513,0.015325890039780594,0.03719815257286568,0.058258005569911175,48820,0.08104312539783577,0.82798577000499,0.02084768949281881
31140,2012,1284195,138.55639646403498,0.04720311167696495,0.7895101600613614,0.1363523452435183,0.01589711842827608,0.03867481184711045,0.05817885912964931,49435,0.08174266315731234,0.8298119859586379,0.020401631724130925
31140,2013,1244880,134.31456035115218,0.04962406015037594,0.7829067861962599,0.13900375939849624,0.01656705867232183,0.040426386479018056,0.05897917871602082,49753,0.08186251504825644,0.832838404384107,0.019702552081417125
31140,2014,1253305,135.22356376590577,0.05062534658363287,0.7798700236574497,0.13897175867007633,0.01706448151088522,0.04136662663916604,0.05916596518804281,50386,0.08097421145186375,0.8328751131159206,0.01836277225534149
31140,2015,1261936,136.15479325821892,0.05044788325239949,0.7767858274904591,0.13935255036705507,0.017728315857539527,0.04225967085494035,0.059380190437549926,51205,0.08097722883157775,0.8316055574243397,0.018268214699516495
31140,2016,1269550,136.97629497927932,0.05118821629711315,0.7736260879839313,0.14051199243826554,0.018269465558662518,0.043251545823323224,0.05978102477255721,52437,0.07914130666527212,0.8275286597258193,0.01824095988221323
32820,2010,1301248,100.77248581354226,0.04924426396812906,0.4706573996655518,0.4502170224277002,0.018405407731654534,0.04533570848908125,0.04522735097383435,46260,0.08282534404728918,0.8256289903173507,0.013397398287049413
32820,2011,1309692,101.42641409639805,0.049783460538813704,0.46656160379692324,0.451345049064971,0.018779987966636432,0.04768983852692083,0.045481685770394874,47344,0.08207506110013726,0.8283218798185666,0.013013915544533723
32820,2012,1317314,102.01668427308292,0.04999946861568313,0.4617706940031002,0.4532685449330987,0.018874770935403403,0.04926615825839549,0.04572410222619664,47477,0.0817696767056749,0.8278564062168002,0.01260703803704721
32820,2013,1331931,103.14866789583319,0.050801430404427854,0.4588135571587417,0.4556332122309639,0.01934259357279018,0.05022482395859846,0.04646937416427728,47497,0.08083321849978713,0.8336274119187205,0.011775217023096812
32820,2014,1337014,103.54231041854234,0.05021936943068659,0.4548441527164263,0.4595823229973658,0.019491942492748767,0.051033870999106966,0.046998759923231916,47647,0.08047248247509511,0.8376173282736847,0.011648443067019888
32820,2015,1340336,103.79957590357868,0.05111404901457545,0.45125401391889797,0.4617431748457103,0.020082277876592138,0.051922055365221854,0.047771603538217286,47552,0.08086923298907057,0.8401379910346136,0.011523326296059294
32820,2016,1341339,103.8772511839795,0.05027662656494741,0.4459044283361626,0.4660365500443959,0.019811546521796505,0.05207855732219819,0.048735629098982436,48545,0.07981104129082771,0.8388256700795372,0.0110258125094856
33100,2010,5478869,417.2700998741136,0.3784994676821074,0.3615647682030726,0.20766183677689684,0.022658508535246966,0.4042064155941673,0.08034012129145632,48839,0.08496616168318145,0.7832242416691824,0.036781300762363855
33100,2011,5526089,420.8663702204306,0.3798568933652715,0.35543672930349113,0.2089074207816776,0.02285757612662409,0.409925536848936,0.0803117720326256,49018,0.08552618185411331,0.7846457476052044,0.035898566597724675
33100,2012,5598297,426.3657240782633,0.381547102627817,0.34956255446968965,0.2102407214193888,0.02317293991369161,0.41445425278437353,0.08016759382362172,48582,0.08799330153081648,0.7822612385376666,0.037278770858974526
33100,2013,5673185,432.0691864606223,0.3832605494091943,0.34324105418737444,0.21145317841741457,0.023250431635844768,0.41882311259019406,0.08032207657603269,48148,0.08977960798930952,0.7811038091024854,0.03740233514045198
33100,2014,5775204,439.8389430142207,0.38665543243147776,0.3365198874360109,0.21281689789659378,0.02369630579283433,0.4238421707700715,0.08049481888431993,48435,0.08912680811168537,0.7824868043337346,0.03812814458128839
33100,2015,5861000,446.37315755536036,0.38881351305238016,0.3305975089575158,0.21376386282204402,0.0240380481146562,0.4281856338508787,0.08112096911789797,48745,0.08866305625385312,0.781565962089145,0.038772584765203975
33100,2016,5926955,451.3962835759309,0.39386075986741925,0.3227935761280455,0.214250319093025,0.02416654082914414,0.43417269069868086,0.08199606712046911,50064,0.0873128051517533,0.7804158037168215,0.038847102665330584
33340,2010,1539897,408.68226681442326,0.06790843803189434,0.698384372461275,0.1656493908358806,0.028342804746031715,0.08891633661212406,0.06417961720816392,53043,0.09773044278854975,0.8017138036080919,0.03656683940867234
33340,2011,1547501,410.70033682615576,0.06891239488698231,0.6940648180518139,0.16559601576994135,0.02865975530872032,0.09197667723639597,0.06390108956310853,53618,0.09938878338866014,0.8006416554711154,0.036253534118024504
33340,2012,1554593,412.5825241648206,0.06918852715791207,0.6898024113063677,0.16591094903939488,0.029174838687682243,0.09453792729029399,0.06368869536914164,53966,0.10171817417728066,0.7993077181015285,0.036157100698827986
33340,2013,1560621,414.18233032351645,0.06945888848093162,0.6863492161133292,0.16568788962855172,0.029872082972098927,0.0967941607859948,0.06339912124724709,53479,0.10319111139821065,0.8004750114650984,0.0365376882327072
33340,2014,1565368,415.44216440369723,0.0694648159410439,0.6825877365577935,0.165377725876599,0.031025292455192643,0.09876399670876114,0.06328735479452754,53628,0.10413355169792399,0.8022057291249218,0.03663791951867229
33340,2015,1570006,416.67307033668186,0.07084622606537809,0.6791464491218505,0.16594841038824054,0.032399239238576155,0.10058369203684572,0.06318765660768176,54336,0.10382506657096256,0.8023485015069859,0.03733164090943206
33340,2016,1571730,417.13061277490215,0.07086713366799641,0.6758940784994878,0.16591653782774396,0.0338073333206085,0.10222939054417743,0.06333021574952441,55625,0.10264419700432878,0.8048727416761564,0.03647455224405663
33460,2010,3229181,163.25948222277668,0.09334905661838094,0.7956240297462421,0.07087989183635107,0.0553741025975317,0.050912290144157296,0.049147756040928026,65181,0.07364010911872158,0.7806921067853118,0.04627228900494209
33460,2011,3259654,164.80012246616184,0.09484472891908159,0.7908096994343572,0.07191683534510104,0.05601974933535891,0.05242765029662658,0.04946107777083089,66157,0.07521637917005056,0.7803235904437184,0.04714492242678636
33460,2012,3290811,166.37534407424604,0.09540140713033961,0.7858701092223164,0.07309079737487204,0.05757213039582036,0.05347435632128372,0.04968896724849892,66751,0.07499839805453491,0.7807136967202114,0.047036304891463925
33460,2013,3391191,171.45031101649005,0.09537150812207275,0.7839962420282431,0.07283311379394437,0.05784958735736206,0.05414056595455697,0.05051617558550963,66940,0.07426194104048266,0.7826376668563401,0.04561550941058882
33460,2014,3424786,173.1487919332532,0.09690707682173426,0.7791505805034241,0.07446596663265967,0.059403419658921756,0.05495292260596721,0.051011362461771334,68019,0.07578314208961315,0.7815652316796338,0.04603092963345199
33460,2015,3458790,174.8679508882648,0.0993133436837738,0.7746353493562778,0.07580945937741233,0.061253212828763816,0.055644025800930384,0.05155299974846695,68778,0.07510519748650138,0.7802285913576309,0.04624968683469618
33460,2016,3488436,176.3667800371965,0.10006375349870257,0.7709715758007313,0.077663457205464,0.06222244008489764,0.056087885803265417,0.05232058148694716,70915,0.07322244888842563,0.7789309706730785,0.04625442971696426
34980,2010,1541541,94.44632376874085,0.07225691694220264,0.7478263633597809,0.15310848041018696,0.022445072819989868,0.06114336238867471,0.04548824844749507,51574,0.052302018997601854,0.815457370662073,0.010347844165381904
34980,2011,1569470,96.15746306152461,0.07407150184457173,0.7437389692061651,0.15345817377840928,0.022891167081881145,0.06370430782366021,0.045687397656533735,52347,0.05331254200477406,0.8135054163641978,0.011601433668756208
34980,2012,1595454,97.74943711658183,0.07423842993906436,0.7401893128852352,0.15368102120148874,0.02337015043993747,0.06524161774642202,0.04590041455284828,52779,0.053238879022542325,0.8154061299752998,0.01139188451795049
34980,2013,1702603,104.31418573208853,0.07281380333524609,0.7401443554369398,0.15260985678986821,0.022835035530890054,0.06592963832437744,0.046788946101939205,52481,0.052909913620892035,0.8212922641528236,0.011051210252015426
34980,2014,1730515,106.02428347780732,0.074248995241301,0.7371447228137289,0.15278746500319268,0.02324048043501501,0.06694423336405636,0.0473298411166618,52805,0.053175305742718976,0.8207980193753583,0.011479394663073498
34980,2015,1761848,107.94397725348112,0.07629659312267574,0.734024160994592,0.15263859311359437,0.023954960927389878,0.06787532182117867,0.0477175102506005,54047,0.05317643307599405,0.8219105099050742,0.011951101874224745
34980,2016,1794570,109.94877155110976,0.07601152365190547,0.7320511320260564,0.15228439124692825,0.025100720506862368,0.0683411625068958,0.048015402018310796,56152,0.05072150210668868,0.8204966394571283,0.011126006428864625
35380,2010,1105020,133.24100414136933,0.0695562071274728,0.5567863025103618,0.32881214819641275,0.027647463394327703,0.07346654359197119,0.05530940616459431,47647,0.09462647129473938,0.7828760029772536,0.02521087216367711
35380,2011,1139643,137.41577318300352,0.07044925472275089,0.5463263495673645,0.3355963227080761,0.027649009382762848,0.07611857397448148,0.054872446897844325,47566,0.09827220191060267,0.7858731967175255,0.025193992394266448
35380,2012,1165967,140.58986613427808,0.06957744087096805,0.5389818065176801,0.34041615242969997,0.02801279967614864,0.07837786146606207,0.0545744433590316,47429,0.10119788579876311,0.788701446657686,0.026340997073432473
35380,2013,1209239,145.80751353541592,0.07139035376794828,0.5325688304793346,0.3456917945914745,0.027951463689146645,0.07947229621274206,0.05469142162963649,47341,0.10301988790182957,0.7899448150772699,0.026593772144648385
35380,2014,1226440,147.8815741969747,0.07196438472326408,0.5287066631877629,0.3469423697857213,0.028306317471706727,0.0815457747627279,0.05484491699553178,47412,0.10346680486028073,0.7890353267511737,0.02822736152931101
35380,2015,1239697,149.48007557423676,0.07300412923480495,0.5253695056130652,0.3476849585019565,0.028890930606430443,0.08337521184612047,0.05515379967846982,47163,0.10343114763069385,0.7898080002559286,0.02882217763219866
35380,2016,1250247,150.75217254414815,0.07393419060393666,0.5224671604890874,0.34917740254525703,0.028751118778929285,0.08446410989188537,0.05578257736271313,48319,0.10341898891082332,0.7880143616459573,0.02862121158787708
35620,2010,18700715,870.6650300945249,0.28260031768838784,0.49836458124729455,0.17512014914937743,0.09796983698216886,0.2220612420434192,0.06287155330691901,63915,0.3046312480156347,0.5035593423919547,0.30460169324089204
35620,2011,18796078,875.1049260698876,0.2842371690519692,0.4932166699882816,0.17533120473324276,0.09908716062999952,0.22571293862474928,0.0628767873808568,65288,0.3070364224449256,0.503004285926887,0.3060582745854706
35620,2012,18923404,881.0329505129004,0.2860463159799368,0.4879486798463955,0.17537737924952615,0.10070614145319733,0.22916458370808973,0.06284234062751078,65791,0.3094530053299286,0.5016541789682176,0.30749152161830146
35620,2013,19716880,917.9754848181011,0.2822103699976873,0.49039837945963055,0.17208559366390624,0.10003839349836283,0.2294461902694544,0.06267989661650322,66285,0.30267073423118296,0.5083311099451738,0.301085760377225
35620,2014,19865045,924.8737282373477,0.2847176032070403,0.4843050695329409,0.17177509539998526,0.1021422302340619,0.23279212304829916,0.06272238497320293,66902,0.30345419980821964,0.5061353464126916,0.3041173876464518
35620,2015,19979950,930.2234576612234,0.286319285083296,0.47916746538404753,0.1712283063771431,0.10463129287110329,0.2355360749151024,0.06279345043406015,67296,0.30329595857780267,0.5029103805165033,0.3077423286116114
35620,2016,20031443,932.6208608832209,0.28700273864444015,0.4748897021547574,0.1711096899010221,0.10614033147786707,0.23813576485727964,0.06332249753549957,69211,0.30155021482626954,0.500859305519788,0.30984954138880333
36420,2010,1218920,85.38819994109922,0.07501066517901092,0.6854510550323237,0.10100744921733994,0.027619532044760937,0.10526121484592918,0.052306139861516755,46999,0.052276166202258445,0.8220146536580653,0.00510082586443123
36420,2011,1238050,86.72830123148188,0.07711804854408141,0.6793489762125924,0.10131093251484188,0.027540890917168128,0.1096603529744356,0.05237914462259198,48498,0.05311007296204923,0.8260854033199171,0.004720624109035359
36420,2012,1256947,88.05208032632564,0.0776882398382748,0.6747587607114699,0.10134715306214184,0.028137224560781004,0.11298805757124207,0.05243419173600796,49534,0.05391190965177943,0.828710847965933,0.00465802787764197
36420,2013,1277830,89.51498337112757,0.07879921429298108,0.6701079173285961,0.10101656714899478,0.028832473803244562,0.11631985475376223,0.05239116314376717,49752,0.05476577154755247,0.8303489670015306,0.00477899647757882
36420,2014,1297998,90.9277989918509,0.08069349875731703,0.66523985399053,0.10144930885871935,0.030039337502831283,0.11918046098684282,0.0525370609199706,50967,0.05546383463295872,0.8302171732725527,0.004548665949727524
36420,2015,1318408,92.35756727918546,0.08191622016856694,0.6601803083719152,0.10072906111006608,0.03063088209416205,0.12208208688054077,0.052625590864133105,51461,0.05576256253990834,0.8314038769661273,0.004514960137463692
36420,2016,1337075,93.66523433551441,0.08059084194977843,0.6561898173251314,0.10158592449937363,0.031223379391582373,0.12442832301852925,0.05283548043303479,52825,0.05319750538029762,0.8330932108127963,0.004148050574552501
36740,2010,2083626,231.09129617168304,0.16218121678266637,0.5466854416291599,0.15599920523164906,0.03881934665818146,0.24038335094685898,0.053554716633407336,50602,0.051197131982402694,0.807618492630284,0.017071396558404835
36740,2011,2113650,234.4212052226637,0.1639590282213233,0.5377607456295981,0.15730892058760912,0.039756345657985005,0.24721453409978,0.05425354245026376,50433,0.05290102167572472,0.8104712770765407,0.018170739580979436
36740,2012,2147534,238.1792200868866,0.16290731601921088,0.529494294386026,0.16036719325514753,0.03953231939517605,0.254375483694321,0.0549048350340437,49263,0.05505606876451119,0.8112587443531291,0.0187458013025516
36740,2013,2183363,242.1529514813572,0.1624828303859688,0.521655812615676,0.16047720878296462,0.040489373503169196,0.2608508067600303,0.0557007698674018,48459,0.05674840657758547,0.8092108234854819,0.01909979613366645
36740,2014,2226835,246.97435456769585,0.16346608527349354,0.5133990618972667,0.1621345991059059,0.04087595174316912,0.2672241095545921,0.05639034773568764,48559,0.05732466919441979,0.8086126848725819,0.018965451114177228
36740,2015,2277816,252.62856764150496,0.16661925282814766,0.5045714842638738,0.1627752197719219,0.04188002894000218,0.2740704253548136,0.05706474974273602,48768,0.05726613945936194,0.8066552899399724,0.020482866858986013
36740,2016,2328508,258.25072823344175,0.16885834190820903,0.49630922461937,0.1633346331642408,0.04171813023618558,0.28102845255416775,0.057794519065427305,50183,0.057354720808203544,0.8053552210402819,0.018971912110448547
37980,2010,5911638,495.919695513425,0.09275415713885052,0.6589106098851114,0.20672459984863756,0.04770826630453353,0.0731937578045205,0.06572002548193918,60259,0.137724691363037,0.7337569059571608,0.0932085771280935
37980,2011,5938918,498.2081795670166,0.09455207160630943,0.6541993002765824,0.2067726814884462,0.04885654255539477,0.07593841167700918,0.06546293449412839,61496,0.13878041075953262,0.7348234203435988,0.09347785149346699
37980,2012,5967349,500.59321952770813,0.09566676928063031,0.6492925082813156,0.20748610480131127,0.049960878775483046,0.0784849352702515,0.0652071799386964,61927,0.1399596395833642,0.7344756548539001,0.09434099692526231
37980,2013,5992766,502.7254189115108,0.09778673153598856,0.6445662987675475,0.20862202862584656,0.051300684859045056,0.08107541659394009,0.06497700727844204,61923,0.13860266923437248,0.7357393799954551,0.09495657325481695
37980,2014,6015336,504.618787133269,0.09935504849604411,0.6394560503353429,0.20895058896128163,0.052882166515719156,0.08344521403293183,0.06494300567748834,62169,0.13756421489260617,0.7340704677413539,0.09583180064192723
37980,2015,6035680,506.3254190829122,0.10095200540784137,0.6347178776873525,0.2084943204411102,0.05473302096863982,0.08558521989237336,0.06494860562521539,62513,0.1355875224732372,0.7327206170648075,0.09644809911817333
37980,2016,6047721,507.33552305979265,0.10286370684097365,0.6303433971243052,0.20934166771251517,0.05563451091741831,0.08771717478369125,0.06520919202456595,63952,0.13228406343042362,0.7314442931599648,0.09595706417299742
38060,2010,4080707,108.17457597531485,0.15472882517661768,0.5962466798032792,0.04700509004934684,0.03195647224855889,0.2899198594753311,0.05358164651370461,54700,0.06234292004147044,0.7582814888101743,0.0221109663410526
38060,2011,4150083,110.01364929835997,0.15180154228240736,0.5905375868386247,0.048381442009714025,0.032515976186500366,0.2931710040497985,0.05394036697579301,54732,0.06448108852587975,0.7590144579288822,0.02222470245422604
38060,2012,4210193,111.60709223897692,0.14636051126397293,0.5860750326647733,0.04977135252469424,0.03316308777293583,0.29512067499043393,0.05448657579355626,54022,0.0649828348837133,0.7636677137840441,0.021482426291505277
38060,2013,4268289,113.1471464908166,0.14438150743775785,0.5823197538873305,0.05087682675657623,0.033844240631316205,0.2963304499765597,0.05538261350156937,53228,0.06655855574225314,0.7646085895718284,0.021955363853217006
38060,2014,4337542,114.98295923356397,0.1442605051432355,0.5782012024321609,0.05112642136952219,0.034896492068549424,0.2983593011894755,0.05646769529839711,53310,0.0661854058251826,0.7661191444901382,0.021747069671791477
38060,2015,4407915,116.84846181316865,0.14400844843877433,0.5738697320615302,0.0516668311435225,0.03605922527997931,0.3000121372576377,0.05774340022436912,53723,0.06563141472896605,0.7667779641390197,0.02210907844654346
38060,2016,4486153,118.92245597034697,0.14298910447325358,0.5700387392048376,0.05222447830022739,0.036567633783332845,0.3018987537874879,0.05926191104048391,55227,0.06422107411747538,0.767698002510795,0.021180860459216227
38300,2010,2358313,172.405286199942,0.03133256696630176,0.8747223120934329,0.08121271434283744,0.016674631399648816,0.011951339792470296,0.09186185209512054,47497,0.11213992500393247,0.7688936145292701,0.057798099658143434
38300,2011,2357769,172.3655168920966,0.031575612369150664,0.8721592318840395,0.08168569524834705,0.01730322181689555,0.012565692398195074,0.09084350502530146,49246,0.11351041603277957,0.7691661319956837,0.057142049928548516
38300,2012,2357981,172.38101522530104,0.03211264212900782,0.8699883502029915,0.08224196887082635,0.017865283901778682,0.013003073392024788,0.08981454897219274,50182,0.11439438001648772,0.7686744032884427,0.05718256761973974
38300,2013,2358746,172.4369408144586,0.033232912742618324,0.8679289758202028,0.08197194611034847,0.018718420720162325,0.01366446408388186,0.08888070186446527,50935,0.11252159619239793,0.7720882038838478,0.05505296156109468
38300,2014,2358793,172.4403767656879,0.034493064885303626,0.8653086557404571,0.08195844230502634,0.019579929226515424,0.014360310548657725,0.08819341078254853,51883,0.11094876497365243,0.7745441127780138,0.05371318146264625
38300,2015,2358926,172.45009977661334,0.03614483879528226,0.8625984876168222,0.08200935510482313,0.020563595466750545,0.015146723551311064,0.08747158664578711,52499,0.11062891191521722,0.7753309875154067,0.05363330465162457
38300,2016,2354926,172.15767839539728,0.036976958087005705,0.8607187656852062,0.08180596757605123,0.02126096531271046,0.01567055610239982,0.08701165132152773,54020,0.10772560134824574,0.7750921986319687,0.05440852056622532
38900,2010,2170801,125.34618446572428,0.1231669784563394,0.7722637865009275,0.028240267071924143,0.055959067643694654,0.10332867913733226,0.05199002580153593,56275,0.08154560915038979,0.7142681937123864,0.06172059969089876
38900,2011,2202583,127.18133768091519,0.12429906160176483,0.767389469545529,0.02851016284062848,0.05657039939017054,0.10621438556458486,0.05173153520207865,57307,0.082500383722715,0.7140233133168492,0.06143374034578556
38900,2012,2232607,128.91498062764265,0.12463098073239043,0.7631571521544096,0.028789661592927014,0.05767159199984592,0.10822594393012294,0.05159394376170996,57896,0.08459170820123048,0.7116954718745367,0.06121312559628111
38900,2013,2260591,130.53083008878113,0.12433960853599789,0.759372217265308,0.028734963555990447,0.05882974850382046,0.10995752880552033,0.05148786312959753,58110,0.08542051631292988,0.7124558793307391,0.06091611887744327
38900,2014,2288796,132.1594405108584,0.12491458391224032,0.7549440841385602,0.028411007359327785,0.059767668241293676,0.11173647629583414,0.05180016043369527,58832,0.08546507257897362,0.7077205796788437,0.06237868664591908
38900,2015,2320323,133.97986954035068,0.1252325646041521,0.7508769253246208,0.028329676514864524,0.060801448763814346,0.11328034933067509,0.05210567666656754,60286,0.08487949993402973,0.705070234962108,0.06406533821950634
38900,2016,2351319,135.769637618447,0.1249898461246645,0.7481260518032644,0.02809104166640086,0.06152291543597445,0.1141299840642635,0.05271126546419265,62772,0.08285871720910103,0.7042356972363083,0.06419192680709532
39300,2010,1602822,389.9374992752482,0.12432634441004678,0.8050993809668198,0.050130956525428275,0.025534338809923996,0.09677556210234199,0.07385473870460975,54920,0.09348504413180614,0.8091128284227727,0.026378482756455292
39300,2011,1601264,389.55846615499473,0.1260166968095205,0.8007411644800607,0.05117457208805044,0.026090638395667422,0.09978679343318778,0.0733888977707611,55924,0.09490492116886819,0.809447632645723,0.026830321347067167
39300,2012,1601210,389.5453289351657,0.12555379993879628,0.7960111415741845,0.052925600014988666,0.026466859437550352,0.10270545400041219,0.07281680728948732,56066,0.09840995467379159,0.8077729973312218,0.027348071021856622
39300,2013,1601565,389.63169399144937,0.12701326515002515,0.7902102006474917,0.05367999425561872,0.026927411625503803,0.10605439054924402,0.07223809211614889,56007,0.09923318201243359,0.8076209076125717,0.02738953878398387
39300,2014,1604317,390.3012056390344,0.12747231376342705,0.7841043883471908,0.054197518320880475,0.027480853222897967,0.10949456996341746,0.07209111416260003,56267,0.10124079475321075,0.8092335503291777,0.027123603429130772
39300,2015,1606424,390.8138004942166,0.1298804051732295,0.7785541052673516,0.05520833852083883,0.02842836013406174,0.11274109450556018,0.07188886620219817,56849,0.10238969791096171,0.8064756248221893,0.02774692476671876
39300,2016,1609359,391.5278327201112,0.13094405909433507,0.7735346805777953,0.055800477084354705,0.02892890896313377,0.1163780113697441,0.07194168609986958,58699,0.10332925206965,0.806595193189665,0.027292098238670914
39580,2010,1069694,195.01945382287255,0.11497587160440276,0.6446254723313396,0.20098458063707939,0.0418315892208426,0.09441298165643633,0.03679650442089046,60026,0.04769924191837857,0.8029706645462887,0.009051802917906328
39580,2011,1104503,201.36559783052368,0.11587112031384252,0.6388176401512716,0.20228012056101252,0.04281835359433157,0.09798977458639768,0.03714792988339552,61407,0.04665556846353761,0.8039777840631509,0.00973232881643568
39580,2012,1135165,206.95568854162136,0.11686759193597407,0.6342699078988517,0.20239965115203518,0.04387908365744187,0.10028674245594253,0.037465919051415435,61919,0.04643598029945951,0.8062110209620604,0.009723104463821679
39580,2013,1162689,211.97368008595154,0.11610499454282272,0.6303998747730476,0.20209875555716103,0.04556936549670634,0.10160412629688592,0.038052308054862476,62088,0.046833942301692404,0.8061967458826287,0.009694513604995188
39580,2014,1189579,216.87608499174428,0.11738018240066443,0.6268579051916686,0.20178147058749357,0.047858107784350595,0.10257830711537443,0.038711174289391456,62794,0.04668748225943798,0.8070600297576923,0.010054440696923773
39580,2015,1216711,221.82260971855604,0.11696697079257112,0.6237216561697889,0.20157950408930306,0.04988448366128029,0.10310172259476573,0.03949828677475588,63363,0.04573174118300472,0.802779469945977,0.009561122231073563
39580,2016,1243720,226.7467099082383,0.11798153925320812,0.6224471746052166,0.20080725565239765,0.051015501881452416,0.10258981121152672,0.040406200752580966,65834,0.04409332808904284,0.8017649911103928,0.009686439308226928
40060,2010,1235365,104.25298131088978,0.06664589008106916,0.6041955211617619,0.3005152323402395,0.029687582212544472,0.04572737611960837,0.053945999765251565,57543,0.06863322583789236,0.8113415110185831,0.018559481422775286
40060,2011,1248271,105.34212417700493,0.06744609143367106,0.6031735095984766,0.2982933994300917,0.030568682601774776,0.04793750715990358,0.05402753088071421,58889,0.06758221217861748,0.813526631518498,0.018004925654758815
40060,2012,1260202,106.34898637564277,0.06934126433698724,0.5997078246185928,0.29969004969044644,0.031055338747280198,0.0495182518358168,0.05442064050049119,58577,0.0681899635942933,0.8119605549055657,0.0190071870299181
40060,2013,1221729,103.10223343220187,0.07172785454057323,0.5908470700130717,0.30118790664705514,0.03329707324619453,0.052628692615138056,0.05426326132882169,58891,0.0687714788755327,0.8175894412828814,0.01733197911926485
40060,2014,1234058,104.14268302125609,0.07344873579685882,0.5875882657055017,0.3009777498302349,0.034418155386537745,0.0543369922645451,0.054372646990660085,59677,0.06851052539619883,0.8182811585125069,0.0167145522134016
40060,2015,1246215,105.16861745666303,0.07364459583619198,0.5848573480498951,0.29985756871807834,0.03554041638080106,0.05542462576682194,0.054939958193409646,59919,0.06962581724449907,0.8173420224838406,0.016131226524030103
40060,2016,1258158,106.17649234043903,0.0728183582666088,0.5820270586047221,0.2990459067939003,0.03605588487296508,0.056275126017559005,0.0556432498938925,61124,0.0708969658234661,0.8176556846903883,0.015339395310457969
40140,2010,4114751,58.27213764948446,0.21983298624874265,0.37894322159469673,0.07530346307710965,0.0597353278485138,0.46021423896610025,0.045738612129871285,56841,0.04817379779276993,0.7577388050296173,0.01593568527082182
40140,2011,4178296,59.172047021141815,0.21820498116935708,0.3716754389827815,0.07468786318633241,0.0609131090760444,0.46734889055251233,0.04608050746045757,57096,0.05068576524040707,0.7590085932604356,0.016295134048062022
40140,2012,4234011,59.96106977103386,0.21640047699450946,0.36482758311208924,0.07472630562367458,0.061680992326189045,0.473303210596288,0.046615608698229644,55928,0.05279413562158588,0.7622765323949301,0.016480878493378502
40140,2013,4285443,60.689437680437926,0.2148809352965376,0.3583741517504725,0.07426373422770995,0.06231561124485847,0.4788627453451137,0.04727562588045157,55269,0.05331217857023534,0.7639507199136614,0.015933262599856345
40140,2014,4345485,61.53973838848815,0.21663013449591934,0.3519031822684925,0.07401176163305132,0.06329143927547788,0.4844568557940023,0.047974621935181,55362,0.053838544459441966,0.7692101298712164,0.01548738008888347
40140,2015,4392801,62.20981647219796,0.21660621548756703,0.3461495296508993,0.07354373667279715,0.06420277176225374,0.4894462553618978,0.04882670532992503,55092,0.05373805628533821,0.7737483979984163,0.015110417120980128
40140,2016,4430646,62.745768477396986,0.2160982845390943,0.34045080559358615,0.07352381571445789,0.06441476028552044,0.49475223251868916,0.0498974641621109,56295,0.05167751491350844,0.7772495969911708,0.014479308042088114
40380,2010,1049836,124.10027721616184,0.06746196548794288,0.7885688812347833,0.11473601591105659,0.024679092734484244,0.057637573868680445,0.06879550710777683,51810,0.09777004994678999,0.815247857772083,0.02047052011014532
40380,2011,1051879,124.34177861862149,0.06784525596575272,0.7844828159892916,0.11548191379426721,0.025359380689223762,0.05963613685604523,0.06894899508403533,52777,0.09980689094420164,0.8132597093054262,0.020138578361591886
40380,2012,1054160,124.61141381148023,0.06822209152310844,0.7809146619109054,0.11618255293314107,0.02594672535478485,0.061496357289216055,0.06911759125749412,53155,0.10161804659049307,0.8165019093404078,0.019443331142898413
40380,2013,1081126,127.7990431892221,0.06615880110181421,0.7816239735239001,0.11454909048529034,0.02627445829625779,0.06264579706713186,0.06910850354167784,52762,0.10243242736469066,0.8150784866673738,0.019161834844757916
40380,2014,1082578,127.97068295249741,0.06644047819187163,0.7779088435198203,0.11417468302514923,0.026707544398648413,0.06456901950713943,0.06932710622236919,52717,0.1041456086824883,0.8180078992841274,0.020946640017200053
40380,2015,1083156,128.0390078720381,0.06721377160815248,0.7744267677047443,0.11568970674584271,0.02735063093404828,0.0667207678303033,0.06954122951818574,52483,0.10430726271259284,0.816001219321495,0.022466394430709483
40380,2016,1082226,127.92907331291552,0.06855130074494606,0.7722813903935037,0.11542043898409389,0.027837993173329786,0.06826393008484365,0.07021084320650216,53480,0.10475812552503214,0.8129109149230337,0.023291488763326772
40900,2010,2107092,159.69071550469312,0.17181167220035956,0.5691460078629694,0.07257775170709205,0.11853113200562672,0.19431804591351493,0.05520641718539105,60330,0.06300230065305533,0.751469917762026,0.02682089154222008
40900,2011,2130801,161.48755549739428,0.1731733747074457,0.5623580052759503,0.07273227298091187,0.11928237315450856,0.19830054519403736,0.05576541403913364,60479,0.0645297699594046,0.7513022954271604,0.027001662321187204
40900,2012,2153736,163.2257361559038,0.17485987140485185,0.5570617754450871,0.07174509782071711,0.1205375217761137,0.2012605073230888,0.05628591433676179,59829,0.06629191505573333,0.7510266121743998,0.02680854618696981
40900,2013,2174401,164.7918797490191,0.1762669351237421,0.5522113906312589,0.07164455866236265,0.12170708162845767,0.2038736185275853,0.05689704888840651,58940,0.06790546369883174,0.7536262605182042,0.02654504648715744
40900,2014,2197422,166.53657811132769,0.17718626645223357,0.5465322546147258,0.07189470206451014,0.1237891492849348,0.20632996302030288,0.057758136580046984,59439,0.06842363188101204,0.7545736547978822,0.026261386882915735
40900,2015,2221525,168.36327828189908,0.18053454271277614,0.5415725683933335,0.07127401222133445,0.1262538121335569,0.2084806608073283,0.05860703795815937,60003,0.06810640606672647,0.7571773732064515,0.026112159040332324
40900,2016,2242542,169.9560989882385,0.18092191807332927,0.5378115549229401,0.07084906325054335,0.12743796994660522,0.21011289866588898,0.059623409505819736,61686,0.06678339636156526,0.7618849874333481,0.024878553431829927
41180,2010,2792309,137.1048617281279,0.04147105495845911,0.7559045220281853,0.18281930832153606,0.020270679212078604,0.024132715970904366,0.06373220155792214,53227,0.07565515727117723,0.8233072858671043,0.025760342676046873
41180,2011,2801982,137.57981465328635,0.0432251170778399,0.7535694376337893,0.1826607023171455,0.020546527422374592,0.025060475049447143,0.06379519925538422,54149,0.07636399024308488,0.8239372139637638,0.025674175831622827
41180,2012,2810367,137.9915256299692,0.04372774089647366,0.7514104029829556,0.18257971289870684,0.020996546002710677,0.02565963804727283,0.06396032973629423,54109,0.07842516740148306,0.8252436778037091,0.024803013594060914
41180,2013,2792127,137.09592536584333,0.044357223005973584,0.7479799450383167,0.18333729088970524,0.021696362665451822,0.026562545328346454,0.06421412779576287,54463,0.08079681274900398,0.8285620470376175,0.025413508516245128
41180,2014,2797737,137.37138136813203,0.044754385419358576,0.7460747740048475,0.183386787249838,0.022205089327552947,0.02735496581701568,0.06467763052781587,54959,0.08223176307689242,0.8295375933005643,0.025926178772983796
41180,2015,2801914,137.57647579265256,0.044655903071971516,0.744248039019042,0.18253736552942024,0.023109917006731828,0.02806367361739154,0.06510442504659315,55066,0.08252223284377626,0.8291390917539335,0.026120319652370157
41180,2016,2803449,137.65184566137148,0.04483263294606037,0.7423138426987614,0.1829578494204817,0.023804249693859244,0.02855304305517953,0.06579003220675675,56726,0.08168723610975667,0.827795376323428,0.02660334168829873
41620,2010,1090848,54.8123681681617,0.11509944556895187,0.7606614303734343,0.01411470709026372,0.03068988530024348,0.15809718677579276,0.03799062747513861,58677,0.051944223825236835,0.7596718896151489,0.032385529702200086
41620,2011,1109380,55.74355455425066,0.11606663181236367,0.7541122068182228,0.014835313418305721,0.030878508716580433,0.16271611170203176,0.03793920928807081,59930,0.05364258793291504,0.7597976445137465,0.031888459158128324
41620,2012,1126982,56.62801077958726,0.11636388158817089,0.7494396538720228,0.01537912761694508,0.03141487619145648,0.165838496089556,0.03780450796907138,60329,0.056558898444677166,0.7588089184036301,0.03383286542417941
41620,2013,1107434,55.64577294906346,0.11622814542446773,0.7422582293843245,0.016288103850884115,0.03312883657175055,0.16948098035639145,0.03827225821132456,60616,0.05736402020034771,0.7585305653807005,0.034127926849304206
41620,2014,1123643,56.46023442824088,0.1189336826732334,0.7379336675438729,0.01600419350274064,0.033916466350967345,0.17161144598417824,0.03835826859598645,61529,0.057338135385119095,0.7574273866619665,0.03514569051086765
41620,2015,1139851,57.274645659933626,0.11943052205946215,0.734190696854238,0.016205626875793414,0.03518179130430205,0.17322264050301311,0.03848134536882452,62192,0.056730621310957755,0.7516204233744832,0.036692335014306604
41620,2016,1154504,58.010922052949034,0.11965571362247338,0.7315860317504314,0.01619656579795306,0.036240671318592224,0.17421420800620874,0.038947461420662036,64564,0.054765452766663024,0.7501578285603749,0.03848203216361414
41700,2010,2057782,108.64793563194712,0.11364177546503955,0.3685419543955579,0.06427017050396981,0.019932626488131395,0.5350693124927713,0.04895465117296196,49221,0.07334322548320582,0.7906388334533041,0.022383524208947375
41700,2011,2105462,111.16537118679754,0.1147529615827785,0.3644563520975444,0.0641968366087823,0.020037407466864755,0.538048656304412,0.04891278018791125,50318,0.0729525436122005,0.789929879544771,0.02211775382391271
41700,2012,2149153,113.47219326790011,0.11693723062062124,0.3605266819067791,0.06393588543951967,0.020723512937422323,0.540932171883528,0.04910911414869021,51208,0.07168947093389073,0.7908751993497022,0.022343671665624787
41700,2013,2192724,115.77267952126397,0.11770975280062607,0.35741479547813587,0.06454847942559118,0.021418108252566216,0.5422146152456944,0.0492237053090129,52139,0.07017723971454219,0.7922485321725267,0.022841210936113375
41700,2014,2239222,118.22770717288803,0.11865415756008113,0.35432083107436424,0.06488146329394763,0.022008536893617515,0.5436495354189982,0.04957525426241793,52786,0.07033269455770942,0.7932064051402846,0.022238033468532703
41700,2015,2286702,120.7345830148406,0.1169855101364323,0.35083014752250186,0.0664708387887884,0.02278696568245447,0.545254694315219,0.049953601300038224,53122,0.06873146766472367,0.7963303800421936,0.022447400855295833
41700,2016,2332345,123.1444678938263,0.11797054037888906,0.34757122123871037,0.06712343156779979,0.023706612872452404,0.547649683044318,0.05049081503808399,54638,0.06670050219040496,0.796253969271313,0.022394748921498675
41740,2010,3022468,277.3214902740654,0.23109789747980788,0.4965501702582128,0.05039358563928551,0.10813183133783386,0.311261194494036,0.055412993619783565,63069,0.06133798711420065,0.7529370448750476,0.03304311841570947
41740,2011,3060849,280.8430746608013,0.2317232898453991,0.4901002957022708,0.05033766775165975,0.10889593050816947,0.31620573246181044,0.05539051420047183,63857,0.06179514457994376,0.7576950261430653,0.03243538707333969
41740,2012,3100500,284.48118577094607,0.23237703596194162,0.4846427995484599,0.050522496371552976,0.11059054991130463,0.3199764554104177,0.055417835832930175,63373,0.061352066865143676,0.7586417484316633,0.03105788835986008
41740,2013,3138265,287.94625010916235,0.23375240777945777,0.4797539404734782,0.05061490983075043,0.11119233079424459,0.3235424669363486,0.05533949491199755,62962,0.062220211559309346,0.7596731133198802,0.03077305524568726
41740,2014,3183143,292.0639558517937,0.23356789186034055,0.47464125865536044,0.05036405841647705,0.11246682916852935,0.3266431951062205,0.0554678190706481,63996,0.06144613774910939,0.7611629726027865,0.029771114913907645
41740,2015,3223096,295.72977646624514,0.23534111301680125,0.47014299294839496,0.05065812498293566,0.11450232943728639,0.32918504444174174,0.055757880001092115,64309,0.06073351447735563,0.7600515237798994,0.030066172697713864
41740,2016,3253356,298.5062320964431,0.23530563516565664,0.46711887663077756,0.050387353858600166,0.11569376360902403,0.3308334532095473,0.05619366586380341,66529,0.05819088990579516,0.7592485945962478,0.02983900407809483
41860,2010,4244889,663.4560268399672,0.29788387870684013,0.43598218940471706,0.0839470714075209,0.2306470204521249,0.20900381611863114,0.05984066956756702,75707,0.12168167399787025,0.6197766507076239,0.14562686955862109
41860,2011,4292964,670.9699214295151,0.29768803092688406,0.4303620994725323,0.0834751933629073,0.23199682084452605,0.21280588423289828,0.05981065762489506,76911,0.1232238179454679,0.6190832813793822,0.1463248450549811
41860,2012,4348880,679.7093271470223,0.2979236033185556,0.4250710527768069,0.08226439910965581,0.23402324276595354,0.21525772152830153,0.05987656592042089,77183,0.12461113824020069,0.6151243831592111,0.14749981686884506
41860,2013,4402729,688.1256705636124,0.2977253426227233,0.4207869709900382,0.0812368873941594,0.236315249019415,0.2170751368071939,0.059811312483689094,77887,0.12401213675917555,0.6110667105224953,0.150989397964512
41860,2014,4466251,698.0538580231498,0.2991423903403548,0.4157043569651594,0.07967465330542327,0.23978276187343703,0.2182886720876189,0.06009850319652881,80008,0.1250296809796976,0.6055674347876945,0.1549837407883963
41860,2015,4528894,707.8446619497863,0.3004309661475848,0.41166673364401996,0.07840059846841194,0.24381802709447384,0.21868495928586537,0.06039554027981225,81552,0.12455209276355377,0.6003585155208144,0.16050450018812693
41860,2016,4577530,715.4462381797863,0.3023816337631867,0.4085524289300125,0.07631604817445216,0.24705485272625194,0.21843483275915176,0.060918224457294654,85947,0.12402809968698478,0.5934055963621768,0.1652641346001711
41940,2010,1793888,258.45555409869314,0.36513762286162793,0.36658252912110456,0.025138693162560875,0.3057582190192476,0.2710325282291871,0.049905010792201075,86286,0.05214820416618451,0.7667950313058981,0.032811706476278193
41940,2011,1817627,261.87576561621756,0.36465402417547715,0.3594186265939051,0.02527856375372945,0.30902819995521635,0.2744011835211515,0.050434440069387174,88339,0.050991423292242356,0.7674194872998181,0.03168534052912536
41940,2012,1843860,265.65530176935033,0.3634440792684911,0.3526694000629115,0.02569012831776816,0.3137700259238771,0.27624928139880467,0.0509111320816114,89940,0.05158901970883397,0.7651733575476923,0.032439732140265236
41940,2013,1868323,269.1798240471717,0.36547963066343453,0.34760317140023433,0.026014238437357996,0.3163698139989713,0.27699867742355044,0.051583157730221166,90962,0.05077174586348049,0.7638133666820974,0.033436281520685215
41940,2014,1898457,273.52139925544,0.3687463029186334,0.34157792354527916,0.02593369246709301,0.3224307951141374,0.27664729830594004,0.05226929027099376,92960,0.05084871841540908,0.7646813411853635,0.03552815594302306
41940,2015,1925706,277.44731625451425,0.3716990028592111,0.33671806599761334,0.025320064433511657,0.32831439482454744,0.27542158564183733,0.05295564328095774,95405,0.05100045250923416,0.7610202927851627,0.03786338072201749
41940,2016,1943107,279.9543763925336,0.3751476372634137,0.33256120223950614,0.0249306908986484,0.3342914209047675,0.2729932010949474,0.05383851738478632,100469,0.05059715607428308,0.7565579529740155,0.0404123223304656
42660,2010,3356089,220.75327662455405,0.16116408116709657,0.6942935661122217,0.054427638837945,0.11071756440308943,0.08361786591475971,0.04950643442411688,65400,0.073594332154023,0.6976551177469255,0.08198806263272779
42660,2011,3404443,223.93385495185814,0.16332098965968883,0.687166153171018,0.05445883511634649,0.11254058299698365,0.0868964467902679,0.04947152882277659,67023,0.07456506970699434,0.6984340331239856,0.08283698659026677
42660,2012,3453748,227.1769871524564,0.16622231847836033,0.6804625004487878,0.05498056024932913,0.11407404361870062,0.08928184685159427,0.04945438983967562,67437,0.07539311143440325,0.697441241522405,0.08291223260953522
42660,2013,3504628,230.52371803910967,0.16874972179643602,0.6743206411636271,0.05553257007591105,0.11598977123962943,0.09151413502374574,0.04952622646397849,67745,0.07676950561645424,0.6992432620716681,0.0856707449819306
42660,2014,3557037,233.97102187241572,0.1710929630476152,0.6679978307788196,0.05584704348028992,0.11905330194766037,0.09328578814333391,0.04974196220056187,68969,0.07871051608742573,0.6980136768475078,0.08730709301615197
42660,2015,3614361,237.74161938315694,0.17257573330389522,0.6616992602565156,0.0557077724112229,0.1215534364165616,0.09485466448979502,0.04994326798014919,70475,0.07921942942897833,0.6951882911577397,0.08944421525447603
42660,2016,3671095,241.4734084972172,0.17464843595711907,0.656893924019945,0.055593494584041,0.12405535678047014,0.09563059523112313,0.05029807182870506,73044,0.08035326970566266,0.6907543665557451,0.09205428196737678
45300,2010,2745350,421.52242181777666,0.12271622926038574,0.6890695175478536,0.11532555047625986,0.028909246544156483,0.15308175642449962,0.08441000236763983,46475,0.06542772509422051,0.8059307620206405,0.013834762592452407
45300,2011,2770114,425.32469885126795,0.12317940705689369,0.6808286590371371,0.11723596934999787,0.02924392281328494,0.1580808587661013,0.08392289992397425,46890,0.06874731051279258,0.8050349620589641,0.013722935503512574
45300,2012,2793814,428.9636087888283,0.12393273138440855,0.674189477180657,0.11848533939625186,0.029358432594295828,0.162539095301262,0.08371351850910619,46606,0.07131329523062245,0.8030639725927018,0.013573561606728983
45300,2013,2819241,432.8676831762691,0.12524470238620963,0.6677946298312205,0.119776563975907,0.029854489204718573,0.1664029432035076,0.08380234254538721,46497,0.07272073288246082,0.8054572850614791,0.013640747903730153
45300,2014,2851235,437.78005805147194,0.12701653844737457,0.6608417054364162,0.11955801608776548,0.03055447902400188,0.17039809065194556,0.08382648220858681,46706,0.07472883188237502,0.8069139563626415,0.013570203504489273
45300,2015,2888458,443.49529622049334,0.12847339306993558,0.6546787247728719,0.119985819423374,0.03136413962051725,0.174217177469778,0.08413174088042824,47085,0.07448531254010254,0.8058329062343792,0.012968780648304576
45300,2016,2927714,449.5226822335258,0.12917621051783063,0.6503879818862088,0.11955368591330984,0.03207929463055476,0.17811439232110787,0.08451235332412933,48521,0.07267358041862944,0.8016332090986914,0.013568981047346575
46060,2010,964462,40.53248824656045,0.13218872283200375,0.5630621009433239,0.03455708985942422,0.02603316667738076,0.3362527502379565,0.0703376597522764,45521,0.08060647323766629,0.7574075883251404,0.025050575331628824
46060,2011,974181,40.94093902354111,0.13170755742516022,0.557008399876409,0.035759268554816814,0.026541269024955322,0.3412271436211546,0.07092624471222493,46341,0.08160244373192177,0.7636448154733094,0.023491750092251365
46060,2012,981048,41.22953162417144,0.12912823837365756,0.5519943978276293,0.03654255449274653,0.02681010511208422,0.3458322120834047,0.07171514543630893,46443,0.08301420533209339,0.7654537294160284,0.024265145314858863
46060,2013,986891,41.47508959205888,0.1276432757011666,0.5468820771493509,0.03626641645328613,0.027048579833031206,0.3496556357287684,0.07282060531507532,45841,0.08473574436062817,0.7645782090045596,0.024842259792531525
46060,2014,993144,41.73787822344689,0.12798345456449417,0.5414380996109326,0.035670557341130796,0.026980981609917597,0.35375433975334897,0.07417856826401811,46233,0.08557444549468478,0.7654035346487644,0.026373695233550484
46060,2015,998537,41.964524487492234,0.12925610167675308,0.5367502656386293,0.03617592537882923,0.027538288516099053,0.3571114540572858,0.07587500513250886,46162,0.08895236335453141,0.7655032038479661,0.028225912540571312
46060,2016,1003338,42.16629135448309,0.1290342835614718,0.532715794677367,0.035219437517566364,0.027206185751959957,0.3610597824461946,0.0778371794948462,46764,0.08830774678165862,0.7653057852020075,0.02824139868460191
46140,2010,917367,56.49346144342124,0.05443949913175425,0.6895310164852235,0.08258853872005424,0.016377305920095227,0.07742811764539165,0.057363083694966135,46494,0.060001437425018934,0.8161222731823156,0.0051754243009801415
46140,2011,927976,57.14678681097125,0.05561027440364837,0.6837428985232377,0.0826249816805607,0.017281696940438115,0.08101394863660268,0.05747993482590067,47760,0.059575250781031236,0.8206633544454652,0.005347841078176597
46140,2012,936717,57.685076662772055,0.05681758738231504,0.6788336285132008,0.08177283000095013,0.017825020790697723,0.0832823574249213,0.057577688885757386,48338,0.06087819995198708,0.8246017397079578,0.005207132249167505
46140,2013,945802,58.24455078513909,0.05759133518431976,0.6746581208329016,0.08119458406727835,0.018131701984136214,0.08553904517013075,0.057974079141300185,48573,0.059002927449802525,0.8297468090141001,0.005716168125867053
46140,2014,954055,58.75278853218313,0.05869158486670056,0.6711793345247391,0.08054462268946759,0.018885703654401474,0.08761863833846058,0.05854065017215988,49255,0.058820188250568,0.8304965158395999,0.00572726102704591
46140,2015,962676,59.283688522158506,0.06031624347132369,0.6672089051768196,0.08005081668183273,0.019823907524442283,0.08978617935837187,0.05890870864132896,50023,0.05915768854064642,0.8317932767942714,0.005626028462414784
46140,2016,970603,59.77185047791013,0.0621726905851311,0.6638666890582452,0.078966374511515,0.02110852737937138,0.09117115854783057,0.059600063053586276,50950,0.060092015316372496,0.8293385046904567,0.005705939455754924
46520,2013,964678,620.1399696381238,0.19594828533458833,0.19294832057950942,0.023060544554763352,0.43559716299117424,0.0860857197945843,0.07290930237861752,72764,0.10404353734469969,0.6468992728518034,0.0813393309228122
46520,2014,975690,627.2189963658558,0.19376236304563949,0.19388535292972153,0.024771187569822384,0.43170679211634844,0.08905902489520237,0.07321075341553157,73581,0.10231475361206677,0.6419132708288231,0.08415210911089277
46520,2015,984178,632.6754782824003,0.19068603443686,0.19455118891094902,0.026317393804779217,0.42619424534992656,0.09249952752449252,0.07359644291987831,74460,0.10128164546740655,0.6398728999540478,0.08438923770881973
46520,2016,986999,634.488948532939,0.19266584869893486,0.18884213661817287,0.023641361338765286,0.4289821975503521,0.09385521160609078,0.07421081480325714,77161,0.10103441146445785,0.6357542764471464,0.08738499026135428
47260,2010,1663070,239.34233233945636,0.06251570889980577,0.5785228523152964,0.3126380729614508,0.03437919029265154,0.05013799779925078,0.05030575982971252,57605,0.06350983275695718,0.8004778025882975,0.017330548152416626
47260,2011,1666758,239.87309443706377,0.06216139355563315,0.5752088785534553,0.31241307976322896,0.03571064305676049,0.052151542095493164,0.050943808279306294,59211,0.06321438820157153,0.8047458835372799,0.016935478044327986
47260,2012,1674571,240.99750991119782,0.06163787620829454,0.5720199382408987,0.31211874563694225,0.03608088280520802,0.05392664748165351,0.0513839066841597,59293,0.06436160442386334,0.8059477081661716,0.0182522643650742
47260,2013,1688238,242.96440947410457,0.06177505778213735,0.5699018740248709,0.31004929399764725,0.03620698029543228,0.05624562413593344,0.05211824399166468,58844,0.06406027768914145,0.8097856470400318,0.017098381643622776
47260,2014,1697898,244.35463774495256,0.06330827882475862,0.5669439506966849,0.30887897859588737,0.03668477140558502,0.058524128068941715,0.05274816272826754,59244,0.06558645175079031,0.8115167364775208,0.01792684724837276
47260,2015,1706878,245.64700315615497,0.06298985633419611,0.5642412638747467,0.30792065982454514,0.03703076611216502,0.0606780332279167,0.053392802531873985,58852,0.0661223920836244,0.8176856942725275,0.017154111133500294
47260,2016,1714428,246.73356873016138,0.06376529081419575,0.5616520495465543,0.30687436276122415,0.03719374625239438,0.062182255539456895,0.05435632175862737,60059,0.06689595602669808,0.8148993739589232,0.0171000751534234
47900,2010,5416691,334.780316873259,0.20984785729885644,0.49532694406972816,0.2599114477824192,0.09104488330606268,0.13065005923358006,0.04261143934553402,85660,0.09861566359736844,0.660305869409536,0.13932535434367282
47900,2011,5503801,340.16417823858876,0.21281746923626055,0.48990125188029143,0.2592370254665821,0.09166828524505155,0.13461587728190028,0.04278588560887285,88486,0.09965017785900988,0.661712782691663,0.14019134067407618
47900,2012,5603696,346.3382206113315,0.21508286673652532,0.4852791800268965,0.2577202617700889,0.09300611596346411,0.1382994366575203,0.04298877026876547,89826,0.1005681945457609,0.658856848262208,0.14114524359318675
47900,2013,5759330,355.95722967724515,0.21631804393913875,0.48315533230427843,0.2554080075286535,0.09332474437130708,0.14113221503195683,0.04332257397995948,90540,0.10060005709364649,0.6597045842958911,0.14134744065850366
47900,2014,5863608,362.4021647645355,0.21927915372241802,0.47771917904471106,0.2541815551107782,0.09500515723424895,0.1446198313393392,0.04374388601693701,91756,0.09987829879610007,0.659822785601444,0.14167774772181754
47900,2015,5949403,367.70475213496906,0.22117311602525497,0.472858032982469,0.25378042132966955,0.09692905321760856,0.14711728218780942,0.044430508405633305,92324,0.10040189037846434,0.6593464358613836,0.14257066683057631
47900,2016,6011752,371.55825198879694,0.2229962247278331,0.46861281037541136,0.25407551741988027,0.09758785791562925,0.1494529381784212,0.0453874344783351,93804,0.10003724546804288,0.6591343425444811,0.1402558713009319
