id,year,bus,total
1,1991,656105184,1981811674
1,1992,650522389,2024147703
1,1993,620555564,1798879235
1,1994,605751527,1914777792
1,1995,658518694,1893771366
1,1996,637710185,1990541463
1,1997,635046592,2215331424
1,1998,689246563,2225622676
1,1999,801718592,2429165659
1,2000,821994536,2499974471
1,2001,926017695,2667001290
1,2002,976567696,2671728275
1,2003,911622748,2614249644
1,2004,893390100,2655645263
1,2005,977056715,2782891350
1,2006,1025549280,2902633316
1,2007,972900135,3367247569
1,2008,1023669105,3457415254
1,2009,962613422,3326847031
1,2010,949416965,3394533120
1,2011,918379630,3421911067
1,2012,926259260,3501939832
1,2013,929197351,3591948035
1,2014,921299294,3670751880
1,2015,901881137,3570944246
1,2016,910761347,3590360584
1,2017,857530727,3562857708
2,1991,116892846,167728001
2,1992,115815875,160560860
2,1993,120655000,169449273
2,1994,131085192,182544954
2,1995,137312337,188871139
2,1996,138079985,191225443
2,1997,142038360,197376087
2,1998,145491539,206459470
2,1999,147017247,212063872
2,2000,149779685,218609688
2,2001,152949280,225939144
2,2002,152143573,225436331
2,2003,147558238,222348751
2,2004,149619610,229887632
2,2005,156146589,244084365
2,2006,162266484,255294278
2,2007,167075915,268289345
2,2008,169281953,277153754
2,2009,170738602,281447641
2,2010,162224375,267719204
2,2011,155676004,257831099
2,2012,161680466,266823218
2,2013,161252466,264373715
2,2014,161229298,270958026
2,2015,162454667,276498375
2,2016,159895729,277012293
2,2017,154452189,269089006
3,1991,0,90534000
3,1992,0,89834000
3,1993,0,92462000
3,1994,0,97393000
3,1995,0,97736000
3,1996,0,98015000
3,1997,0,96535000
3,1998,0,99602000
3,1999,0,101191000
3,2000,0,105148000
3,2001,0,101923000
3,2002,0,100504000
3,2003,0,97958000
3,2004,0,96202000
3,2005,0,95519000
3,2006,0,99520000
3,2007,0,102143717
3,2008,0,99599386
3,2009,0,97350595
3,2010,0,98373179
3,2011,0,96457658
3,2012,0,96953120
3,2013,0,99256047
3,2014,0,97869572
3,2015,0,98699512
3,2016,0,103196857
3,2017,0,103630405
4,1991,0,61585249
4,1992,0,61966230
4,1993,0,64139889
4,1994,0,66961167
4,1995,0,67125160
4,1996,0,68619112
4,1997,0,70264626
4,1998,0,72427600
4,1999,0,74939764
4,2000,0,82264978
4,2001,0,82038154
4,2002,0,68322298
4,2003,0,66284718
4,2004,0,67855949
4,2005,0,71305202
4,2006,0,78283045
4,2007,0,82406648
4,2008,0,85405220
4,2009,0,81553198
4,2010,0,84434317
4,2011,0,87375827
4,2012,0,81292016
4,2013,0,71725863
4,2014,0,84168208
4,2015,0,86652206
4,2016,0,89466496
4,2017,0,94198861
5,1991,0,57398642
5,1992,0,57836795
5,1993,0,59119405
5,1994,235648,62376196
5,1995,240254,62649804
5,1996,244554,63380273
5,1997,239395,64296849
5,1998,234899,66705342
5,1999,213435,68778173
5,2000,245310,71980528
5,2001,253853,73212712
5,2002,267089,73461083
5,2003,276397,72933707
5,2004,277674,72617899
5,2005,282353,74652827
5,2006,348013,77070688
5,2007,394877,80324201
5,2008,415008,83622106
5,2009,385419,80045924
5,2010,395635,81269535
5,2011,384738,82400576
5,2012,349030,83357303
5,2013,350523,83828218
5,2014,362976,84976450
5,2015,378103,86299452
5,2016,384044,86872761
5,2017,397913,86949250
6,1991,532266,646234
6,1992,487934,618288
6,1993,519246,657391
6,1994,580297,718629
6,1995,614793,769691
6,1996,615220,772487
6,1997,622432,778067
6,1998,674711,830204
6,1999,337084,488205
6,2000,361511,523450
6,2001,316311,492806
6,2002,296243,485291
6,2003,267751,451563
6,2004,267576,453045
6,2005,24947454,25143961
6,2006,28921545,29118230
6,2007,30875894,31079433
6,2008,32271588,32488960
6,2009,31953351,32166260
6,2010,32273641,32486925
6,2011,31584651,31840069
6,2012,32117817,32340487
6,2013,32475123,32739591
6,2014,31413914,31682977
6,2015,29879897,30177431
6,2016,29395203,29718131
6,2017,28639794,28963997
7,1991,0,0
7,1992,0,0
7,1993,0,0
7,1994,0,0
7,1995,0,0
7,1996,0,0
7,1997,0,0
7,1998,0,0
7,1999,0,0
7,2000,0,0
7,2001,0,0
7,2002,0,0
7,2003,0,0
7,2004,0,0
7,2005,0,0
7,2006,0,0
7,2007,0,0
7,2008,0,0
7,2009,0,0
7,2010,0,0
7,2011,0,0
7,2012,29176016,29521641
7,2013,28477964,28849938
7,2014,28383880,28744207
7,2015,27180291,27535454
7,2016,26902007,27264239
7,2017,25244195,25593398
8,1991,0,21504006
8,1992,3488625,21604744
8,1993,3479277,21765528
8,1994,3135343,20658606
8,1995,2811469,20190078
8,1996,0,17596905
8,1997,0,16855505
8,1998,0,19263674
8,1999,0,19852089
8,2000,0,19000298
8,2001,0,18039511
8,2002,0,19000298
8,2003,0,19245949
8,2004,0,19346034
8,2005,0,20034157
8,2006,0,20004280
8,2007,693011,19682761
8,2008,676659,20435622
8,2009,698796,21935823
8,2010,641114,22148649
8,2011,631358,22037127
8,2012,655509,22834351
8,2013,642005,22020837
8,2014,569639,21638569
8,2015,612317,22523853
8,2016,599667,23666630
8,2017,554655,24476510
9,1991,15307680,20670102
9,1992,15761831,20857691
9,1993,15685889,20834810
9,1994,22715318,27875234
9,1995,22327211,27425061
9,1996,22350816,27282337
9,1997,22332069,27003791
9,1998,39725462,43977271
9,1999,39947772,44127594
9,2000,36557178,40795969
9,2001,47453173,51562113
9,2002,47395230,51178203
9,2003,49524675,53087084
9,2004,56874178,60431471
9,2005,43689773,47398074
9,2006,44881987,49003920
9,2007,45721558,60181429
9,2008,46967784,61438864
9,2009,44182385,57138221
9,2010,45542070,59593535
9,2011,46722670,61151463
9,2012,46722378,60438830
9,2013,46046288,60341375
9,2014,45413608,60849405
9,2015,49008571,66556964
9,2016,46803184,64884236
9,2017,45005536,63220809
10,1991,0,0
10,1992,0,0
10,1993,0,0
10,1994,379738245,397695772
10,1995,344346167,363318011
10,1996,336853544,364643470
10,1997,351289226,386485820
10,1998,367913375,404891131
10,1999,359571659,398630147
10,2000,359001513,416818721
10,2001,336308899,398110504
10,2002,378039587,445196341
10,2003,366240007,429804232
10,2004,329875269,393597973
10,2005,377268411,451511323
10,2006,400518132,482815939
10,2007,412989318,495362403
10,2008,387520373,476031739
10,2009,386029758,481435588
10,2010,365975482,463015579
10,2011,357300518,456001753
10,2012,360002885,464875164
10,2013,359504030,476299313
10,2014,361601141,479654334
10,2015,342979105,457355988
10,2016,320869835,432985182
10,2017,289999055,407153682
11,1991,44748802,46092827
11,1992,44341343,46265616
11,1993,41753532,43759631
11,1994,38153840,39280355
11,1995,41515132,42187639
11,1996,44571188,44961711
11,1997,47463546,47771422
11,1998,51573929,51887035
11,1999,54619508,54929483
11,2000,55526660,55625103
11,2001,57328328,57328328
11,2002,64024829,64803120
11,2003,65125614,66034770
11,2004,67551874,68636823
11,2005,67304135,68501777
11,2006,67868149,69057674
11,2007,69035226,70266572
11,2008,65203611,67031314
11,2009,64353673,66610910
11,2010,53376612,55708308
11,2011,51305413,53801346
11,2012,52530933,55211248
11,2013,51419189,54273123
11,2014,48904819,51783367
11,2015,47021445,50023219
11,2016,43271533,46356803
11,2017,39954846,42863498
12,1991,23150580,23258938
12,1992,20816190,20932310
12,1993,22634966,22918507
12,1994,23201349,23292073
12,1995,21039270,21125478
12,1996,23710332,23793204
12,1997,23961942,24041288
12,1998,25456962,25538709
12,1999,27118943,27302473
12,2000,26255487,26377351
12,2001,25838358,25950232
12,2002,25477953,25569434
12,2003,26282201,26369226
12,2004,26775475,26857877
12,2005,26964674,27040526
12,2006,27143491,27209288
12,2007,26577075,26636190
12,2008,28228397,28285338
12,2009,29746377,29799051
12,2010,28556522,28605571
12,2011,27865454,27912518
12,2012,28183414,28230703
12,2013,28597870,28648284
12,2014,28480560,28532560
12,2015,28060212,28117340
12,2016,26271977,26323460
12,2017,25220528,25263321
13,1991,0,0
13,1992,0,0
13,1993,3941295,5642145
13,1994,4636539,5822002
13,1995,4602545,5810774
13,1996,5447437,6580851
13,1997,4965961,5886559
13,1998,7165625,8039122
13,1999,6532569,7574206
13,2000,12564011,13553082
13,2001,21220881,22293869
13,2002,21620283,22763014
13,2003,24266799,25531342
13,2004,28368908,29713243
13,2005,29983363,31112645
13,2006,29693668,30697564
13,2007,29251739,30205735
13,2008,29890361,30892169
13,2009,30443037,31444384
13,2010,30341013,31350971
13,2011,27344635,27825576
13,2012,23918726,24266043
13,2013,26306301,26619776
13,2014,25277194,25584956
13,2015,23590779,23895017
13,2016,21242603,21536305
13,2017,19465764,19734177
14,1991,0,0
14,1992,0,0
14,1993,0,939456
14,1994,0,3291172
14,1995,0,4401664
14,1996,0,5440791
14,1997,0,5534633
14,1998,0,6218214
14,1999,0,6734076
14,2000,0,6978588
14,2001,0,7397965
14,2002,0,7910810
14,2003,0,7910810
14,2004,0,9783403
14,2005,0,10693327
14,2006,0,11706680
14,2007,0,12018859
14,2008,0,12680973
14,2009,0,12241830
14,2010,0,12005849
14,2011,0,11270214
14,2012,0,13155790
14,2013,0,13444752
14,2014,0,13429362
14,2015,0,13975359
14,2016,0,13758419
14,2017,0,14396198
15,1991,0,0
15,1992,6868424,6868424
15,1993,9775732,9775732
15,1994,11052008,11052008
15,1995,12439329,12439329
15,1996,13464204,13464204
15,1997,15249854,15249854
15,1998,0,0
15,1999,0,0
15,2000,0,0
15,2001,0,0
15,2002,16761933,16761933
15,2003,17101409,17101409
15,2004,15044120,15044120
15,2005,14747521,14747521
15,2006,14664799,14664799
15,2007,14392111,14392111
15,2008,14561590,14561590
15,2009,14283970,14283970
15,2010,14280609,14280609
15,2011,13938044,13938044
15,2012,13860335,13860335
15,2013,14058929,14058929
15,2014,14522170,14522170
15,2015,14596534,14596534
15,2016,13584135,13584135
15,2017,13561124,13561124
16,1991,19472820,19472820
16,1992,18762519,18762519
16,1993,18005720,18005720
16,1994,17602352,17602352
16,1995,17770370,17770370
16,1996,18433192,18433192
16,1997,19368271,19368271
16,1998,20794059,20815273
16,1999,21739545,21760483
16,2000,22181440,22205062
16,2001,22941404,22964000
16,2002,22533044,22558892
16,2003,20043352,20070083
16,2004,20629900,20657126
16,2005,20543294,20570490
16,2006,21962827,21984368
16,2007,21827761,21850409
16,2008,20985747,21008551
16,2009,21982399,22006705
16,2010,22350252,22375445
16,2011,22260408,22285115
16,2012,21288131,21314018
16,2013,19319086,19344375
16,2014,18817490,18841607
16,2015,18748868,18773986
16,2016,16576943,16601271
16,2017,13333812,13356740
17,1991,0,0
17,1992,0,0
17,1993,0,0
17,1994,0,0
17,1995,0,0
17,1996,0,0
17,1997,0,0
17,1998,0,0
17,1999,0,0
17,2000,0,0
17,2001,0,0
17,2002,0,0
17,2003,0,0
17,2004,0,0
17,2005,0,0
17,2006,0,0
17,2007,3845722,3845722
17,2008,3428570,3428570
17,2009,2868934,2868934
17,2010,4131028,4131028
17,2011,7721533,7721533
17,2012,7613296,7613296
17,2013,8198807,8198807
17,2014,9010525,9010525
17,2015,8915038,8915038
17,2016,9528312,9528312
17,2017,9535775,9535775
18,1991,21811332,22198008
18,1992,19909680,20338302
18,1993,19826548,20235375
18,1994,19143157,19723694
18,1995,20151100,20916140
18,1996,21228793,22360420
18,1997,22235777,23558932
18,1998,23646110,25236358
18,1999,24759859,26747071
18,2000,25689411,27705688
18,2001,26380755,28494155
18,2002,26240388,28740088
18,2003,27409749,30269987
18,2004,28920489,31671116
18,2005,27424015,30204899
18,2006,28649899,31415781
18,2007,28294976,31040454
18,2008,28854771,31760539
18,2009,27811671,31011853
18,2010,23668594,26854343
18,2011,23469147,26867783
18,2012,24854019,28532601
18,2013,24446973,28325473
18,2014,24446788,28588429
18,2015,24060062,28464306
18,2016,32468237,38315901
18,2017,29848888,35640889
19,1991,392088602,540646178
19,1992,370335119,508719618
19,1993,326655953,463193591
19,1994,331520746,475715861
19,1995,306075585,442226223
19,1996,302115116,444819640
19,1997,287628293,439264706
19,1998,290530719,445313180
19,1999,299058490,466735403
19,2000,302089554,479586574
19,2001,301690748,484820801
19,2002,303295027,485225048
19,2003,291804434,474742925
19,2004,294030775,474750702
19,2005,303244197,492254103
19,2006,298433228,494729137
19,2007,309271311,499544307
19,2008,328199214,526336459
19,2009,318672798,521241837
19,2010,306023976,516873050
19,2011,310381447,531968639
19,2012,314423578,545577917
19,2013,300116357,529230291
19,2014,276116759,514216813
19,2015,274288766,515964831
19,2016,259058440,497704252
19,2017,249231171,479435218
20,1991,0,30347839
20,1992,0,31362713
20,1993,0,30383958
20,1994,0,30747395
20,1995,0,64533972
20,1996,0,64554369
20,1997,0,66261349
20,1998,0,69953980
20,1999,0,70427812
20,2000,0,72342624
20,2001,0,72121795
20,2002,0,69609764
20,2003,0,67726987
20,2004,0,67677915
20,2005,0,68590955
20,2006,0,72064297
20,2007,0,74550584
20,2008,0,76937575
20,2009,0,71767204
20,2010,0,70534886
20,2011,0,72349785
20,2012,0,74246584
20,2013,0,73603166
20,2014,0,74382121
20,2015,0,72631172
20,2016,0,72289606
20,2017,0,70592215
21,1991,38630904,40148819
21,1992,37608025,39307572
21,1993,36184807,38231418
21,1994,35071501,36911647
21,1995,33524700,35573641
21,1996,33644930,35949805
21,1997,35176607,37796783
21,1998,36621473,39223374
21,1999,37448664,39556102
21,2000,36049708,38100167
21,2001,34321558,36427224
21,2002,32268476,34898859
21,2003,30979385,33758583
21,2004,31440977,34370765
21,2005,33769583,36879312
21,2006,33691072,38103095
21,2007,33587298,39213669
21,2008,34655169,40504883
21,2009,29296943,35126791
21,2010,29292008,35077978
21,2011,30630554,37069881
21,2012,32191038,39082089
21,2013,32685693,39822617
21,2014,31685589,38862770
21,2015,30118241,37288887
21,2016,28399520,35286101
21,2017,28804740,35485948
22,1991,2025132,4789338
22,1992,2272401,4953602
22,1993,2712914,5339545
22,1994,2996714,5688654
22,1995,2219108,4928804
22,1996,2238240,5738471
22,1997,2548823,6126727
22,1998,2440410,5916551
22,1999,2549434,6169327
22,2000,2036634,5788692
22,2001,1988667,5897851
22,2002,1576563,5292028
22,2003,1560194,5267398
22,2004,1784601,5473827
22,2005,1477528,5408138
22,2006,953870,5313681
22,2007,1198698,5584233
22,2008,1156160,5468575
22,2009,1113679,5128816
22,2010,1241398,5083319
22,2011,991904,4832505
22,2012,1010139,4845526
22,2013,1067291,4866284
22,2014,1122673,4943670
22,2015,1135439,4967406
22,2016,1098404,4817082
22,2017,1044138,5118251
23,1991,56279726,73415297
23,1992,55895195,72297244
23,1993,70001630,87503501
23,1994,63765755,81702856
23,1995,62257868,80839245
23,1996,61405604,79800435
23,1997,62013539,80192231
23,1998,62269585,79831510
23,1999,63827287,81483944
23,2000,65821048,84131473
23,2001,65413709,84005249
23,2002,63369445,81891426
23,2003,64546632,85082037
23,2004,75137426,98543451
23,2005,76752965,103232388
23,2006,81637435,107094084
23,2007,83458376,111263859
23,2008,85789745,114802110
23,2009,75608000,103504590
23,2010,70291985,97230319
23,2011,75723805,104619504
23,2012,77858973,107339867
23,2013,78892846,111442186
23,2014,77356941,110770975
23,2015,72757836,106257006
23,2016,65539767,98962300
23,2017,58383786,89465160
24,1991,19537266,19971381
24,1992,20551805,21071289
24,1993,21726113,22300257
24,1994,22789308,23490832
24,1995,23967275,23967275
24,1996,24220674,24222204
24,1997,25638291,26348837
24,1998,25847114,26655590
24,1999,26469628,27348128
24,2000,27573149,28469908
24,2001,31520462,32442539
24,2002,32813786,33953895
24,2003,35912736,37176625
24,2004,38256615,40327994
24,2005,39736656,41590395
24,2006,39686573,40637984
24,2007,41608063,42442268
24,2008,38716430,39665062
24,2009,36804682,37720691
24,2010,36585348,37354511
24,2011,35943338,36629336
24,2012,37917735,38634128
24,2013,38098965,38792428
24,2014,38118531,38785678
24,2015,37166769,37809246
24,2016,32657649,33373580
24,2017,28980451,29764400
25,1991,2712882,2743374
25,1992,2712882,2755985
25,1993,2714615,2782119
25,1994,2714615,2782119
25,1995,2714615,2782119
25,1996,2746242,2872180
25,1997,3971573,4149102
25,1998,4431208,4673047
25,1999,5782238,6183737
25,2000,6463416,6913561
25,2001,5925335,6297153
25,2002,6398672,6795039
25,2003,7199527,7649864
25,2004,7654292,8201134
25,2005,8419477,9160907
25,2006,9310413,9970563
25,2007,10133250,11046504
25,2008,9844864,10798100
25,2009,10045345,10936346
25,2010,10343531,11235733
25,2011,11143922,12056979
25,2012,11579046,12515228
25,2013,12018198,12972081
25,2014,11426791,12359076
25,2015,10773438,11644819
25,2016,9707356,10581570
25,2017,8915163,9775152
26,1991,0,1870671
26,1992,0,2266473
26,1993,0,2697456
26,1994,0,2912895
26,1995,0,2735415
26,1996,0,2305492
26,1997,0,2315394
26,1998,0,2348592
26,1999,0,2171142
26,2000,0,2232497
26,2001,0,2543514
26,2002,0,2530321
26,2003,0,2725142
26,2004,39888,2861217
26,2005,263660,3064074
26,2006,233868,2908420
26,2007,301437,3709923
26,2008,399734,4258742
26,2009,488136,4711486
26,2010,444298,4050353
26,2011,605904,4416727
26,2012,935919,4941886
26,2013,921631,5122671
26,2014,1001058,5402035
26,2015,1071014,5363719
26,2016,1100336,5341822
26,2017,945901,5207014
27,1991,0,0
27,1992,0,0
27,1993,0,0
27,1994,0,0
27,1995,0,0
27,1996,0,0
27,1997,0,0
27,1998,0,0
27,1999,0,0
27,2000,0,0
27,2001,0,0
27,2002,0,0
27,2003,0,0
27,2004,0,0
27,2005,0,214586
27,2006,0,512146
27,2007,0,480139
27,2008,0,603622
27,2009,0,621268
27,2010,0,609039
27,2011,0,590013
27,2012,0,547820
27,2013,0,554081
27,2014,14759,597795
27,2015,496289,1166615
27,2016,2565945,3264667
27,2017,2358741,2971066
28,1991,191423032,343748129
28,1992,179752077,323489023
28,1993,177691031,330004495
28,1994,173345461,329496350
28,1995,172846761,322248376
28,1996,165759070,317832105
28,1997,166497784,305073215
28,1998,141751630,272833175
28,1999,171997571,307886994
28,2000,172013743,317254707
28,2001,174111139,318050568
28,2002,173930943,313687051
28,2003,178628467,320584200
28,2004,187529994,332690372
28,2005,187960265,334546120
28,2006,177105684,323050549
28,2007,170491709,321839783
28,2008,183574756,340942176
28,2009,186165268,348314656
28,2010,183625270,346884292
28,2011,189748689,358843189
28,2012,195991796,363497594
28,2013,191091634,358439353
28,2014,183962132,347177503
28,2015,177983650,344297259
28,2016,188984891,354615326
28,2017,169407096,324750197
29,1991,0,11372911
29,1992,0,11150707
29,1993,0,11232302
29,1994,0,11133844
29,1995,0,10880486
29,1996,0,10657689
29,1997,0,10659561
29,1998,0,10751747
29,1999,0,10918932
29,2000,0,10581143
29,2001,0,10038360
29,2002,0,9288445
29,2003,0,8863911
29,2004,0,9150048
29,2005,0,9362839
29,2006,0,9376942
29,2007,0,9406473
29,2008,0,10337870
29,2009,0,10022056
29,2010,0,10108981
29,2011,0,10506369
29,2012,0,10612897
29,2013,0,10542383
29,2014,0,10007256
29,2015,0,10169487
29,2016,0,10653390
29,2017,0,10839059
30,1991,0,0
30,1992,0,0
30,1993,0,0
30,1994,0,0
30,1995,0,0
30,1996,0,0
30,1997,7078009,7413311
30,1998,7381211,7753591
30,1999,7594097,8043164
30,2000,7822073,8312455
30,2001,8001769,8542879
30,2002,7744225,8298186
30,2003,7493216,8062106
30,2004,7792571,8441267
30,2005,8052454,8764146
30,2006,8470153,9261888
30,2007,8313899,9125806
30,2008,8628110,9483238
30,2009,9146873,10047001
30,2010,9218232,10162521
30,2011,9920213,10888537
30,2012,10601325,11594262
30,2013,10188565,11195263
30,2014,9933869,10952117
30,2015,9258207,10257127
30,2016,8401294,9382971
30,2017,7512218,8465452
31,1991,0,182757
31,1992,0,171194
31,1993,0,189645
31,1994,0,47370
31,1995,0,88756
31,1996,0,148631
31,1997,0,177432
31,1998,0,193390
31,1999,0,202857
31,2000,0,203430
31,2001,0,207330
31,2002,0,201359
31,2003,0,217076
31,2004,0,235925
31,2005,0,249913
31,2006,0,274639
31,2007,54843,532261
31,2008,41174,607779
31,2009,26767,564436
31,2010,179530,896508
31,2011,170127,913653
31,2012,214069,952151
31,2013,235147,1020930
31,2014,238459,1650715
31,2015,248383,1849907
31,2016,238021,1900453
31,2017,203909,1973446
32,1991,49205133,50037038
32,1992,49758206,50562129
32,1993,48250070,49175282
32,1994,44911551,45814898
32,1995,43880562,44692511
32,1996,46672326,48480039
32,1997,41681995,50146995
32,1998,40776495,52541599
32,1999,45936185,58219789
32,2000,45936185,58342845
32,2001,48851745,61433652
32,2002,44807828,59935750
32,2003,57614256,76509095
32,2004,58901932,77036051
32,2005,53394331,72596156
32,2006,56486496,77010077
32,2007,53266534,73949618
32,2008,44752343,67390127
32,2009,42517272,65009123
32,2010,37693438,59985395
32,2011,36971366,63787374
32,2012,38378872,70458962
32,2013,37937209,71281128
32,2014,37383043,70863331
32,2015,36366269,69844822
32,2016,33521239,66799954
32,2017,31951162,65583009
33,1991,5590385,5699764
33,1992,4316319,4438910
33,1993,4679053,4810206
33,1994,5574966,5811902
33,1995,5576686,5845584
33,1996,5662103,6550239
33,1997,5802943,6402191
33,1998,4818953,5124982
33,1999,5330103,5650667
33,2000,5663808,6033882
33,2001,6969718,9140415
33,2002,6305923,7493537
33,2003,6303316,7577444
33,2004,6383680,7523259
33,2005,6966129,8138752
33,2006,6308471,7599837
33,2007,6236285,7574738
33,2008,6349996,7857457
33,2009,6364765,7891965
33,2010,6546871,6936669
33,2011,6637681,7033616
33,2012,7439290,7840277
33,2013,7533651,7929521
33,2014,7602515,8016335
33,2015,7468076,7851247
33,2016,6927731,7311655
33,2017,6534222,6914410
34,1991,0,69302
34,1992,0,68551
34,1993,0,110547
34,1994,0,91410
34,1995,0,105607
34,1996,0,121680
34,1997,0,576500
34,1998,0,703648
34,1999,0,595416
34,2000,0,574507
34,2001,0,528961
34,2002,0,570262
34,2003,0,535636
34,2004,0,551545
34,2005,0,587110
34,2006,0,647866
34,2007,0,760997
34,2008,0,901881
34,2009,0,832160
34,2010,0,757449
34,2011,7055,1145598
34,2012,18853,1167666
34,2013,18552,1544829
34,2014,19998,1571891
34,2015,112323,1634003
34,2016,120634,1480204
34,2017,120892,1420589
35,1991,84810967,85315804
35,1992,84357831,85020877
35,1993,87328427,88040253
35,1994,82971993,83840787
35,1995,79568801,80457179
35,1996,79897669,80848290
35,1997,80643173,81198449
35,1998,83573032,84141345
35,1999,85936929,86562368
35,2000,86736027,87379125
35,2001,87602151,88246097
35,2002,81359635,82087460
35,2003,76611462,77405265
35,2004,87940450,95881563
35,2005,81546888,94555071
35,2006,88031836,102477574
35,2007,85746783,100868417
35,2008,84594867,100277342
35,2009,72795199,88510712
35,2010,66538892,81151205
35,2011,66401692,81085192
35,2012,65467310,80891292
35,2013,68690509,84235798
35,2014,68363947,85369587
35,2015,66490613,86089171
35,2016,67292434,89970895
35,2017,65933409,88129126
36,1991,0,0
36,1992,0,0
36,1993,0,0
36,1994,0,0
36,1995,0,0
36,1996,0,0
36,1997,0,0
36,1998,0,0
36,1999,0,0
36,2000,0,0
36,2001,0,0
36,2002,0,0
36,2003,0,0
36,2004,0,0
36,2005,0,0
36,2006,0,0
36,2007,87185,118189
36,2008,114437,165386
36,2009,142654,222947
36,2010,124161,270966
36,2011,192093,370028
36,2012,340506,489187
36,2013,395036,584076
36,2014,375781,562134
36,2015,377148,576196
36,2016,373534,602154
36,2017,362389,582619
37,1991,179839696,368092612
37,1992,167165685,353947615
37,1993,161849666,353277686
37,1994,144386419,340221141
37,1995,146589855,345012331
37,1996,123442560,317593492
37,1997,125035163,323208380
37,1998,125967257,339213001
37,1999,143240114,356071168
37,2000,129524241,348043569
37,2001,142647640,378936348
37,2002,147771191,391303553
37,2003,147831547,391992038
37,2004,146010344,397782682
37,2005,153392000,414076003
37,2006,132880812,408988285
37,2007,133695295,411598592
37,2008,135484298,425236560
37,2009,136893958,435858891
37,2010,128443887,418125650
37,2011,130732652,419689420
37,2012,136795328,424184885
37,2013,137778320,413640080
37,2014,139668312,411323792
37,2015,134250224,406647664
37,2016,127687553,379141810
37,2017,123124352,352545938
38,1991,14629166,14725810
38,1992,15218168,15426275
38,1993,16802664,16973182
38,1994,17437439,17607883
38,1995,17988985,18155900
38,1996,18172271,18346521
38,1997,17421759,17640986
38,1998,18149036,18403944
38,1999,19939102,19939102
38,2000,20376485,20733532
38,2001,22095585,22447610
38,2002,22648085,23000110
38,2003,23023397,23389167
38,2004,23175355,23557018
38,2005,24645238,25044002
38,2006,27293408,27376369
38,2007,28220132,28302019
38,2008,29672806,29766072
38,2009,29627244,29739337
38,2010,27895008,28063392
38,2011,26719518,26940789
38,2012,27240184,27474578
38,2013,26603229,26603229
38,2014,26391571,26391571
38,2015,25972313,25972313
38,2016,24512705,24512705
38,2017,22984194,22984194
39,1991,0,0
39,1992,0,0
39,1993,2651735,2651735
39,1994,2877022,2877022
39,1995,4395575,4395575
39,1996,4512323,4517415
39,1997,0,0
39,1998,4736026,4744526
39,1999,4773876,4782138
39,2000,5586462,5594826
39,2001,6110611,6112753
39,2002,6831313,6831313
39,2003,7595138,7595138
39,2004,7990825,7990825
39,2005,8474143,8474143
39,2006,9529056,9529056
39,2007,9717392,9717392
39,2008,9810228,9810228
39,2009,9576635,9576635
39,2010,9629993,9629993
39,2011,10283313,10283313
39,2012,10895833,10895833
39,2013,10650401,10650401
39,2014,10655021,10655021
39,2015,9764166,9764166
39,2016,8984286,8984286
39,2017,8631906,8631906
40,1991,0,0
40,1992,0,0
40,1993,0,0
40,1994,0,0
40,1995,0,0
40,1996,0,0
40,1997,0,0
40,1998,0,0
40,1999,0,0
40,2000,0,0
40,2001,0,0
40,2002,0,0
40,2003,0,0
40,2004,0,0
40,2005,0,0
40,2006,0,0
40,2007,0,0
40,2008,0,0
40,2009,0,0
40,2010,0,0
40,2011,0,0
40,2012,0,0
40,2013,0,0
40,2014,0,0
40,2015,5102855,5102855
40,2016,5407530,5904708
40,2017,3904345,5025611
41,1991,734880,741958
41,1992,734880,741958
41,1993,1253025,2655186
41,1994,1252196,3060207
41,1995,1320201,3168393
41,1996,1589400,3502955
41,1997,1643219,3414496
41,1998,2702287,4617985
41,1999,2730853,4485333
41,2000,2852055,4881322
41,2001,3189150,5631302
41,2002,3331561,6079858
41,2003,5023613,8380906
41,2004,6753953,10386862
41,2005,6755151,10466352
41,2006,7661957,11434047
41,2007,8085372,11670580
41,2008,8781522,12562257
41,2009,10860624,15040649
41,2010,11280326,15582435
41,2011,11938168,16850075
41,2012,13067786,18021918
41,2013,12792687,17603441
41,2014,13109776,18193059
41,2015,12852260,18684419
41,2016,12217194,18027898
41,2017,11976752,18206508
42,1991,76031138,143187822
42,1992,76934710,141050969
42,1993,73020991,138060000
42,1994,72837000,142731549
42,1995,73253000,143674639
42,1996,72295000,144804547
42,1997,79231000,170380432
42,1998,80301000,158263988
42,1999,83253891,163801369
42,2000,83118954,167067140
42,2001,81497127,164077582
42,2002,76805808,159357652
42,2003,70641397,142762444
42,2004,66761993,136157132
42,2005,71065818,142385899
42,2006,68830652,138403312
42,2007,69464584,147523544
42,2008,67519392,150912988
42,2009,72716409,156542393
42,2010,68008889,146249114
42,2011,63104604,139873115
42,2012,61596727,134889690
42,2013,59689757,129901379
42,2014,59777734,129123254
42,2015,62868806,136029205
42,2016,60779104,133383107
42,2017,57460309,126428706
43,1991,2279973,2346871
43,1992,2448701,2545444
43,1993,2479076,2587347
43,1994,2664070,2833206
43,1995,2762107,2924972
43,1996,2934993,3116264
43,1997,2482686,2682170
43,1998,2469975,2568643
43,1999,2247072,2356525
43,2000,2833034,2947333
43,2001,2819749,2936206
43,2002,5815944,6308144
43,2003,5758709,6195725
43,2004,11098238,11400942
43,2005,7500785,7855706
43,2006,9039276,10090963
43,2007,7995185,9189552
43,2008,8254786,9808564
43,2009,8518482,9890165
43,2010,8189049,9624202
43,2011,8211130,9570874
43,2012,7644506,9062135
43,2013,7252508,8680818
43,2014,6912423,8238787
43,2015,6500154,8188761
43,2016,5907608,7791851
43,2017,5738414,7000327
44,1991,101271370,297431367
44,1992,97262825,323686321
44,1993,97499476,336933977
44,1994,102946504,398827013
44,1995,109709003,321885416
44,1996,106714133,313170580
44,1997,109298856,319705436
44,1998,115964579,339735330
44,1999,113844154,354965815
44,2000,104154353,354860333
44,2001,112342545,364337295
44,2002,112201200,388975811
44,2003,122629115,388605206
44,2004,119261973,389910299
44,2005,138556849,394850846
44,2006,108707766,380260730
44,2007,101955904,357578991
44,2008,106039517,370718600
44,2009,104080206,367247601
44,2010,111252735,356060335
44,2011,112368259,380694311
44,2012,119746692,401616849
44,2013,117918409,395253978
44,2014,119615609,409248438
44,2015,133807610,405950873
44,2016,126462675,403003734
44,2017,118852933,382676332
45,1991,5996115,6455605
45,1992,6051293,6492131
45,1993,6393634,6848507
45,1994,6694515,7088054
45,1995,7058217,7492678
45,1996,6607267,7031326
45,1997,6650563,7079404
45,1998,6613523,7052149
45,1999,6801525,7201395
45,2000,7025275,7513873
45,2001,7174499,7632884
45,2002,6370686,6835748
45,2003,5903915,6321603
45,2004,5767937,6176786
45,2005,6298404,6691414
45,2006,6025675,6413397
45,2007,6236218,6613959
45,2008,6889504,7280243
45,2009,7399550,7820848
45,2010,6826819,7327821
45,2011,7124156,7626853
45,2012,7127842,7660221
45,2013,7486497,8008923
45,2014,7689990,8214619
45,2015,8052185,8575014
45,2016,8166529,8745176
45,2017,7890154,8558128
46,1991,80886653,80886653
46,1992,75762094,75762094
46,1993,66419318,66419318
46,1994,61478828,61478828
46,1995,57027220,57027220
46,1996,46303648,46303648
46,1997,54598890,54628537
46,1998,55234319,55353407
46,1999,42185131,42318646
46,2000,43886980,44042397
46,2001,41237988,41435881
46,2002,39756468,39965400
46,2003,37812276,38032201
46,2004,34513905,34721678
46,2005,35396882,35607433
46,2006,37083344,37281540
46,2007,35204863,35402314
46,2008,37792808,38036640
46,2009,38603132,38864643
46,2010,36555845,36657274
46,2011,35615420,35907731
46,2012,32750907,33021811
46,2013,30898942,31181285
46,2014,25116299,25405053
46,2015,23899523,24183867
46,2016,27149357,27416184
46,2017,24593612,24894081
47,1991,10914403,11959153
47,1992,8484212,9503985
47,1993,8876360,9832713
47,1994,9173568,10145202
47,1995,8917249,9808912
47,1996,8966353,9858630
47,1997,8789679,9677215
47,1998,8187249,9048286
47,1999,9410001,10289824
47,2000,10727825,11598290
47,2001,11930842,12731088
47,2002,10869771,11640559
47,2003,8414183,9205004
47,2004,8984134,9748883
47,2005,9865876,10610446
47,2006,10917739,11725487
47,2007,11035550,11849113
47,2008,12023706,12825481
47,2009,12774202,13555982
47,2010,11439394,12194271
47,2011,10660270,11405960
47,2012,10673830,11379228
47,2013,9464558,10114794
47,2014,9248599,9906717
47,2015,9178939,9798638
47,2016,8848567,9426956
47,2017,8202341,8614722
48,1991,0,3180640
48,1992,0,2533813
48,1993,0,2518916
48,1994,0,2393830
48,1995,0,1871324
48,1996,0,2048852
48,1997,0,1710988
48,1998,0,1989104
48,1999,0,762979
48,2000,0,1485856
48,2001,0,2197164
48,2002,0,2186563
48,2003,0,1267927
48,2004,0,922644
48,2005,0,1340646
48,2006,0,2307909
48,2007,0,2307804
48,2008,0,2315395
48,2009,0,1941501
48,2010,0,2161440
48,2011,0,2328131
48,2012,0,3552531
48,2013,0,3514823
48,2014,0,3390412
48,2015,0,3680382
48,2016,0,3475624
48,2017,278657,4529310
49,1991,979706,1279346
49,1992,693428,1643953
49,1993,1822812,2132363
49,1994,32150467,32489539
49,1995,34071937,34433248
49,1996,29811399,30183517
49,1997,30838018,31202363
49,1998,31768156,32135155
49,1999,32732855,33076912
49,2000,31838093,32236161
49,2001,31157406,31599457
49,2002,36534204,36999219
49,2003,40635507,41103722
49,2004,40813740,41337262
49,2005,45219796,45733453
49,2006,48778636,49302895
49,2007,50025282,50590609
49,2008,52588089,53145740
49,2009,50570664,51103672
49,2010,37181460,37700632
49,2011,36694705,37126903
49,2012,37491585,37977988
49,2013,40845877,41300585
49,2014,40502789,40850119
49,2015,38328619,38684567
49,2016,33785445,34156165
49,2017,38998417,39314689
50,1991,0,0
50,1992,0,0
50,1993,0,0
50,1994,0,0
50,1995,0,0
50,1996,0,0
50,1997,0,0
50,1998,0,0
50,1999,0,0
50,2000,0,0
50,2001,0,0
50,2002,0,0
50,2003,0,0
50,2004,0,0
50,2005,0,0
50,2006,0,0
50,2007,0,0
50,2008,0,0
50,2009,0,5580857
50,2010,0,12112733
50,2011,0,12793529
50,2012,0,13553490
50,2013,0,14286093
50,2014,0,14331488
50,2015,0,14276884
50,2016,0,15574737
50,2017,0,16511814
51,1991,787337,937088
51,1992,881010,1072826
51,1993,1302857,1516649
51,1994,1480296,1746291
51,1995,1936952,2432117
51,1996,2492573,2760715
51,1997,2950432,3223133
51,1998,2570120,2816318
51,1999,3069452,3296605
51,2000,3057853,3316675
51,2001,3099061,3365112
51,2002,0,0
51,2003,3894354,4132041
51,2004,4122881,4345618
51,2005,6366799,6587374
51,2006,5927521,6134313
51,2007,6500204,6714901
51,2008,9857961,10099539
51,2009,9863450,10125814
51,2010,7487894,7747543
51,2011,7813519,8088452
51,2012,9023817,9280120
51,2013,9619743,9958600
51,2014,17832432,18230812
51,2015,17168400,17601086
51,2016,16207646,16668271
51,2017,14787086,15380743
52,1991,100267,264992
52,1992,98156,228836
52,1993,86280,200737
52,1994,147546,262984
52,1995,206511,316941
52,1996,213898,550565
52,1997,124503,685120
52,1998,138377,751665
52,1999,134931,845997
52,2000,176018,898902
52,2001,211471,1058330
52,2002,87584,954909
52,2003,106416,934002
52,2004,130515,869323
52,2005,175638,1076700
52,2006,197702,1357763
52,2007,199066,1493519
52,2008,401451,1906624
52,2009,704433,2104252
52,2010,768484,1943537
52,2011,1019850,2243730
52,2012,1090216,2432673
52,2013,1017820,2325275
52,2014,1006361,2177797
52,2015,984256,2263124
52,2016,955445,2236439
52,2017,934073,2190974
53,1991,188247819,239339999
53,1992,188603944,238714296
53,1993,180980182,230322293
53,1994,172745614,220273665
53,1995,169919036,216408165
53,1996,167703720,214468798
53,1997,170637290,217630901
53,1998,170308433,219508042
53,1999,171253580,217050460
53,2000,174855498,226182200
53,2001,176900537,235077521
53,2002,177388288,233015643
53,2003,165279524,215594583
53,2004,162687473,215743701
53,2005,163149456,216918351
53,2006,159694775,210848310
53,2007,157600225,206458675
53,2008,162307578,221213458
53,2009,167332788,227130300
53,2010,158576933,217021010
53,2011,155684269,214652993
53,2012,163169789,222936607
53,2013,162428498,223851332
53,2014,163693988,228748481
53,2015,155559283,220119336
53,2016,166967835,232827475
53,2017,161097082,226261960
54,1991,2061378,78159967
54,1992,2152683,79399725
54,1993,2285985,80587785
54,1994,2339620,79869830
54,1995,2342094,78673609
54,1996,2593877,79401304
54,1997,2522103,83011793
54,1998,660980,80917759
54,1999,0,86299471
54,2000,0,90974498
54,2001,0,103919441
54,2002,0,97146074
54,2003,0,93591365
54,2004,0,97545611
54,2005,0,99296028
54,2006,0,103654118
54,2007,0,109219470
54,2008,0,115227684
54,2009,0,114654578
54,2010,0,108297950
54,2011,0,111099037
54,2012,0,118674764
54,2013,0,126546495
54,2014,0,125784207
54,2015,0,135240559
54,2016,0,137658212
54,2017,0,132802066
55,1991,65486049,65486049
55,1992,69682121,69682121
55,1993,61195378,61195378
55,1994,62754904,62754904
55,1995,61943391,61943391
55,1996,64153446,64156526
55,1997,63054878,63054878
55,1998,63465316,63465316
55,1999,65897176,65897176
55,2000,67632612,67632612
55,2001,70808702,70808702
55,2002,69085074,69085074
55,2003,62292979,62292979
55,2004,64663431,64663431
55,2005,64600740,64600740
55,2006,66962680,66962680
55,2007,66970254,67414737
55,2008,65194287,65856350
55,2009,60468401,61154791
55,2010,61390737,62101688
55,2011,57333196,58085889
55,2012,53642880,54396776
55,2013,55234888,55951572
55,2014,56058548,56765039
55,2015,55293009,56020660
55,2016,53844356,54575655
55,2017,52687373,53416004
56,1991,0,6111651
56,1992,0,6058155
56,1993,0,5745654
56,1994,0,5607168
56,1995,0,5539133
56,1996,0,6127072
56,1997,0,7040034
56,1998,0,8632319
56,1999,0,8621841
56,2000,0,8735022
56,2001,0,9925201
56,2002,0,8137583
56,2003,1159328,7869796
56,2004,1155248,7780606
56,2005,1063658,9184511
56,2006,1130585,10135247
56,2007,1344124,11608349
56,2008,1426469,12341090
56,2009,1564277,12923502
56,2010,1397492,12009226
56,2011,1472355,14046588
56,2012,1874085,14873378
56,2013,884698,17269328
56,2014,942400,18701904
56,2015,791962,19787123
56,2016,728346,19083987
56,2017,618172,19267022
57,1991,19114358,19206079
57,1992,19540743,19640260
57,1993,19190847,19306555
57,1994,19564573,19708699
57,1995,19490111,19674924
57,1996,18899515,19105421
57,1997,18455028,18652256
57,1998,18987729,19172928
57,1999,17828964,18017544
57,2000,17729034,17925254
57,2001,17923945,18135757
57,2002,17102875,17386835
57,2003,16547962,16858718
57,2004,15145667,15450639
57,2005,14548496,14868608
57,2006,14691116,15016685
57,2007,14892745,15210104
57,2008,15206660,15530635
57,2009,15549074,15881212
57,2010,14421547,14742600
57,2011,13691515,14007441
57,2012,13118261,13422728
57,2013,12742830,13040485
57,2014,13248248,13562255
57,2015,13467166,13796204
57,2016,13170760,13530765
57,2017,12180964,12550962
58,1991,9296242,10802638
58,1992,9446200,10968364
58,1993,9312630,10778680
58,1994,9171409,10575988
58,1995,9231597,10657363
58,1996,10004269,11598476
58,1997,10449920,12129279
58,1998,10520175,12240868
58,1999,11200791,13037927
58,2000,11469598,13483641
58,2001,11545327,13596533
58,2002,10832210,12644618
58,2003,10314429,12067128
58,2004,9561788,11380811
58,2005,9162719,11075585
58,2006,9154572,11190575
58,2007,8996741,11187240
58,2008,9313717,11461313
58,2009,9107557,11229607
58,2010,8261810,10358762
58,2011,8358466,11178837
58,2012,8518468,11630283
58,2013,8498607,12525515
58,2014,8795438,13396645
58,2015,8494446,13336030
58,2016,8107913,13335766
58,2017,7552536,12880696
59,1991,78257986,80089274
59,1992,81400120,83692713
59,1993,80886962,83712089
59,1994,79417076,82564127
59,1995,80747395,83503354
59,1996,87243205,90533872
59,1997,92524469,96389937
59,1998,89946655,93990113
59,1999,95440054,99567800
59,2000,98848711,103030144
59,2001,97003884,101000283
59,2002,93768146,97517472
59,2003,94688924,98547887
59,2004,98250237,102088497
59,2005,94608408,98609744
59,2006,102413938,106273556
59,2007,110466310,113928156
59,2008,118278626,122976146
59,2009,111067940,115834273
59,2010,109008892,113637312
59,2011,111995623,117086557
59,2012,114562685,119952268
59,2013,117717559,123192043
59,2014,120108964,125340418
59,2015,121072263,126268526
59,2016,120902543,127384761
59,2017,121352294,127954193
60,1991,0,0
60,1992,0,0
60,1993,0,0
60,1994,0,0
60,1995,0,0
60,1996,0,0
60,1997,0,0
60,1998,0,0
60,1999,0,0
60,2000,0,100360
60,2001,0,494586
60,2002,0,817405
60,2003,0,1017956
60,2004,0,1749880
60,2005,8815793,10968661
60,2006,9819143,12397667
60,2007,11394629,14411630
60,2008,13028486,16623185
60,2009,13784753,19667886
60,2010,13092785,23404742
60,2011,14534397,25992868
60,2012,16012412,28540694
60,2013,16604132,30264506
60,2014,17669833,32942639
60,2015,18312624,34668278
60,2016,18470406,42732202
60,2017,18374834,46795663
61,1991,0,12494484
61,1992,0,13211974
61,1993,0,13008044
61,1994,0,13099580
61,1995,0,13354393
61,1996,0,13858740
61,1997,0,13968253
61,1998,0,14700724
61,1999,0,15117680
61,2000,0,15197994
61,2001,0,15140278
61,2002,0,14489277
61,2003,0,24543754
61,2004,0,24408361
61,2005,0,23880997
61,2006,0,23788391
61,2007,0,24051761
61,2008,0,23318705
61,2009,0,22510781
61,2010,0,22614325
61,2011,0,22346871
61,2012,0,22219140
61,2013,0,22395169
61,2014,0,22850673
61,2015,0,23657447
61,2016,0,24089468
61,2017,0,24239866
62,1991,2865184,2988858
62,1992,4776037,4945204
62,1993,4939517,5169770
62,1994,5143782,5350232
62,1995,5911473,5911473
62,1996,6518838,6897264
62,1997,7502750,8064873
62,1998,7689878,8337194
62,1999,8050638,8708746
62,2000,7333570,8063380
62,2001,8293703,9070637
62,2002,8732097,9384102
62,2003,8266233,8860946
62,2004,9130837,9712307
62,2005,8219785,8867291
62,2006,8965558,9678043
62,2007,9922699,10875413
62,2008,10849358,11918776
62,2009,10292248,11372498
62,2010,8979937,10041136
62,2011,8557903,9655130
62,2012,7978474,9093588
62,2013,7980463,9096345
62,2014,8692741,9810286
62,2015,8935227,10038230
62,2016,9190047,10251998
62,2017,9303686,10359529
63,1991,9619935,10063513
63,1992,9937767,10466957
63,1993,10005060,10653191
63,1994,12077931,12824384
63,1995,11472818,12270811
63,1996,11901316,12618872
63,1997,13192726,13927598
63,1998,13007411,13931267
63,1999,13531889,14458029
63,2000,13556966,14596536
63,2001,13483704,14511506
63,2002,12978585,13998841
63,2003,13265299,14331875
63,2004,13992713,15111891
63,2005,12245514,13395565
63,2006,12409416,13630165
63,2007,13307473,14519524
63,2008,14985277,16288954
63,2009,14251163,15560527
63,2010,14008691,15280450
63,2011,12147907,13444661
63,2012,10580268,11847684
63,2013,10349186,11646847
63,2014,10231241,11510558
63,2015,9104337,10321907
63,2016,8588447,9764786
63,2017,8543157,9678293
64,1991,1775577,4153610
64,1992,1839419,4187085
64,1993,1910627,4204895
64,1994,2009267,4311451
64,1995,1735118,4223108
64,1996,1598187,4338370
64,1997,1459291,4226767
64,1998,1462340,4344961
64,1999,1381854,4043977
64,2000,1493189,4207066
64,2001,1559394,4333216
64,2002,1513054,3806806
64,2003,1924034,4305817
64,2004,1927339,2986359
64,2005,1957478,3767625
64,2006,2112866,2659757
64,2007,2228193,4116654
64,2008,2517200,4381177
64,2009,2495005,4537677
64,2010,2289587,4388164
64,2011,2334798,4528750
64,2012,2285985,4685109
64,2013,2004062,4392581
64,2014,1971113,4445664
64,2015,1944871,4546845
64,2016,1948785,4716052
64,2017,1929514,4618078
65,1991,35216926,35509171
65,1992,35406065,35811007
65,1993,35156010,35574663
65,1994,35382499,35709343
65,1995,34833566,35102252
65,1996,37951012,38175676
65,1997,39418128,39623564
65,1998,40374604,40561318
65,1999,42134453,42313324
65,2000,42780453,42937994
65,2001,41832056,41832056
65,2002,40540812,40540812
65,2003,32801554,32801554
65,2004,25545374,25545374
65,2005,24425116,24425116
65,2006,24889685,24889685
65,2007,46597096,82333186
65,2008,48964787,87175484
65,2009,50904546,88335983
65,2010,48479426,79377826
65,2011,49455190,81529442
65,2012,52106459,85235926
65,2013,51894966,82105490
65,2014,51630106,91869905
65,2015,54243654,94919975
65,2016,52190298,92437294
65,2017,49919496,88194806
66,1991,10893689,11019990
66,1992,10302580,10473009
66,1993,10353275,10540873
66,1994,10546256,10741578
66,1995,10780580,11155613
66,1996,10822506,11758712
66,1997,11043967,12137102
66,1998,11246332,12369040
66,1999,11128134,12554274
66,2000,11197183,12569335
66,2001,10905922,12275383
66,2002,10456518,11898418
66,2003,10177885,11718686
66,2004,10330762,11983900
66,2005,10104823,11739344
66,2006,10161233,11909764
66,2007,10160477,11915207
66,2008,9744558,12337512
66,2009,8747458,12568151
66,2010,7825176,11333866
66,2011,7722646,11450347
66,2012,7905588,12081329
66,2013,8347213,12133052
66,2014,8135330,12528480
66,2015,8030008,12640231
66,2016,7558076,12005664
66,2017,6740871,10958725
67,1991,7496540,8252358
67,1992,10090022,10656170
67,1993,10094063,10602876
67,1994,6908387,7290587
67,1995,8705773,8961852
67,1996,10054051,10745025
67,1997,12716917,13563527
67,1998,17561917,18621103
67,1999,7780054,8648128
67,2000,6806489,7698134
67,2001,0,574563
67,2002,0,631195
67,2003,0,822945
67,2004,0,1207262
67,2005,0,1275255
67,2006,0,1593599
67,2007,0,1738213
67,2008,0,1881670
67,2009,0,2229533
67,2010,0,2042612
67,2011,0,2127945
67,2012,0,2277528
67,2013,0,2161114
67,2014,0,2145413
67,2015,0,2160324
67,2016,0,2120471
67,2017,0,1897974
68,1991,65376748,65376748
68,1992,66303403,66303403
68,1993,66598023,66598023
68,1994,65562037,65562037
68,1995,61109874,61109874
68,1996,61905288,61905288
68,1997,62065357,62065357
68,1998,66048771,66048771
68,1999,71874147,71874147
68,2000,73477709,73477709
68,2001,73347859,73347859
68,2002,69589375,69589375
68,2003,67235776,67235776
68,2004,53962653,56901430
68,2005,61797145,69698813
68,2006,64398737,73356649
68,2007,67865688,76966724
68,2008,71614054,81835735
68,2009,66401218,76343042
68,2010,66882361,78048647
68,2011,69782602,80886890
68,2012,69854994,81053506
68,2013,70418593,81368753
68,2014,67814306,84535513
68,2015,62106090,85832184
68,2016,58949823,82624619
68,2017,57322632,81927425
69,1991,0,0
69,1992,0,0
69,1993,0,0
69,1994,0,0
69,1995,0,0
69,1996,0,0
69,1997,0,0
69,1998,0,0
69,1999,3964624,5650504
69,2000,4248996,5974372
69,2001,3402611,5128746
69,2002,3653830,5515000
69,2003,4091227,6107795
69,2004,8429462,10497170
69,2005,9306149,11322949
69,2006,9896878,11806687
69,2007,9820923,11899119
69,2008,10796223,12963472
69,2009,11180194,13280535
69,2010,11553087,13653157
69,2011,10855424,13028395
69,2012,10572240,12810887
69,2013,11300249,13718939
69,2014,10498348,13067373
69,2015,10208717,12857395
69,2016,10660655,13398880
69,2017,10777228,13543777
70,1991,8338543,8338543
70,1992,8323705,8323705
70,1993,9427128,9836509
70,1994,9896649,10803594
70,1995,10036600,11027117
70,1996,7603839,8967661
70,1997,7915236,8256463
70,1998,9111206,9479149
70,1999,9315374,9570201
70,2000,9219738,9540883
70,2001,9761011,9815034
70,2002,9390575,9450976
70,2003,9689108,9758542
70,2004,10338138,10411441
70,2005,11606920,11702292
70,2006,12434557,12573699
70,2007,12771305,12934590
70,2008,13538862,13732018
70,2009,13631171,13811295
70,2010,13167318,13338142
70,2011,14562656,15117154
70,2012,14314610,14749634
70,2013,14732525,15169660
70,2014,15057033,15482666
70,2015,15003289,15449662
70,2016,14081260,14523002
70,2017,12901178,13335761
71,1991,10805161,10913951
71,1992,9413741,9519806
71,1993,8802843,8970883
71,1994,8083590,8272503
71,1995,8042042,8211816
71,1996,7881324,8056734
71,1997,8004295,8190510
71,1998,8836915,9029111
71,1999,9279603,9516895
71,2000,9360135,9609588
71,2001,9372832,9615184
71,2002,10118769,10358546
71,2003,9487531,9729914
71,2004,9701063,9958623
71,2005,10204222,10459635
71,2006,11141685,11400399
71,2007,11407445,11663754
71,2008,12613937,12853691
71,2009,11953082,12181545
71,2010,12811835,13093493
71,2011,12798221,13101512
71,2012,13713027,14018425
71,2013,14150506,14467510
71,2014,14184320,14503728
71,2015,14578488,14899026
71,2016,12635319,12938859
71,2017,11591012,11943129
72,1991,0,17796
72,1992,0,28607
72,1993,0,35878
72,1994,0,86028
72,1995,0,149496
72,1996,0,126048
72,1997,26838,150049
72,1998,48031,171973
72,1999,58175,172426
72,2000,136142,222741
72,2001,271833,348006
72,2002,376308,489959
72,2003,463409,588007
72,2004,550001,656652
72,2005,740918,830947
72,2006,860645,921532
72,2007,961362,1028136
72,2008,1052630,1124497
72,2009,926076,1008418
72,2010,779606,851315
72,2011,845177,1123714
72,2012,956591,1257352
72,2013,1003572,1307708
72,2014,959855,1236662
72,2015,868242,1113004
72,2016,1244465,1533322
72,2017,1305009,1551436
73,1991,56587316,56805771
73,1992,58865608,59107884
73,1993,60179954,60367394
73,1994,61476822,62697193
73,1995,62764910,67132587
73,1996,65378977,69924092
73,1997,66342984,70904532
73,1998,59818013,64745516
73,1999,62734296,67800183
73,2000,70041406,76823292
73,2001,70466713,79651287
73,2002,69681281,80923475
73,2003,67107872,78584328
73,2004,71338116,82362771
73,2005,74682795,86260633
73,2006,74022977,86571361
73,2007,73966662,94196136
73,2008,78522347,101175756
73,2009,77222047,98205186
73,2010,76168180,97428236
73,2011,75954767,97784885
73,2012,76716999,98518888
73,2013,76348670,101352739
73,2014,76657870,104291383
73,2015,75502787,102250731
73,2016,73252352,103340797
73,2017,65266321,98077504
74,1991,0,0
74,1992,0,0
74,1993,0,0
74,1994,0,0
74,1995,0,0
74,1996,0,0
74,1997,0,0
74,1998,0,0
74,1999,0,0
74,2000,0,0
74,2001,0,0
74,2002,0,0
74,2003,0,0
74,2004,0,0
74,2005,0,0
74,2006,0,0
74,2007,0,0
74,2008,0,0
74,2009,0,0
74,2010,0,0
74,2011,0,148892
74,2012,0,196961
74,2013,0,201466
74,2014,0,197731
74,2015,0,228391
74,2016,0,227001
74,2017,0,206121
75,1991,94005363,107013124
75,1992,89072647,101481076
75,1993,86063401,105598341
75,1994,85134019,107135659
75,1995,86974194,108468245
75,1996,78160177,101215956
75,1997,78997796,103482184
75,1998,81327989,106487481
75,1999,79493649,106154877
75,2000,86947873,115015646
75,2001,83150701,111048191
75,2002,86061330,115678655
75,2003,84238062,111655555
75,2004,86818827,112634082
75,2005,77805773,103366276
75,2006,79879751,107024143
75,2007,80186666,108831451
75,2008,86561232,117654007
75,2009,91805422,123697396
75,2010,73171987,104190623
75,2011,76617093,109268270
75,2012,77865314,112276909
75,2013,72403789,107373286
75,2014,79797243,113995672
75,2015,82900098,116219917
75,2016,79547350,110727565
75,2017,73804198,103571384
76,1991,705341,718981
76,1992,674748,683148
76,1993,621088,647286
76,1994,505052,592898
76,1995,414164,496752
76,1996,478544,584736
76,1997,604380,705224
76,1998,892014,1094612
76,1999,955512,1226235
76,2000,1066013,1365316
76,2001,1522220,1606952
76,2002,1626306,1745487
76,2003,1902300,1991911
76,2004,2084137,2153489
76,2005,2204902,2284918
76,2006,2224617,2295733
76,2007,2294654,2358533
76,2008,2372249,2448900
76,2009,2431890,2519852
76,2010,2386376,2478118
76,2011,1932153,2005612
76,2012,1582495,1710061
76,2013,1759569,1834156
76,2014,1810986,1886518
76,2015,1667282,1757335
76,2016,4817372,5356739
76,2017,4185997,4734206
77,1991,46578442,46827901
77,1992,42584868,42873131
77,1993,40485809,40757895
77,1994,39912552,48180930
77,1995,38680630,51452587
77,1996,37607202,50809617
77,1997,38427490,53276888
77,1998,39566282,54503578
77,1999,38198287,53582908
77,2000,37535636,52137324
77,2001,36202222,50935754
77,2002,32293126,47505757
77,2003,30601497,46020809
77,2004,30325056,45516675
77,2005,30113778,46438023
77,2006,32467710,49709780
77,2007,31543299,53990802
77,2008,33279904,53675790
77,2009,32653904,52742972
77,2010,24197024,40571611
77,2011,26193836,42971353
77,2012,29120470,46704766
77,2013,29405442,47051123
77,2014,30086501,48133385
77,2015,29426186,46640767
77,2016,27701279,44046960
77,2017,25529305,40978290
78,1991,0,0
78,1992,0,0
78,1993,913104,1073907
78,1994,1045388,1249029
78,1995,1064360,1317482
78,1996,1082173,1344260
78,1997,1243351,1521605
78,1998,1494507,1778940
78,1999,1695694,1990222
78,2000,1763748,2036923
78,2001,1837119,2097306
78,2002,1812900,2108600
78,2003,1771706,2068744
78,2004,1818718,2366384
78,2005,1885577,2464238
78,2006,2063507,2614319
78,2007,2050494,2494906
78,2008,2105480,2530264
78,2009,2265542,2757521
78,2010,2061241,2460574
78,2011,2153701,2532426
78,2012,2490035,2854532
78,2013,2532600,2848662
78,2014,2643519,2898908
78,2015,2643151,2874160
78,2016,2491870,2672302
78,2017,2244109,2412641
79,1991,6721216,7237283
79,1992,6588942,7142555
79,1993,6739678,7299518
79,1994,7215679,7757153
79,1995,8233529,8808946
79,1996,9765121,10367049
79,1997,10462979,11078741
79,1998,13212383,13814263
79,1999,14629878,15183664
79,2000,14545073,15079389
79,2001,15468055,15949577
79,2002,16643056,17149549
79,2003,16264735,16786859
79,2004,15723351,16225999
79,2005,15038153,15583186
79,2006,14975137,15497166
79,2007,14998838,15480043
79,2008,14377971,14826501
79,2009,15010345,15452794
79,2010,14306566,14751272
79,2011,14585657,15039931
79,2012,15673759,16152101
79,2013,15655099,16146278
79,2014,15119122,15616142
79,2015,13922152,14391194
79,2016,12379517,12813471
79,2017,11220253,11652596
80,1991,4068693,4194157
80,1992,4241077,4368006
80,1993,4639268,4793453
80,1994,5174242,5350654
80,1995,5322161,5517860
80,1996,6058697,6255581
80,1997,6200599,6391632
80,1998,6656824,6845862
80,1999,6960491,7158555
80,2000,6945884,7154145
80,2001,6601976,6827549
80,2002,6878482,7102762
80,2003,6925559,7146680
80,2004,7362203,7588864
80,2005,7139831,7357581
80,2006,6631308,6849166
80,2007,6817408,7066431
80,2008,7101580,7403682
80,2009,7965801,8326764
80,2010,7595621,7934079
80,2011,7762130,8092220
80,2012,8420303,8800273
80,2013,8849812,9242793
80,2014,9161851,9568758
80,2015,9233629,9651592
80,2016,8812145,9238265
80,2017,8315598,8741975
81,1991,0,199771
81,1992,0,208438
81,1993,0,232578
81,1994,0,237507
81,1995,0,223492
81,1996,0,221052
81,1997,0,216559
81,1998,0,221033
81,1999,0,225168
81,2000,0,231088
81,2001,13560,229707
81,2002,43381,256556
81,2003,102777,330708
81,2004,142062,368028
81,2005,162423,381656
81,2006,146983,351098
81,2007,150937,353179
81,2008,163159,374899
81,2009,165505,379642
81,2010,165104,382242
81,2011,152568,371964
81,2012,153783,389126
81,2013,163054,401394
81,2014,169745,413276
81,2015,168303,409647
81,2016,152728,383329
81,2017,132469,359589
82,1991,9859932,9859932
82,1992,10702174,10702174
82,1993,1461828,1461828
82,1994,0,0
82,1995,0,0
82,1996,0,0
82,1997,0,0
82,1998,0,0
82,1999,0,0
82,2000,0,0
82,2001,49559750,50233858
82,2002,51379647,52102884
82,2003,47175892,47888979
82,2004,50581166,51294625
82,2005,52810964,53571381
82,2006,59876800,60694858
82,2007,62839475,63733694
82,2008,65196116,66168163
82,2009,66100239,67126417
82,2010,56382288,57414118
82,2011,55476967,56686089
82,2012,59699065,61016792
82,2013,60337002,61704309
82,2014,59730037,60964698
82,2015,65626524,66856889
82,2016,66073485,67346272
82,2017,64229792,65534978
83,1991,0,0
83,1992,0,0
83,1993,0,0
83,1994,0,0
83,1995,0,0
83,1996,0,0
83,1997,0,0
83,1998,0,0
83,1999,0,0
83,2000,0,0
83,2001,0,0
83,2002,0,0
83,2003,0,0
83,2004,0,0
83,2005,0,0
83,2006,0,7002333
83,2007,0,9329974
83,2008,0,0
83,2009,0,0
83,2010,0,0
83,2011,0,0
83,2012,0,4128134
83,2013,0,4169684
83,2014,0,4548311
83,2015,0,5082158
83,2016,0,4940323
83,2017,0,4816085
84,1991,51246088,58664449
84,1992,53316365,61429653
84,1993,52484639,60673950
84,1994,54792664,63773036
84,1995,56216974,64537662
84,1996,60696022,71338510
84,1997,60260035,71389345
84,1998,67072805,79665378
84,1999,58926058,82406083
84,2000,61818756,86917412
84,2001,65427872,91186336
84,2002,71120321,100219462
84,2003,66434912,98502917
84,2004,65938456,98412894
84,2005,68764832,104546141
84,2006,65933541,101575197
84,2007,63430058,100638004
84,2008,64114973,104168660
84,2009,68033035,108551806
84,2010,60508249,104339822
84,2011,58248403,104644261
84,2012,59509235,103218538
84,2013,58662016,99316048
84,2014,59749842,99493577
84,2015,62114041,101380984
84,2016,59982440,101702561
84,2017,57837802,99045313
85,1991,0,0
85,1992,0,0
85,1993,0,0
85,1994,0,0
85,1995,0,0
85,1996,0,0
85,1997,0,0
85,1998,0,0
85,1999,0,0
85,2000,0,0
85,2001,0,0
85,2002,0,0
85,2003,0,0
85,2004,0,0
85,2005,0,0
85,2006,0,0
85,2007,0,0
85,2008,0,0
85,2009,0,0
85,2010,0,0
85,2011,0,0
85,2012,0,3664537
85,2013,0,5462845
85,2014,0,6182940
85,2015,0,6476307
85,2016,0,6416746
85,2017,0,6870310
86,1991,3645916,3745838
86,1992,3637600,3725986
86,1993,4255417,4360770
86,1994,4806285,4924049
86,1995,5153190,5285944
86,1996,5985456,6146409
86,1997,6658550,6863967
86,1998,7208587,7447013
86,1999,7750095,8006460
86,2000,6564961,6793646
86,2001,5954946,6181230
86,2002,6215424,6432202
86,2003,6669074,6905040
86,2004,6804572,7030978
86,2005,5614951,5812417
86,2006,5436022,5647840
86,2007,5506506,5736915
86,2008,6984933,7230617
86,2009,6201190,6430633
86,2010,6317040,6552570
86,2011,6723798,6958604
86,2012,6614724,6888950
86,2013,6193249,6491301
86,2014,6061350,6365278
86,2015,5856838,6174506
86,2016,5622099,5940495
86,2017,5726870,6027683
87,1991,0,0
87,1992,0,0
87,1993,0,0
87,1994,0,0
87,1995,0,0
87,1996,0,0
87,1997,0,0
87,1998,0,0
87,1999,0,0
87,2000,0,0
87,2001,0,0
87,2002,190799,212004
87,2003,201420,227074
87,2004,226677,254043
87,2005,247726,275558
87,2006,279783,305809
87,2007,265369,297194
87,2008,275357,293899
87,2009,294866,312309
87,2010,289475,306449
87,2011,326087,344853
87,2012,352032,370526
87,2013,332420,351374
87,2014,356700,433470
87,2015,325921,406810
87,2016,288019,361651
87,2017,390738,545824
88,1991,54476299,66760861
88,1992,47471978,58483064
88,1993,42962810,53997595
88,1994,48748558,60249495
88,1995,46577792,58289699
88,1996,50736667,64858051
88,1997,53453162,66797056
88,1998,53430842,66239084
88,1999,55664526,67653805
88,2000,51591504,63561916
88,2001,47100582,60093950
88,2002,45157626,55744904
88,2003,48768342,59641790
88,2004,47631186,57868273
88,2005,54533491,65542234
88,2006,57795954,69199174
88,2007,49195637,60187823
88,2008,45253694,56667452
88,2009,38214394,45612053
88,2010,35895427,42419301
88,2011,37198763,46210832
88,2012,38487169,48234103
88,2013,39180481,49206289
88,2014,39511360,49245884
88,2015,37271970,47021540
88,2016,34766080,44285601
88,2017,30931712,39562839
89,1991,169589,360866
89,1992,187573,393130
89,1993,213867,444561
89,1994,227269,488369
89,1995,243253,515331
89,1996,277220,573911
89,1997,326649,629851
89,1998,424172,739269
89,1999,519414,845279
89,2000,553050,893981
89,2001,579536,933000
89,2002,572382,926762
89,2003,563785,906792
89,2004,614303,981244
89,2005,661603,1044926
89,2006,634184,980735
89,2007,616656,1005428
89,2008,647260,1028830
89,2009,533433,865165
89,2010,459318,730620
89,2011,491298,762436
89,2012,552429,867662
89,2013,523201,826007
89,2014,514683,792858
89,2015,494559,789701
89,2016,490030,795515
89,2017,501067,801874
90,1991,43774585,44210164
90,1992,45621795,46335318
90,1993,43666032,44551689
90,1994,46345082,47317856
90,1995,47306437,48416152
90,1996,37729406,38677237
90,1997,38015032,38935530
90,1998,41059704,42004121
90,1999,44001571,44968163
90,2000,44415308,45431813
90,2001,45952673,46981421
90,2002,44142618,45162033
90,2003,39270650,40262025
90,2004,42213098,43209571
90,2005,39697208,40696624
90,2006,41592568,42668464
90,2007,40569970,41717688
90,2008,47129481,48349481
90,2009,43296328,44500284
90,2010,41323057,42506662
90,2011,44157535,45493533
90,2012,49322843,50804540
90,2013,45484426,46963237
90,2014,42537478,44012730
90,2015,38067079,39570131
90,2016,37773828,39363491
90,2017,35623799,37233695
91,1991,0,0
91,1992,0,0
91,1993,0,0
91,1994,0,0
91,1995,0,0
91,1996,0,0
91,1997,0,0
91,1998,0,0
91,1999,0,0
91,2000,0,0
91,2001,0,0
91,2002,0,0
91,2003,0,0
91,2004,0,0
91,2005,0,0
91,2006,0,0
91,2007,0,122647
91,2008,0,107751
91,2009,0,95370
91,2010,0,48503
91,2011,0,71565
91,2012,0,77271
91,2013,0,58832
91,2014,0,113161
91,2015,0,111145
91,2016,0,89878
91,2017,0,101394
92,1991,73573385,85108033
92,1992,65632509,75752634
92,1993,67330743,77577155
92,1994,64811124,74127172
92,1995,64357300,73549183
92,1996,64107305,72921993
92,1997,63583194,72439474
92,1998,64646890,73730223
92,1999,65916191,74618454
92,2000,66553980,75130612
92,2001,66022059,74827040
92,2002,65056626,73807448
92,2003,59988122,68242432
92,2004,58297773,66021099
92,2005,59106947,67179046
92,2006,59955660,68498788
92,2007,60310697,68525198
92,2008,57732981,67684550
92,2009,58485434,68677215
92,2010,56367910,66145567
92,2011,54078553,63837165
92,2012,55704706,65854009
92,2013,53088096,63553898
92,2014,53401947,63650308
92,2015,54843567,65202493
92,2016,53671684,63823513
92,2017,53389294,63230618
93,1991,670329,795461
93,1992,680944,791021
93,1993,709914,821862
93,1994,683943,800343
93,1995,691681,819203
93,1996,659244,793446
93,1997,645269,784580
93,1998,603013,760456
93,1999,588716,748959
93,2000,700204,1069667
93,2001,724743,1091266
93,2002,706270,999119
93,2003,756431,1018391
93,2004,809553,1130940
93,2005,866598,1168153
93,2006,972515,1268449
93,2007,1038283,1316561
93,2008,1161386,1443985
93,2009,1267014,1585445
93,2010,1288285,1592354
93,2011,1389385,1702071
93,2012,1530200,1870200
93,2013,1490803,1849872
93,2014,1442334,2251306
93,2015,1456594,2283999
93,2016,1488323,2264096
93,2017,1408854,2178943
94,1991,16133088,22725592
94,1992,15803875,22613567
94,1993,14519401,21290694
94,1994,15974827,23215896
94,1995,16024587,23406656
94,1996,17147987,25188513
94,1997,18431474,26694905
94,1998,19682218,28083391
94,1999,20085716,28939634
94,2000,19493371,28446279
94,2001,19115291,27971198
94,2002,18068907,26865763
94,2003,19756481,28869962
94,2004,19446782,30749877
94,2005,18929374,31227494
94,2006,16777640,31521397
94,2007,17461487,32261658
94,2008,17465817,33281103
94,2009,17735397,35354694
94,2010,17579268,33191455
94,2011,13617462,26161328
94,2012,13145864,26338465
94,2013,13784179,27301626
94,2014,13657668,26376037
94,2015,13697260,25768473
94,2016,12104565,24330247
94,2017,10218787,21669954
95,1991,642919,642919
95,1992,654092,654092
95,1993,570617,570617
95,1994,609963,609963
95,1995,640685,640685
95,1996,639746,639746
95,1997,873267,949836
95,1998,1071960,1148671
95,1999,1231543,1304359
95,2000,1481350,1574690
95,2001,1575840,1661723
95,2002,1636731,1716869
95,2003,1575789,1641854
95,2004,1542401,1603578
95,2005,2144892,2269569
95,2006,3023624,3158017
95,2007,3380951,3514948
95,2008,3871376,4005465
95,2009,4434385,4578252
95,2010,3716268,3835832
95,2011,3649263,4130632
95,2012,3895345,4395342
95,2013,4224031,4782227
95,2014,4285280,4862708
95,2015,4113717,4743826
95,2016,3944252,4593293
95,2017,3621016,4250884
96,1991,46101615,50082860
96,1992,43178989,49313748
96,1993,45671972,52033610
96,1994,38876939,45354815
96,1995,39387474,45370690
96,1996,42842711,49010796
96,1997,46180701,52909093
96,1998,46456801,53366901
96,1999,47986418,54849123
96,2000,47654687,55568417
96,2001,48063338,57300412
96,2002,45621606,54430168
96,2003,39774627,46863914
96,2004,33372086,39775650
96,2005,30783734,38476833
96,2006,31674070,40934975
96,2007,32129802,43434199
96,2008,33388223,44894785
96,2009,34778402,46599678
96,2010,32210839,42890874
96,2011,31652434,42491761
96,2012,32338378,43486793
96,2013,32745967,44221052
96,2014,32858645,44539298
96,2015,33040872,45102666
96,2016,32624190,43996916
96,2017,29464079,39137607
97,1991,28672469,28845617
97,1992,27689248,27883500
97,1993,25806479,26009113
97,1994,24989892,25212426
97,1995,23764650,23980156
97,1996,26239055,26456015
97,1997,25996644,26227001
97,1998,28566152,28809040
97,1999,26172056,26383074
97,2000,26400888,26637640
97,2001,24813422,25066546
97,2002,24347719,24615383
97,2003,23872078,24143526
97,2004,23052379,23319650
97,2005,25900339,26158352
97,2006,25294117,25555566
97,2007,25897388,26146916
97,2008,25833969,26072321
97,2009,22886445,23120952
97,2010,18821828,19007620
97,2011,18784769,18957732
97,2012,17390349,17553120
97,2013,16769004,16946008
97,2014,16426147,16624349
97,2015,15964372,16174753
97,2016,15013274,15566731
97,2017,14265533,15071609
98,1991,4514590,4546106
98,1992,4466149,4501623
98,1993,4044986,4080269
98,1994,4044986,4080015
98,1995,4044986,4080015
98,1996,3664395,3710341
98,1997,3669572,3715599
98,1998,3701486,3747643
98,1999,3835418,3884654
98,2000,4563653,4615265
98,2001,4452147,4635048
98,2002,4244921,4466739
98,2003,3786547,3965822
98,2004,3634510,3804234
98,2005,3693986,3863320
98,2006,3542558,3729839
98,2007,3624119,3891552
98,2008,3721413,4000488
98,2009,3757898,4041537
98,2010,3500224,3783795
98,2011,3609996,3912060
98,2012,3641899,3925804
98,2013,3897168,4165120
98,2014,4068224,4325017
98,2015,4083174,4341472
98,2016,4064214,4312733
98,2017,3801439,4046386
99,1991,18085128,18306519
99,1992,15620563,15844540
99,1993,15168966,15401955
99,1994,14676742,14930422
99,1995,14218742,14471719
99,1996,14154140,14418478
99,1997,14336528,14596391
99,1998,14790681,15121749
99,1999,15144916,15531038
99,2000,14738506,15193040
99,2001,15134556,15587211
99,2002,14309125,14754933
99,2003,13116956,13551201
99,2004,12936145,13385922
99,2005,13615226,14095890
99,2006,14283676,14806456
99,2007,14871717,15417134
99,2008,16616600,17194797
99,2009,15004166,15514263
99,2010,14610848,15121683
99,2011,15414499,15953372
99,2012,15988034,16517706
99,2013,15707806,16181226
99,2014,15851447,16313457
99,2015,14966807,15428318
99,2016,13765504,14220399
99,2017,13129186,13558885
100,1991,290955,340137
100,1992,253402,304288
100,1993,197104,263398
100,1994,187452,252730
100,1995,187452,252730
100,1996,214045,320380
100,1997,225360,334112
100,1998,244940,353398
100,1999,230360,334296
100,2000,279622,392332
100,2001,317160,433950
100,2002,305167,415926
100,2003,316799,419819
100,2004,260483,368348
100,2005,305779,410275
100,2006,295540,396216
100,2007,388395,490092
100,2008,525006,625986
100,2009,470195,578968
100,2010,491014,603056
100,2011,732818,850940
100,2012,806043,934999
100,2013,906296,1045956
100,2014,950231,1093209
100,2015,916441,1067368
100,2016,882990,1059645
100,2017,880262,3034230
101,1991,9641663,9673836
101,1992,9726163,10032573
101,1993,10749669,11142317
101,1994,11936821,12458471
101,1995,13452303,14128661
101,1996,14991269,15686160
101,1997,17115679,17761442
101,1998,18594142,19297092
101,1999,19833211,20710040
101,2000,20735614,21758772
101,2001,21289997,22304682
101,2002,20546821,21486416
101,2003,21894985,22730047
101,2004,22677846,23432918
101,2005,24059369,24807647
101,2006,24624906,25326317
101,2007,25322312,26078255
101,2008,26427067,27235197
101,2009,23747795,24616414
101,2010,24780704,25719897
101,2011,26996158,28023186
101,2012,28184740,29250069
101,2013,28836271,29853083
101,2014,29033819,30141247
101,2015,28509433,29377113
101,2016,26431177,27378837
101,2017,24999275,26031038
102,1991,0,0
102,1992,0,0
102,1993,0,0
102,1994,0,0
102,1995,0,0
102,1996,0,0
102,1997,0,0
102,1998,0,0
102,1999,0,0
102,2000,0,0
102,2001,0,0
102,2002,0,0
102,2003,0,0
102,2004,0,0
102,2005,0,0
102,2006,0,0
102,2007,0,0
102,2008,0,0
102,2009,0,0
102,2010,0,0
102,2011,0,0
102,2012,0,0
102,2013,0,0
102,2014,0,169939
102,2015,0,959037
102,2016,0,910380
102,2017,0,901156
103,1991,11628362,11657098
103,1992,11547237,11575586
103,1993,11029417,11092354
103,1994,11326460,11413554
103,1995,10774116,10869182
103,1996,11940098,12066080
103,1997,9526079,9707866
103,1998,10130503,10367253
103,1999,11007364,11239356
103,2000,11462255,11717910
103,2001,10407773,10703334
103,2002,9932424,10247493
103,2003,11015152,11324573
103,2004,8966144,9299526
103,2005,8486044,8810183
103,2006,9694417,10033987
103,2007,9105201,9409066
103,2008,9589851,9890098
103,2009,8199806,8449880
103,2010,8527866,8778098
103,2011,9254935,9512303
103,2012,9981918,10248603
103,2013,10253946,10526681
103,2014,10292609,10577224
103,2015,9666605,9951627
103,2016,9193293,9494784
103,2017,8754767,9064009
104,1991,0,0
104,1992,0,0
104,1993,0,0
104,1994,0,0
104,1995,0,0
104,1996,0,0
104,1997,0,0
104,1998,0,0
104,1999,0,0
104,2000,0,0
104,2001,0,0
104,2002,0,0
104,2003,0,0
104,2004,0,0
104,2005,0,0
104,2006,0,0
104,2007,0,15054
104,2008,0,16831
104,2009,0,19417
104,2010,0,20898
104,2011,0,22673
104,2012,9455,79375
104,2013,9119,117048
104,2014,26340,130584
104,2015,27909,131100
104,2016,42838,147984
104,2017,43284,132173
105,1991,0,0
105,1992,0,0
105,1993,0,0
105,1994,0,0
105,1995,0,0
105,1996,0,0
105,1997,0,0
105,1998,0,0
105,1999,0,0
105,2000,18221928,19192860
105,2001,15649823,16616188
105,2002,16739440,17532382
105,2003,16605754,17412223
105,2004,19198721,19970554
105,2005,22971500,23714106
105,2006,20467489,21225018
105,2007,23029163,23873628
105,2008,25281147,26179361
105,2009,15194997,15949266
105,2010,15048107,15847184
105,2011,15724596,16543351
105,2012,16166475,18459516
105,2013,16217920,18810574
105,2014,15026924,17499361
105,2015,14218168,16489277
105,2016,13241512,15283741
105,2017,12586719,14752263
106,1991,0,0
106,1992,0,0
106,1993,0,0
106,1994,0,0
106,1995,0,0
106,1996,0,0
106,1997,0,0
106,1998,0,0
106,1999,0,0
106,2000,0,0
106,2001,0,0
106,2002,0,0
106,2003,0,0
106,2004,0,0
106,2005,0,0
106,2006,0,0
106,2007,0,0
106,2008,0,0
106,2009,0,0
106,2010,0,0
106,2011,0,0
106,2012,0,0
106,2013,0,0
106,2014,0,0
106,2015,77631,78984
106,2016,101616,103153
106,2017,113084,115001
107,1991,55944403,55944403
107,1992,57912749,57912749
107,1993,54302136,54302136
107,1994,56019249,56019249
107,1995,56496798,56496798
107,1996,59988056,59988056
107,1997,69285668,69285668
107,1998,71151767,71218103
107,1999,68825977,68901799
107,2000,70547811,71683401
107,2001,70137720,71249593
107,2002,62940205,64033885
107,2003,57112663,58200166
107,2004,53742766,54779505
107,2005,50434805,51481937
107,2006,47905017,48972262
107,2007,45484084,46599318
107,2008,50689603,51844882
107,2009,46767776,47972057
107,2010,42190927,43327833
107,2011,44011757,44886663
107,2012,45217284,45717441
107,2013,42136343,42613675
107,2014,41014263,41493419
107,2015,39313139,39756017
107,2016,40256308,40709350
107,2017,34606043,35053133
108,1991,533917,544943
108,1992,572953,585622
108,1993,588238,604461
108,1994,628134,645351
108,1995,698366,717485
108,1996,665966,676377
108,1997,727478,738841
108,1998,720527,733560
108,1999,699758,713296
108,2000,739367,1010014
108,2001,860106,976340
108,2002,903557,1037311
108,2003,1448777,1605624
108,2004,1400059,1570461
108,2005,1440078,1614447
108,2006,1532467,1712891
108,2007,1584449,1787638
108,2008,1651101,1857909
108,2009,1430430,1624660
108,2010,1404489,1601797
108,2011,1473952,1681556
108,2012,1495278,1705811
108,2013,1420754,1629798
108,2014,1354025,1575745
108,2015,1297713,1514585
108,2016,1248418,1467337
108,2017,1193296,1414321
109,1991,17538350,17611702
109,1992,18068524,18146121
109,1993,16606796,16689614
109,1994,18023895,18114177
109,1995,17532795,17633769
109,1996,17553264,17655065
109,1997,17762583,17868708
109,1998,18326115,18432513
109,1999,18790187,18911146
109,2000,18727260,18859343
109,2001,18388361,18533833
109,2002,16193336,16337485
109,2003,15626090,15785147
109,2004,14543962,14703006
109,2005,14625379,14789546
109,2006,14841320,15010219
109,2007,14787666,14969847
109,2008,16445821,16662310
109,2009,17208787,17446736
109,2010,17034878,17273168
109,2011,18764047,19023930
109,2012,18423352,18692312
109,2013,18472039,18749506
109,2014,19041382,19327199
109,2015,18920014,19202529
109,2016,18549436,18827815
109,2017,18401546,18688788
110,1991,0,0
110,1992,0,0
110,1993,0,0
110,1994,0,0
110,1995,0,0
110,1996,0,0
110,1997,0,0
110,1998,0,0
110,1999,0,0
110,2000,0,0
110,2001,0,0
110,2002,0,0
110,2003,0,0
110,2004,0,0
110,2005,0,0
110,2006,0,0
110,2007,0,0
110,2008,0,0
110,2009,0,0
110,2010,0,0
110,2011,0,0
110,2012,22276,70263
110,2013,37341,167462
110,2014,56506,155999
110,2015,66846,157605
110,2016,66458,162415
110,2017,61676,155109
111,1991,26746105,27318881
111,1992,25193727,25809346
111,1993,25503355,26184345
111,1994,25860862,26644396
111,1995,27323987,28214206
111,1996,0,0
111,1997,32043442,32499232
111,1998,29514261,29999475
111,1999,35727203,36137439
111,2000,37506289,38127690
111,2001,33360027,33986571
111,2002,34922431,35568012
111,2003,36593267,37223760
111,2004,35062631,35712254
111,2005,32476217,33194704
111,2006,34464085,35382434
111,2007,33040661,34039638
111,2008,36339090,37399219
111,2009,38417485,39438569
111,2010,34814353,35859512
111,2011,33486970,34740271
111,2012,34148030,35512338
111,2013,34735484,36402271
111,2014,32547731,34178526
111,2015,32846628,34700250
111,2016,29127540,31048807
111,2017,27824443,29779395
112,1991,0,0
112,1992,0,0
112,1993,0,0
112,1994,0,0
112,1995,0,0
112,1996,0,0
112,1997,0,0
112,1998,0,0
112,1999,0,0
112,2000,0,0
112,2001,0,0
112,2002,0,0
112,2003,0,0
112,2004,0,0
112,2005,0,0
112,2006,0,0
112,2007,0,0
112,2008,0,0
112,2009,0,0
112,2010,0,0
112,2011,0,0
112,2012,0,9056
112,2013,0,16608
112,2014,0,14560
112,2015,0,16657
112,2016,0,15810
112,2017,6199,20999
113,1991,11127876,11322507
113,1992,10706644,10909024
113,1993,10999851,11225853
113,1994,11870727,12088616
113,1995,11797948,12053857
113,1996,11512975,11764849
113,1997,11438375,11674253
113,1998,11630697,11894782
113,1999,12849443,13255212
113,2000,12941217,13404337
113,2001,14900895,15460321
113,2002,16028262,16587199
113,2003,18389837,18888550
113,2004,18423504,18875635
113,2005,16982353,17841453
113,2006,20407190,21176801
113,2007,19851092,20398306
113,2008,19896809,22720940
113,2009,21539450,25650258
113,2010,20361037,24116615
113,2011,21767980,27028511
113,2012,22870411,28243662
113,2013,23298345,28712105
113,2014,23887182,29438356
113,2015,21654522,27165943
113,2016,20355032,26248940
113,2017,19352855,24985270
114,1991,0,0
114,1992,0,0
114,1993,0,0
114,1994,0,0
114,1995,0,0
114,1996,0,0
114,1997,0,0
114,1998,0,0
114,1999,0,0
114,2000,0,0
114,2001,0,0
114,2002,0,0
114,2003,0,0
114,2004,0,0
114,2005,0,0
114,2006,0,0
114,2007,7561,75223
114,2008,8257,103270
114,2009,20032,104286
114,2010,18708,101334
114,2011,13954,149514
114,2012,7704,173175
114,2013,1857,512054
114,2014,5877,252912
114,2015,7202,525658
114,2016,7611,527134
114,2017,39848,600804
115,1991,16255089,16255089
115,1992,14371351,14371351
115,1993,14442057,14442057
115,1994,14432662,14432662
115,1995,14903166,14918049
115,1996,14691908,14714690
115,1997,15600628,15635754
115,1998,13923624,14475348
115,1999,15084468,15752919
115,2000,15931860,15931860
115,2001,14220775,14220775
115,2002,14092820,14130482
115,2003,16265825,17005856
115,2004,16439168,17169189
115,2005,18612675,19302537
115,2006,19382981,20064574
115,2007,20621005,21311437
115,2008,21061741,21732104
115,2009,19819547,20410410
115,2010,19543988,20160863
115,2011,19463820,20105354
115,2012,19762912,20469227
115,2013,19785010,20483300
115,2014,19780040,20448492
115,2015,18074129,18476860
115,2016,17813105,18186734
115,2017,16239062,16602919
116,1991,619748,760490
116,1992,627637,781998
116,1993,827544,988450
116,1994,976889,1164696
116,1995,1153842,1357869
116,1996,1110752,1313578
116,1997,1134515,1342961
116,1998,1018440,1226886
116,1999,931302,1154567
116,2000,921342,1149317
116,2001,919909,1146049
116,2002,827803,1049572
116,2003,738169,944439
116,2004,746201,921466
116,2005,695352,872707
116,2006,677624,862393
116,2007,717823,904529
116,2008,746342,935130
116,2009,707463,924637
116,2010,754517,974525
116,2011,837106,1062138
116,2012,908908,1141481
116,2013,934981,1177036
116,2014,937971,1195735
116,2015,904686,1167103
116,2016,852744,1121512
116,2017,764345,1100803
117,1991,9403987,9747780
117,1992,9585118,9923464
117,1993,9621911,10020754
117,1994,9356736,9722583
117,1995,8845376,9255462
117,1996,8366290,8795552
117,1997,8482710,8669020
117,1998,8491986,8741427
117,1999,8429728,9188044
117,2000,8173304,8954246
117,2001,8011375,9217058
117,2002,8024989,9250937
117,2003,8484871,9749739
117,2004,8934824,10194851
117,2005,9765763,11086987
117,2006,10489396,11669106
117,2007,10171201,11192802
117,2008,10290987,11140439
117,2009,10253890,11061437
117,2010,10757456,11597477
117,2011,11752473,12639156
117,2012,11500899,12706335
117,2013,11220230,12677930
117,2014,11037817,12596111
117,2015,11634258,13325104
117,2016,11508138,13317000
117,2017,10794798,12659047
118,1991,0,0
118,1992,0,0
118,1993,0,0
118,1994,0,0
118,1995,0,0
118,1996,0,0
118,1997,0,0
118,1998,0,0
118,1999,0,0
118,2000,0,0
118,2001,0,0
118,2002,0,0
118,2003,0,0
118,2004,0,0
118,2005,0,0
118,2006,0,0
118,2007,0,0
118,2008,72401,76590
118,2009,5787,81809
118,2010,24398,24398
118,2011,38454,38454
118,2012,48530,48530
118,2013,50805,50805
118,2014,59584,137734
118,2015,54362,135458
118,2016,51887,146857
118,2017,42842,129415
119,1991,13425306,13548598
119,1992,13183777,13310826
119,1993,12652539,12954897
119,1994,12115265,12682133
119,1995,13879445,14524366
119,1996,11255111,12035313
119,1997,11561397,12570586
119,1998,10592874,12078922
119,1999,10491618,12030106
119,2000,10395874,11801084
119,2001,10668459,13058801
119,2002,10675294,13027374
119,2003,10692573,13041581
119,2004,11452178,12679311
119,2005,10882883,12145042
119,2006,10519005,11723986
119,2007,10452407,11741292
119,2008,10245458,11514267
119,2009,10358212,11716787
119,2010,10114033,11504847
119,2011,9287206,10616855
119,2012,8404564,10034906
119,2013,8739627,10460246
119,2014,8007888,9354609
119,2015,7864427,8097475
119,2016,7556637,7762476
119,2017,7040046,7235669
120,1991,0,0
120,1992,0,0
120,1993,0,0
120,1994,0,0
120,1995,0,0
120,1996,0,0
120,1997,0,0
120,1998,0,0
120,1999,0,0
120,2000,0,0
120,2001,0,0
120,2002,0,0
120,2003,0,0
120,2004,0,0
120,2005,0,0
120,2006,0,0
120,2007,0,0
120,2008,0,0
120,2009,0,0
120,2010,0,0
120,2011,0,0
120,2012,0,0
120,2013,0,0
120,2014,0,0
120,2015,0,0
120,2016,0,41378
120,2017,0,49648
121,1991,24300275,24539348
121,1992,27038915,27282533
121,1993,24806901,25079220
121,1994,24343063,24754456
121,1995,24492416,25104923
121,1996,23838374,24422454
121,1997,24294763,24928744
121,1998,24044494,24722362
121,1999,22342518,23654118
121,2000,17745156,24648992
121,2001,19018591,25946194
121,2002,17547836,28330400
121,2003,20665353,31704638
121,2004,15265982,26627295
121,2005,22364690,38234400
121,2006,21598392,38594690
121,2007,23279164,41349702
121,2008,23395624,41713708
121,2009,20657019,37218977
121,2010,21716864,38363856
121,2011,21560358,40487616
121,2012,21198533,42365346
121,2013,19695711,44281254
121,2014,20165174,46279409
121,2015,20560068,46721585
121,2016,20033242,45521914
121,2017,19749855,45078919
122,1991,22665913,22846202
122,1992,24700229,24911770
122,1993,21915576,22204493
122,1994,24911939,25243924
122,1995,19541333,19840654
122,1996,17591265,17910824
122,1997,16014201,16359096
122,1998,16511619,16882257
122,1999,16996108,17372032
122,2000,15545827,15881941
122,2001,16162711,16551767
122,2002,14647560,15021903
122,2003,12900738,13263377
122,2004,15171361,15523157
122,2005,15038337,15382863
122,2006,14669924,15024304
122,2007,15287627,15684026
122,2008,15175774,15593412
122,2009,15520760,15916087
122,2010,15788409,16210650
122,2011,14681187,15112842
122,2012,16718127,17186176
122,2013,16381133,16869560
122,2014,14517798,15031883
122,2015,14130368,14684241
122,2016,13519677,14087286
122,2017,12488562,13074972
123,1991,0,0
123,1992,0,0
123,1993,0,0
123,1994,0,0
123,1995,0,0
123,1996,0,0
123,1997,0,0
123,1998,0,0
123,1999,0,0
123,2000,0,0
123,2001,0,0
123,2002,0,0
123,2003,0,0
123,2004,0,0
123,2005,0,0
123,2006,0,0
123,2007,0,0
123,2008,0,0
123,2009,0,0
123,2010,0,0
123,2011,0,0
123,2012,0,106368
123,2013,0,219550
123,2014,24048,244504
123,2015,19050,224486
123,2016,15894,202428
123,2017,16198,209801
124,1991,7941008,8163533
124,1992,8162197,8359952
124,1993,6358466,6553687
124,1994,6938847,7125477
124,1995,6603406,6715329
124,1996,7762912,7983538
124,1997,6789048,6888556
124,1998,5745585,5955085
124,1999,6919522,7005617
124,2000,6826879,6924695
124,2001,7002312,7120433
124,2002,6966103,7078734
124,2003,6567316,6839972
124,2004,6268926,6410833
124,2005,7372388,7542602
124,2006,7708840,7910897
124,2007,8644456,8855724
124,2008,9701697,10016885
124,2009,10236540,10572693
124,2010,8623771,8942499
124,2011,8202260,8547382
124,2012,9273784,9654912
124,2013,9489110,9874459
124,2014,9213344,9619309
124,2015,9702716,10131340
124,2016,9474394,9915984
124,2017,9187675,9645840
125,1991,0,0
125,1992,0,0
125,1993,0,0
125,1994,0,0
125,1995,0,0
125,1996,0,0
125,1997,0,0
125,1998,0,0
125,1999,0,0
125,2000,0,0
125,2001,0,0
125,2002,0,0
125,2003,0,0
125,2004,0,0
125,2005,0,0
125,2006,0,0
125,2007,0,225131
125,2008,0,293758
125,2009,23114,417094
125,2010,43407,472936
125,2011,106262,597974
125,2012,151504,719539
125,2013,206557,734651
125,2014,247861,757888
125,2015,261225,787699
125,2016,240088,780936
125,2017,244400,803957
126,1991,21583428,21680298
126,1992,21712408,21811093
126,1993,18724993,18835153
126,1994,15856699,15996757
126,1995,14070771,14164356
126,1996,15617782,15714166
126,1997,15617740,15723820
126,1998,15624112,15861488
126,1999,13240418,13485043
126,2000,13543384,13790533
126,2001,15140321,15423050
126,2002,13664384,13966814
126,2003,11843548,12155215
126,2004,11345661,11675561
126,2005,12415055,12762725
126,2006,13449342,13824556
126,2007,14724023,15137874
126,2008,13595343,14079464
126,2009,13232881,13785039
126,2010,13583303,14185511
126,2011,12191071,12818930
126,2012,9352988,10010323
126,2013,8032266,8783578
126,2014,8476693,9272358
126,2015,8340232,9133126
126,2016,8654143,9401735
126,2017,7945344,8687699
127,1991,1045208,1058043
127,1992,960354,970546
127,1993,904080,914258
127,1994,928270,939470
127,1995,959525,970845
127,1996,919800,930635
127,1997,687297,698537
127,1998,632450,644200
127,1999,633938,641582
127,2000,513106,525881
127,2001,715262,729272
127,2002,493106,508116
127,2003,475672,493547
127,2004,463023,470683
127,2005,464797,472800
127,2006,491404,500372
127,2007,558481,566631
127,2008,591887,602736
127,2009,609022,619208
127,2010,575162,584902
127,2011,585641,593650
127,2012,656155,664701
127,2013,579156,585831
127,2014,416269,422535
127,2015,399117,405520
127,2016,487768,495364
127,2017,521693,532004
128,1991,23789863,31897380
128,1992,23024362,31594656
128,1993,23101063,31310183
128,1994,22369435,30618881
128,1995,21436326,29042462
128,1996,20484881,27644100
128,1997,19186273,26129523
128,1998,19765737,27013002
128,1999,20535766,26907072
128,2000,22346752,28964189
128,2001,19822429,26233594
128,2002,18661006,24519171
128,2003,18142026,24062619
128,2004,17590498,23134377
128,2005,18057230,23504709
128,2006,18042628,23758048
128,2007,18207585,24145786
128,2008,20387141,26173336
128,2009,21399200,28329904
128,2010,20446161,26799624
128,2011,21229706,27437658
128,2012,23490112,30754679
128,2013,23270057,29750299
128,2014,21602392,26402909
128,2015,21714180,26301333
128,2016,22680510,28079525
128,2017,21602535,26501597
129,1991,19385420,19385420
129,1992,18788498,18788498
129,1993,18479404,18479404
129,1994,17891980,17891980
129,1995,18740193,18740193
129,1996,15167944,15167944
129,1997,15250838,15250838
129,1998,16816826,16816826
129,1999,17472822,17472822
129,2000,17701954,17701954
129,2001,16846899,16846899
129,2002,17166448,17166448
129,2003,13549511,13549511
129,2004,12789638,12789638
129,2005,12508700,12508700
129,2006,12974403,12974403
129,2007,12718250,12718250
129,2008,13831689,13831689
129,2009,13578441,13578441
129,2010,13443001,13443001
129,2011,13896882,13896882
129,2012,14698648,14698648
129,2013,14429543,14429543
129,2014,14621291,14621291
129,2015,14868818,14868818
129,2016,15976850,15976850
129,2017,15431157,15431157
130,1991,874159,2021401
130,1992,1834069,2614236
130,1993,1843856,2821445
130,1994,1305116,2268910
130,1995,967078,1928017
130,1996,556563,1393716
130,1997,695856,1505358
130,1998,485306,1271874
130,1999,620458,1413574
130,2000,613380,1396956
130,2001,595292,1376134
130,2002,514757,1334936
130,2003,537983,1441961
130,2004,528758,1446963
130,2005,542124,1527015
130,2006,832958,1862741
130,2007,1453656,2523595
130,2008,871067,1999909
130,2009,893991,1938971
130,2010,763559,1746954
130,2011,1255909,2243268
130,2012,1765110,2739409
130,2013,1796869,3101135
130,2014,1862831,3256290
130,2015,1755176,3122915
130,2016,1696091,3108035
130,2017,1637001,2975346
131,1991,62446231,70784334
131,1992,60949631,68030850
131,1993,56101398,62704890
131,1994,61322329,68780829
131,1995,63482259,70769668
131,1996,55165111,60745318
131,1997,51101091,56992675
131,1998,55855580,62553369
131,1999,54265270,60518147
131,2000,50649344,56246742
131,2001,49060052,54491656
131,2002,48297526,53943547
131,2003,46658612,53316933
131,2004,38202444,47496471
131,2005,0,0
131,2006,6372721,7016485
131,2007,7262749,8712186
131,2008,7948227,12273303
131,2009,9988466,15468641
131,2010,9096536,16043744
131,2011,11466445,20634592
131,2012,16388042,23812738
131,2013,12915657,21785237
131,2014,11321890,19467590
131,2015,11150026,19637287
131,2016,10371236,19765652
131,2017,10502170,19888262
132,1991,0,0
132,1992,0,0
132,1993,0,0
132,1994,0,0
132,1995,0,0
132,1996,0,0
132,1997,0,0
132,1998,0,0
132,1999,3932141,4013367
132,2000,3650037,3723617
132,2001,3620240,3700808
132,2002,3991961,4070826
132,2003,4113859,4199535
132,2004,4192084,4281819
132,2005,3058393,3126398
132,2006,2237344,2293307
132,2007,1943315,2001762
132,2008,2045281,2104408
132,2009,1981986,2055495
132,2010,1911928,1991892
132,2011,1979917,2063010
132,2012,2076395,3147203
132,2013,2202965,3187487
132,2014,2193241,3186967
132,2015,2174871,3049382
132,2016,2106447,3069964
132,2017,2045636,3000503
133,1991,3575454,3608499
133,1992,3814368,3900979
133,1993,3868307,3974232
133,1994,3590451,3770010
133,1995,3426414,3649363
133,1996,3299320,3548879
133,1997,3250425,3488907
133,1998,3300157,3539834
133,1999,4264782,4264782
133,2000,4283124,4574066
133,2001,3256872,3578741
133,2002,3112405,3267636
133,2003,3098320,3228452
133,2004,3409919,3555406
133,2005,3546761,3702432
133,2006,3937310,4049995
133,2007,4092639,4136928
133,2008,4567679,4567679
133,2009,5019646,5394201
133,2010,5236722,5643624
133,2011,5777326,6233838
133,2012,6441622,6908735
133,2013,6393835,6795916
133,2014,6186694,6596035
133,2015,5667736,5994537
133,2016,5372061,5816412
133,2017,4715776,5189043
134,1991,0,0
134,1992,0,0
134,1993,0,0
134,1994,0,0
134,1995,0,0
134,1996,0,0
134,1997,0,0
134,1998,0,0
134,1999,0,0
134,2000,0,0
134,2001,0,0
134,2002,0,0
134,2003,0,0
134,2004,0,45819
134,2005,1767209,1819891
134,2006,1793209,1832871
134,2007,2392475,2431211
134,2008,1951620,1993365
134,2009,2162414,2206366
134,2010,2402598,2473386
134,2011,2617040,2699931
134,2012,2944732,3029431
134,2013,3163750,3232905
134,2014,3219266,3443836
134,2015,3427746,3644419
134,2016,3470342,3703390
134,2017,3513361,3738629
135,1991,4048222,4197813
135,1992,4645111,4804592
135,1993,4770625,4935550
135,1994,3981721,4149923
135,1995,3674008,3844483
135,1996,3324046,3487691
135,1997,3324095,3477988
135,1998,3849612,4005472
135,1999,4331380,4485257
135,2000,4331245,4485152
135,2001,5540128,5703660
135,2002,5840646,5990492
135,2003,3959551,4121656
135,2004,3821454,3978366
135,2005,2607690,2672509
135,2006,2841449,2903844
135,2007,2778173,2839806
135,2008,2519526,2583572
135,2009,2684087,2743675
135,2010,2747678,2805659
135,2011,2713045,2776507
135,2012,2839179,2902811
135,2013,2847559,2912425
135,2014,2858895,2927013
135,2015,3100993,3166452
135,2016,3193729,3265299
135,2017,3129122,3205600
136,1991,0,0
136,1992,0,0
136,1993,0,0
136,1994,0,0
136,1995,0,0
136,1996,0,0
136,1997,0,0
136,1998,0,0
136,1999,0,0
136,2000,0,0
136,2001,0,0
136,2002,0,0
136,2003,0,0
136,2004,0,0
136,2005,0,0
136,2006,0,0
136,2007,0,0
136,2008,0,0
136,2009,0,0
136,2010,0,0
136,2011,0,0
136,2012,226266,235005
136,2013,256547,265000
136,2014,268610,277475
136,2015,282639,290939
136,2016,265514,274074
136,2017,240204,248738
137,1991,18457037,18672912
137,1992,16416332,16639002
137,1993,18180511,18452395
137,1994,17299305,17590774
137,1995,15893258,16161851
137,1996,17627842,17906148
137,1997,17287034,17536397
137,1998,15739805,16018345
137,1999,17218782,17528057
137,2000,17991935,18304073
137,2001,15570060,15864784
137,2002,15245374,15529186
137,2003,16582715,16872423
137,2004,16510993,16853287
137,2005,16236219,16620475
137,2006,17386429,17814633
137,2007,17765650,18205425
137,2008,18407317,18857804
137,2009,21575374,22044269
137,2010,20383630,20847575
137,2011,19702472,20186845
137,2012,19943953,20464273
137,2013,20328265,20873221
137,2014,19713449,20272980
137,2015,19657931,21289419
137,2016,15743501,17271308
137,2017,16388315,17858491
138,1991,0,0
138,1992,0,0
138,1993,0,0
138,1994,0,0
138,1995,0,0
138,1996,0,0
138,1997,0,0
138,1998,0,0
138,1999,0,0
138,2000,0,0
138,2001,0,0
138,2002,0,0
138,2003,0,0
138,2004,0,0
138,2005,0,0
138,2006,0,0
138,2007,0,0
138,2008,0,0
138,2009,0,0
138,2010,0,26017
138,2011,0,40995
138,2012,0,70145
138,2013,0,32442
138,2014,0,39196
138,2015,0,39102
138,2016,0,121268
138,2017,0,120540
139,1991,72815706,72815706
139,1992,72985610,72985610
139,1993,76306576,76306576
139,1994,77671403,77671403
139,1995,72959750,72959750
139,1996,69079287,69104764
139,1997,68634884,68825965
139,1998,71822553,72509407
139,1999,66236147,66880103
139,2000,66602820,67286923
139,2001,70384025,71114823
139,2002,73524474,74260190
139,2003,69100627,69848768
139,2004,61297980,62044251
139,2005,67406827,68163430
139,2006,70384355,71168263
139,2007,71749456,72557307
139,2008,69759895,70641895
139,2009,77329670,78244128
139,2010,73158620,74041211
139,2011,73765232,74706100
139,2012,76296597,77276485
139,2013,69242214,70243916
139,2014,66285449,67449151
139,2015,69327213,70501835
139,2016,68314175,69553686
139,2017,65276018,66559963
140,1991,6048936,6242308
140,1992,6348066,6547996
140,1993,5899090,6097517
140,1994,5282509,5467371
140,1995,5686128,5874940
140,1996,2950668,3032808
140,1997,0,0
140,1998,406738,500992
140,1999,2550784,2699576
140,2000,2640505,2751574
140,2001,2661980,2774948
140,2002,2878464,2991360
140,2003,3630617,3755874
140,2004,4034627,4181392
140,2005,3686392,3833954
140,2006,3541683,3678559
140,2007,3124269,3253691
140,2008,3083764,3223156
140,2009,2805110,2942097
140,2010,2446464,2562785
140,2011,2430135,2546602
140,2012,2734046,2855602
140,2013,3144561,3257575
140,2014,3227622,3343699
140,2015,3149944,3260851
140,2016,2981571,3093510
140,2017,2697933,2800117
141,1991,0,0
141,1992,0,0
141,1993,0,0
141,1994,0,0
141,1995,0,0
141,1996,0,0
141,1997,0,0
141,1998,0,0
141,1999,0,0
141,2000,0,0
141,2001,0,0
141,2002,0,0
141,2003,0,0
141,2004,0,0
141,2005,0,0
141,2006,0,0
141,2007,0,0
141,2008,0,112102
141,2009,0,105955
141,2010,0,97658
141,2011,0,91251
141,2012,0,94668
141,2013,0,97228
141,2014,0,96130
141,2015,0,84860
141,2016,0,83624
141,2017,0,71347
142,1991,14769377,14917664
142,1992,14804172,14940931
142,1993,14278454,14403828
142,1994,13657726,13781312
142,1995,13607538,13739449
142,1996,12810786,12949426
142,1997,13060085,13232929
142,1998,13476690,13679167
142,1999,12922692,13148602
142,2000,13036657,13239189
142,2001,12154036,12347890
142,2002,12517422,12689991
142,2003,13434312,13601203
142,2004,12648335,12806666
142,2005,12928234,13101562
142,2006,12415288,12609640
142,2007,12006539,12184734
142,2008,17473578,17652858
142,2009,16918131,17099834
142,2010,17058925,17238595
142,2011,17506956,17675192
142,2012,22547758,22714997
142,2013,19975013,20144367
142,2014,17194927,17373842
142,2015,17107040,17292513
142,2016,16561701,16754592
142,2017,15774702,15973342
143,1991,3242163,3415420
143,1992,3242163,3430028
143,1993,2884861,3091460
143,1994,2902816,3120544
143,1995,2896197,3139541
143,1996,2639940,2859966
143,1997,2639940,2802619
143,1998,2645369,2829511
143,1999,3016895,3231596
143,2000,3086690,3306392
143,2001,3004543,3217948
143,2002,2836180,3042820
143,2003,2840421,3047825
143,2004,2850504,3058672
143,2005,2281375,2482071
143,2006,2451742,2661245
143,2007,2351145,2563571
143,2008,2543514,2774826
143,2009,2688967,2920946
143,2010,2523860,2717917
143,2011,2476428,2614112
143,2012,2797563,2954043
143,2013,2995606,3155745
143,2014,3132104,3288203
143,2015,2986736,3112346
143,2016,2906433,3027683
143,2017,2807351,2926380
144,1991,3637987,3779947
144,1992,3470199,3618962
144,1993,3728068,3908217
144,1994,3338307,3515708
144,1995,3111975,3299279
144,1996,3299177,3473465
144,1997,3460449,3636856
144,1998,3581328,3798746
144,1999,3903756,4272061
144,2000,4240994,4643034
144,2001,4777960,5203625
144,2002,5208455,5597857
144,2003,5427949,5825836
144,2004,5273942,5676898
144,2005,6069439,6468365
144,2006,7048057,7461775
144,2007,7745112,8192599
144,2008,8619972,9078469
144,2009,8865687,9336708
144,2010,9307111,9773397
144,2011,10314137,10817509
144,2012,11473737,11980418
144,2013,12039079,12506289
144,2014,12065266,12524771
144,2015,11519913,11961912
144,2016,11034704,11446068
144,2017,10577804,10972970
