id,year,drm,voms,vrh,vrm,pmt,upt,fares,opexp_total,bus,opexp_total,rail,upt,vrm,fares,upt,fares,vrh,vrm,upt,vrm
12060,2006,,,,,,,,,77869928.0,347549318.0,69209027.0,,,,,108009989.0,,,148494275.0,60341693.0
12060,2007,,,,,,,,,77459769.0,411824119.0,77685887.0,,,,,112873650.0,,,156713096.0,63246737.0
12060,2008,,,,,,,,,75774178.0,414381301.0,82984033.0,,,,,117532247.0,,,160721552.0,71084644.0
12060,2009,,,,,,,,,81234891.0,439353753.0,83346491.0,,,,,124295546.0,,,166432558.0,73771407.0
12060,2010,,,,,,,,,76197938.0,453903594.0,77732006.0,,,,,128920785.0,,,155873316.0,71922070.0
12060,2011,,,,,,,,,71315734.0,461371246.0,76228482.0,,,,,136322453.0,,,149443989.0,63792048.0
12060,2012,,,,,,,,,69241233.0,466680547.0,72711487.0,,,,,156764587.0,,,143951825.0,63329202.0
12060,2013,,,,,,,,,66942265.0,511968387.0,69629901.0,,,,,165319978.0,,,138582197.0,64382208.0
12060,2014,,,,,,,,,66690157.0,529875098.0,68761570.0,,,,,158396902.0,,,137362041.0,62871794.0
12060,2015,,,,,,,,,69368960.0,518939815.0,72929416.0,,,,,162936188.0,,,144217966.0,68022668.0
12060,2016,,,,,,,,,66686712.0,558346313.0,72632048.0,,,,,156073092.0,,,141174958.0,70084373.0
12060,2017,,,,,,,,,63198723.0,507706164.0,68682058.0,,,,,154355424.0,,,133429033.0,69672546.0
12420,2006,,,,,,,,,34464085.0,128077124.0,,,,,,5532082.0,,,35382434.0,17574580.0
12420,2007,,,,,,,,,33040661.0,134393450.0,,,,,,11697775.0,,,34039638.0,19645490.0
12420,2008,,,,,,,,,36339090.0,144621562.0,,,,,,13057234.0,,,37399219.0,20151241.0
12420,2009,,,,,,,,,38417485.0,144838258.0,,,,,,14149011.0,,,39438569.0,19785213.0
12420,2010,,,,,,,,,34814353.0,145451357.0,120788.0,,,,,15119571.0,,,35859512.0,18834001.0
12420,2011,,,,,,,,,33486970.0,153098076.0,377666.0,,,,,17685222.0,,,34740271.0,19560324.0
12420,2012,,,,,,,,,34148030.0,164597356.0,527370.0,,,,,20350256.0,,,35521394.0,19730067.0
12420,2013,,,,,,,,,34735484.0,167657338.0,834699.0,,,,,21876127.0,,,36418879.0,19600349.0
12420,2014,,,,,,,,,32547731.0,186099241.0,763551.0,,,,,23136249.0,,,34193086.0,20090123.0
12420,2015,,,,,,,,,32846628.0,195268627.0,833195.0,,,,,23994893.0,,,34716907.0,22481088.0
12420,2016,,,,,,,,,29127540.0,217074058.0,806331.0,,,,,23579805.0,,,31064617.0,23904987.0
12420,2017,,,,,,,,,27830642.0,217714933.0,824704.0,,,,,23072252.0,,,29800394.0,24640180.0
12580,2006,,,,,,,,,82104368.0,438949543.0,26088517.0,,,,,119006356.0,,,109319876.0,47233458.0
12580,2007,,,,,,,,,82481320.0,474836004.0,27404650.0,,,,,125197089.0,,,111189984.0,49535662.0
12580,2008,,,,,,,,,88933481.0,542617149.0,29707467.0,,,,,127065902.0,,,120102907.0,51483742.0
12580,2009,,,,,,,,,94237312.0,565067609.0,30441995.0,,,,,127040937.0,,,126217248.0,52317360.0
12580,2010,,,,,,,,,75558363.0,585320311.0,29529729.0,,,,,134390912.0,,,106668741.0,51163907.0
12580,2011,,,,,,,,,78549246.0,582835650.0,30987801.0,,,,,139642827.0,,,111273882.0,51570452.0
12580,2012,,,,,,,,,79447809.0,612496267.0,32527677.0,,,,,139734462.0,,,113986970.0,54168837.0
12580,2013,,,,,,,,,74163358.0,609532377.0,32885793.0,,,,,141502457.0,,,109207442.0,58305026.0
12580,2014,,,,,,,,,81608229.0,684759729.0,31909626.0,,,,,138520638.0,,,115882190.0,59133790.0
12580,2015,,,,,,,,,84567380.0,668331238.0,30825340.0,,,,,137822814.0,,,117977252.0,60969784.0
12580,2016,,,,,,,,,84364722.0,668413932.0,28614901.0,,,,,155451304.0,,,116084304.0,64762901.0
12580,2017,,,,,,,,,77990195.0,723086718.0,27013276.0,,,,,150366775.0,,,108305590.0,65641080.0
13820,2006,,,,,,,,,3541683.0,20379870.0,,,,,,2453174.0,,,3678559.0,3903905.0
13820,2007,,,,,,,,,3124269.0,23018545.0,,,,,,2382523.0,,,3253691.0,3938258.0
13820,2008,,,,,,,,,3083764.0,23867722.0,,,,,,2886344.0,,,3335258.0,4518274.0
13820,2009,,,,,,,,,2805110.0,24333491.0,,,,,,2557659.0,,,3048052.0,4545506.0
13820,2010,,,,,,,,,2446464.0,23942512.0,,,,,,2216090.0,,,2660443.0,4085281.0
13820,2011,,,,,,,,,2430135.0,24021693.0,,,,,,2312693.0,,,2637853.0,4443200.0
13820,2012,,,,,,,,,2734046.0,26909973.0,,,,,,2523767.0,,,2950270.0,4485476.0
13820,2013,,,,,,,,,3144561.0,26047201.0,,,,,,3300556.0,,,3354803.0,4665465.0
13820,2014,,,,,,,,,3227622.0,25905181.0,,,,,,2997413.0,,,3439829.0,4873125.0
13820,2015,,,,,,,,,3149944.0,28030334.0,,,,,,2636468.0,,,3345711.0,4674357.0
13820,2016,,,,,,,,,2981571.0,35381791.0,,,,,,2605458.0,,,3177134.0,4889419.0
13820,2017,,,,,,,,,2697933.0,35552133.0,,,,,,2399768.0,,,2871464.0,4623840.0
14460,2006,,,,,,,,,114733441.0,975489915.0,268781417.0,,,,,347220848.0,,,386674127.0,94939578.0
14460,2007,,,,,,,,,108192122.0,1020902269.0,252648173.0,,,,,401491774.0,,,364192950.0,96362278.0
14460,2008,,,,,,,,,112929021.0,1082977623.0,261637258.0,,,,,455964887.0,,,377998843.0,98836964.0
14460,2009,,,,,,,,,111479756.0,1183505033.0,259974428.0,,,,,462768033.0,,,375068449.0,100765102.0
14460,2010,,,,,,,,,118079554.0,1220989780.0,241421046.0,,,,,452438727.0,,,363388156.0,102439609.0
14460,2011,,,,,,,,,119492415.0,1266074448.0,264656867.0,,,,,462483870.0,,,388321164.0,103704744.0
14460,2012,,,,,,,,,126874534.0,1341526424.0,277861058.0,,,,,479705658.0,,,409277070.0,105763946.0
14460,2013,,,,,,,,,125404906.0,1382831245.0,273974936.0,,,,,578085175.0,,,403262901.0,101405152.0
14460,2014,,,,,,,,,127305599.0,1486794589.0,286195838.0,,,,,590353123.0,,,417463057.0,103954561.0
14460,2015,,,,,,,,,141859795.0,1550634839.0,268652148.0,,,,,616742315.0,,,414525887.0,103040698.0
14460,2016,,,,,,,,,134629204.0,1564285642.0,272886662.0,,,,,633380284.0,,,411748910.0,105798098.0
14460,2017,,,,,,,,,126743087.0,1587683238.0,260348776.0,,,,,673760684.0,,,391234460.0,106671297.0
15380,2006,,,,,,,,,18042628.0,100528770.0,5631864.0,,,,,24495512.0,,,23758048.0,10587286.0
15380,2007,,,,,,,,,18207585.0,113514431.0,5850313.0,,,,,25404306.0,,,24145786.0,10920215.0
15380,2008,,,,,,,,,20387141.0,117775524.0,5680505.0,,,,,26726826.0,,,26173336.0,11639728.0
15380,2009,,,,,,,,,21399200.0,124164664.0,6805512.0,,,,,28758688.0,,,28329904.0,12907600.0
15380,2010,,,,,,,,,20446161.0,120883839.0,6215596.0,,,,,30661752.0,,,26799624.0,12591872.0
15380,2011,,,,,,,,,21229706.0,122786053.0,6061323.0,,,,,31650760.0,,,27437658.0,11429854.0
15380,2012,,,,,,,,,23490112.0,125041497.0,7093198.0,,,,,32523832.0,,,30754679.0,11666605.0
15380,2013,,,,,,,,,23270057.0,124228063.0,6308928.0,,,,,36488687.0,,,29750299.0,11261038.0
15380,2014,,,,,,,,,21602392.0,125891397.0,4636129.0,,,,,36713995.0,,,26402909.0,10953569.0
15380,2015,,,,,,,,,21714180.0,127518551.0,4407968.0,,,,,37397595.0,,,26301333.0,10940170.0
15380,2016,,,,,,,,,22680510.0,134504599.0,5212083.0,,,,,37505573.0,,,28079525.0,11050449.0
15380,2017,,,,,,,,,21602535.0,133240098.0,4695638.0,,,,,36865551.0,,,26501597.0,11131976.0
16740,2006,,,,,,,,,20407190.0,78145125.0,175329.0,,,,,12614966.0,,,21176801.0,15075726.0
16740,2007,,,,,,,,,19858653.0,83246006.0,,,,,,13283728.0,,,20473529.0,16848499.0
16740,2008,,,,,,,,,19905066.0,100987929.0,2262631.0,,,,,16554610.0,,,22824210.0,18277555.0
16740,2009,,,,,,,,,21559482.0,101607668.0,3551153.0,,,,,21431190.0,,,25754544.0,18964942.0
16740,2010,,,,,,,,,20379745.0,100568317.0,3250020.0,,,,,20277652.0,,,24217949.0,18195340.0
16740,2011,,,,,,,,,21781934.0,101948946.0,4769933.0,,,,,23439299.0,,,27178025.0,18111290.0
16740,2012,,,,,,,,,22878115.0,107784419.0,4889454.0,,,,,24955141.0,,,28416837.0,19794669.0
16740,2013,,,,,,,,,23300202.0,111894648.0,4919307.0,,,,,27866281.0,,,29224159.0,20196687.0
16740,2014,,,,,,,,,23893059.0,116634942.0,5068178.0,,,,,27940781.0,,,29691268.0,18248089.0
16740,2015,,,,,,,,,21661724.0,124758269.0,5018421.0,,,,,29295262.0,,,27691601.0,21212493.0
16740,2016,,,,,,,,,20362643.0,130894875.0,5417316.0,,,,,30853451.0,,,26776074.0,21083260.0
16740,2017,,,,,,,,,19392703.0,133770480.0,5210127.0,,,,,29911882.0,,,25586074.0,21179272.0
16980,2006,,,,,,,,,333078170.0,2055750496.0,271441797.0,,,,,742993113.0,,,610210210.0,232544390.0
16980,2007,,,,,,,,,344057307.0,2191753206.0,269069502.0,,,,,745463754.0,,,618892793.0,238007274.0
16980,2008,,,,,,,,,364010543.0,2058304142.0,279255200.0,,,,,767118027.0,,,649247492.0,245144703.0
16980,2009,,,,,,,,,349083420.0,2138297989.0,278221316.0,,,,,803888659.0,,,633264648.0,245909028.0
16980,2010,,,,,,,,,336557382.0,2067562659.0,285098316.0,,,,,806212880.0,,,627569233.0,230988597.0
16980,2011,,,,,,,,,342003905.0,2167336594.0,297643653.0,,,,,833874844.0,,,646220810.0,227156545.0
16980,2012,,,,,,,,,347624755.0,2289180995.0,309069021.0,,,,,915177146.0,,,663752116.0,232510848.0
16980,2013,,,,,,,,,333869341.0,2337179496.0,306324026.0,,,,,953279544.0,,,647522358.0,240597656.0
16980,2014,,,,,,,,,308925021.0,2432689083.0,316096427.0,,,,,969561451.0,,,632405374.0,243282803.0
16980,2015,,,,,,,,,305542446.0,2480699778.0,317924503.0,,,,,1001058756.0,,,630852296.0,244997321.0
16980,2016,,,,,,,,,288556364.0,2546859001.0,314439498.0,,,,,994876215.0,,,610097041.0,244826388.0
16980,2017,,,,,,,,,279080049.0,2609845344.0,304252104.0,,,,,992125369.0,,,590631632.0,246885139.0
17140,2006,,,,,,,,,28836675.0,100350402.0,,,,,,28607134.0,,,29285405.0,17644868.0
17140,2007,,,,,,,,,29521507.0,105546293.0,,,,,,29498140.0,,,30038468.0,18116390.0
17140,2008,,,,,,,,,29555382.0,112443049.0,,,,,,34565060.0,,,30072809.0,18231136.0
17140,2009,,,,,,,,,26644343.0,115063597.0,,,,,,34618575.0,,,27162489.0,18068451.0
17140,2010,,,,,,,,,22322052.0,107839285.0,,,,,,36325578.0,,,22791415.0,16271135.0
17140,2011,,,,,,,,,22394765.0,107365197.0,,,,,,36202365.0,,,22869792.0,16610090.0
17140,2012,,,,,,,,,21032248.0,113952516.0,,,,,,37100927.0,,,21478924.0,16697319.0
17140,2013,,,,,,,,,20666172.0,116570583.0,,,,,,36461291.0,,,21111128.0,16756169.0
17140,2014,,,,,,,,,20494371.0,120130887.0,,,,,,35536463.0,,,20949366.0,17134627.0
17140,2015,,,,,,,,,20047546.0,120800269.0,,,,,,34880458.0,,,20516225.0,17221425.0
17140,2016,,,,,,,,,19077488.0,124386000.0,330738.0,,,,,34442247.0,,,19879464.0,17442491.0
17140,2017,,,,,,,,,18066972.0,128305253.0,578180.0,,,,,33387255.0,,,19117995.0,17767558.0
17460,2006,,,,,,,,,58430138.0,230099474.0,10952659.0,,,,,42084326.0,,,70179909.0,29339709.0
17460,2007,,,,,,,,,49812293.0,241638001.0,10510387.0,,,,,44504586.0,,,61193251.0,30547559.0
17460,2008,,,,,,,,,45900954.0,253862024.0,10901239.0,,,,,49318189.0,,,57696282.0,28540430.0
17460,2009,,,,,,,,,38747827.0,241411727.0,6856920.0,,,,,51763663.0,,,46477218.0,26999261.0
17460,2010,,,,,,,,,36354745.0,213715156.0,5973163.0,,,,,48595319.0,,,43149921.0,22879055.0
17460,2011,,,,,,,,,37690061.0,217141569.0,8432997.0,,,,,51455757.0,,,46973268.0,22709484.0
17460,2012,,,,,,,,,39039598.0,235330755.0,9096874.0,,,,,51562739.0,,,49101765.0,23598274.0
17460,2013,,,,,,,,,39703682.0,242970917.0,9321306.0,,,,,52621060.0,,,50032296.0,24940805.0
17460,2014,,,,,,,,,40026043.0,264758530.0,8982995.0,,,,,52049718.0,,,50038742.0,25588423.0
17460,2015,,,,,,,,,37766529.0,254843356.0,9047022.0,,,,,48982385.0,,,47811241.0,26137267.0
17460,2016,,,,,,,,,35256110.0,277322899.0,8885920.0,,,,,48613409.0,,,45081116.0,26173022.0
17460,2017,,,,,,,,,31432779.0,270725069.0,8019567.0,,,,,48213959.0,,,40364713.0,25903341.0
18140,2006,,,,,,,,,14841320.0,67361346.0,,,,,,13205864.0,,,15010219.0,9290937.0
18140,2007,,,,,,,,,14787666.0,69572572.0,,,,,,13071440.0,,,14969847.0,9541102.0
18140,2008,,,,,,,,,16445821.0,78134053.0,,,,,,13984507.0,,,16662310.0,10196518.0
18140,2009,,,,,,,,,17208787.0,81041138.0,,,,,,13817908.0,,,17446736.0,11327910.0
18140,2010,,,,,,,,,17034878.0,86998057.0,,,,,,16066595.0,,,17273168.0,11951213.0
18140,2011,,,,,,,,,18764047.0,92836172.0,,,,,,17911227.0,,,19023930.0,12391488.0
18140,2012,,,,,,,,,18445628.0,95171310.0,,,,,,20413102.0,,,18762575.0,13265571.0
18140,2013,,,,,,,,,18509380.0,102318428.0,,,,,,21019907.0,,,18916968.0,14684911.0
18140,2014,,,,,,,,,19097888.0,109394664.0,,,,,,21659631.0,,,19483198.0,15031246.0
18140,2015,,,,,,,,,18986860.0,113868214.0,,,,,,20475880.0,,,19360134.0,16049483.0
18140,2016,,,,,,,,,18615894.0,127050874.0,,,,,,19951336.0,,,18990230.0,16885557.0
18140,2017,,,,,,,,,18463222.0,146582323.0,,,,,,20439160.0,,,18843897.0,17708934.0
19100,2006,,,,,,,,,62794967.0,369985428.0,20991093.0,,,,,47382405.0,,,85257780.0,47154060.0
19100,2007,,,,,,,,,59502819.0,400590834.0,20368027.0,,,,,47467799.0,,,82285353.0,55274895.0
19100,2008,,,,,,,,,51102339.0,452337350.0,22154765.0,,,,,57473194.0,,,76149465.0,58243256.0
19100,2009,,,,,,,,,48882037.0,453303112.0,21704105.0,,,,,55771646.0,,,73733248.0,57454168.0
19100,2010,,,,,,,,,44240309.0,480566301.0,20231360.0,,,,,64034399.0,,,67679513.0,57459306.0
19100,2011,,,,,,,,,43616102.0,506869315.0,24690797.0,,,,,70856208.0,,,71966588.0,60808924.0
19100,2012,,,,,,,,,45837015.0,512438340.0,29906033.0,,,,,75724868.0,,,79466905.0,64006249.0
19100,2013,,,,,,,,,45489412.0,524170720.0,31993153.0,,,,,81725700.0,,,80755478.0,64062993.0
19100,2014,,,,,,,,,45005556.0,531966883.0,32247239.0,,,,,81932542.0,,,80451557.0,63126222.0
19100,2015,,,,,,,,,43946668.0,532665391.0,32668489.0,,,,,81146014.0,,,79330072.0,62909258.0
19100,2016,,,,,,,,,40569604.0,558781886.0,32467790.0,,,,,78508780.0,,,75591813.0,63168079.0
19100,2017,,,,,,,,,38606276.0,575298348.0,32861240.0,,,,,77738641.0,,,73918008.0,63886684.0
19740,2006,,,,,,,,,74022977.0,320088805.0,11277855.0,,,,,67822659.0,,,86571361.0,54027916.0
19740,2007,,,,,,,,,73966662.0,345241035.0,18655496.0,,,,,79142681.0,,,94196136.0,59474538.0
19740,2008,,,,,,,,,78522347.0,374820525.0,20635133.0,,,,,89942987.0,,,101175756.0,60946006.0
19740,2009,,,,,,,,,77222047.0,383653655.0,19759388.0,,,,,98891852.0,,,98205186.0,55789143.0
19740,2010,,,,,,,,,76168180.0,392265551.0,20087726.0,,,,,99707651.0,,,97428236.0,55861426.0
19740,2011,,,,,,,,,75954767.0,394904371.0,20694715.0,,,,,110064844.0,,,97933777.0,56404535.0
19740,2012,,,,,,,,,76716999.0,417494821.0,20639068.0,,,,,115002941.0,,,98715849.0,53976248.0
19740,2013,,,,,,,,,76348670.0,448336187.0,23773844.0,,,,,118694734.0,,,101554205.0,57582053.0
19740,2014,,,,,,,,,76657870.0,478554800.0,26363053.0,,,,,121476810.0,,,104489114.0,59058073.0
19740,2015,,,,,,,,,75502787.0,472082484.0,25518578.0,,,,,122150157.0,,,102479122.0,60399221.0
19740,2016,,,,,,,,,73252352.0,522072367.0,28902487.0,,,,,137113350.0,,,103567798.0,63222267.0
19740,2017,,,,,,,,,65266321.0,535871364.0,31595715.0,,,,,141547931.0,,,98283625.0,64452916.0
19820,2006,,,,,,,,,48001083.0,293862779.0,2307909.0,,,,,35010880.0,,,51314936.0,32418797.0
19820,2007,,,,,,,,,46240413.0,282526857.0,2307804.0,,,,,36699854.0,,,49559231.0,32001486.0
19820,2008,,,,,,,,,49816514.0,287789864.0,2315395.0,,,,,40295694.0,,,53177516.0,32273043.0
19820,2009,,,,,,,,,51377334.0,276085492.0,1941501.0,,,,,40760118.0,,,54362126.0,31849659.0
19820,2010,,,,,,,,,47995239.0,275178275.0,2161440.0,,,,,39037406.0,,,51012985.0,29817149.0
19820,2011,,,,,,,,,46275690.0,270027184.0,2328131.0,,,,,43009998.0,,,49641822.0,30887239.0
19820,2012,,,,,,,,,43424737.0,266742238.0,2388280.0,,,,,47810403.0,,,47953570.0,35169898.0
19820,2013,,,,,,,,,40363500.0,230434266.0,2331655.0,,,,,40043101.0,,,44810902.0,32792580.0
19820,2014,,,,,,,,,34364898.0,238272705.0,2150068.0,,,,,39079051.0,,,38702182.0,32842367.0
19820,2015,,,,,,,,,33078462.0,219679934.0,2442031.0,,,,,38804804.0,,,37662887.0,33346769.0
19820,2016,,,,,,,,,35997924.0,233156399.0,2286383.0,,,,,39269755.0,,,40318764.0,34700411.0
19820,2017,,,,,,,,,33074610.0,255182973.0,2932272.0,,,,,40277835.0,,,38038113.0,36315907.0
24340,2006,,,,,,,,,7048057.0,28558706.0,,,,,,4057323.0,,,7461775.0,6294044.0
24340,2007,,,,,,,,,7745112.0,30427845.0,,,,,,4394197.0,,,8192599.0,6965241.0
24340,2008,,,,,,,,,8619972.0,33949673.0,,,,,,5008670.0,,,9078469.0,7081291.0
24340,2009,,,,,,,,,8865687.0,35227655.0,,,,,,5343687.0,,,9336708.0,7466633.0
24340,2010,,,,,,,,,9307111.0,35619925.0,,,,,,5326290.0,,,9773397.0,7477414.0
24340,2011,,,,,,,,,10314137.0,37305731.0,,,,,,6049360.0,,,10817509.0,7791668.0
24340,2012,,,,,,,,,11473737.0,40953095.0,,,,,,6496370.0,,,11980418.0,7989560.0
24340,2013,,,,,,,,,12039079.0,41251361.0,,,,,,6887809.0,,,12506289.0,8131081.0
24340,2014,,,,,,,,,12065266.0,43703505.0,,,,,,10112800.0,,,12524771.0,8417017.0
24340,2015,,,,,,,,,11519913.0,44279964.0,,,,,,10037715.0,,,11961912.0,8428122.0
24340,2016,,,,,,,,,11034704.0,42283441.0,,,,,,10533402.0,,,11446068.0,8315119.0
24340,2017,,,,,,,,,10577804.0,42833285.0,,,,,,10445764.0,,,10972970.0,8321278.0
25540,2006,,,,,,,,,13807361.0,66117160.0,445564.0,,,,,17278284.0,,,14837144.0,11578704.0
25540,2007,,,,,,,,,14171906.0,72997529.0,466406.0,,,,,17541961.0,,,15241845.0,12114332.0
25540,2008,,,,,,,,,14702756.0,79194790.0,506491.0,,,,,15898938.0,,,15831598.0,11505000.0
25540,2009,,,,,,,,,14472432.0,97161253.0,593723.0,,,,,16444605.0,,,15517412.0,11609343.0
25540,2010,,,,,,,,,14206560.0,97329802.0,557622.0,,,,,15814212.0,,,15189955.0,11124984.0
25540,2011,,,,,,,,,15152791.0,104554415.0,601708.0,,,,,16228193.0,,,16140150.0,11639549.0
25540,2012,,,,,,,,,16463758.0,110712864.0,624172.0,,,,,17640025.0,,,17438057.0,12273578.0
25540,2013,,,,,,,,,16226412.0,118526837.0,871468.0,,,,,18319218.0,,,17530678.0,12646962.0
25540,2014,,,,,,,,,16484122.0,124286864.0,921550.0,,,,,19240957.0,,,17877581.0,13252958.0
25540,2015,,,,,,,,,16623994.0,134643240.0,889598.0,,,,,20293507.0,,,17991733.0,14434063.0
25540,2016,,,,,,,,,17672941.0,154201880.0,849942.0,,,,,21000158.0,,,19084885.0,17779598.0
25540,2017,,,,,,,,,17068158.0,156448054.0,800356.0,,,,,21983918.0,,,18406503.0,17629456.0
26420,2006,,,,,,,,,88031836.0,316999305.0,11333097.0,,,,,56504320.0,,,102477574.0,61005712.0
26420,2007,,,,,,,,,85833968.0,328682525.0,11708960.0,,,,,57101175.0,,,100986606.0,63380192.0
26420,2008,,,,,,,,,84709304.0,347972629.0,11800912.0,,,,,56939576.0,,,100442728.0,64762522.0
26420,2009,,,,,,,,,72937853.0,390656163.0,11613720.0,,,,,75708357.0,,,88733659.0,67096011.0
26420,2010,,,,,,,,,66663053.0,389500901.0,10616292.0,,,,,69869854.0,,,81422171.0,68333953.0
26420,2011,,,,,,,,,66593785.0,405453015.0,10618061.0,,,,,76550689.0,,,81455220.0,69843461.0
26420,2012,,,,,,,,,65807816.0,414673987.0,11276769.0,,,,,74424874.0,,,81380479.0,70245743.0
26420,2013,,,,,,,,,69085545.0,436143712.0,11320995.0,,,,,77574489.0,,,84819874.0,70825757.0
26420,2014,,,,,,,,,68739728.0,455734505.0,12701038.0,,,,,78484151.0,,,85931721.0,72017658.0
26420,2015,,,,,,,,,66867761.0,500175643.0,15251432.0,,,,,76129506.0,,,86665367.0,74552811.0
26420,2016,,,,,,,,,67665968.0,515010180.0,18532122.0,,,,,71488929.0,,,90573049.0,77157777.0
26420,2017,,,,,,,,,66295798.0,536535990.0,18319444.0,,,,,68539214.0,,,88711745.0,76276935.0
26900,2006,,,,,,,,,9694417.0,43091865.0,,,,,,8336827.0,,,10033987.0,8935425.0
26900,2007,,,,,,,,,9105201.0,47697564.0,,,,,,8911670.0,,,9424120.0,9501846.0
26900,2008,,,,,,,,,9589851.0,52603676.0,,,,,,10286990.0,,,9906929.0,10168361.0
26900,2009,,,,,,,,,8199806.0,55545022.0,,,,,,10220995.0,,,8469297.0,9852087.0
26900,2010,,,,,,,,,8527866.0,56688880.0,,,,,,9862597.0,,,8798996.0,9556140.0
26900,2011,,,,,,,,,9254935.0,53003967.0,,,,,,10401922.0,,,9534976.0,9599413.0
26900,2012,,,,,,,,,9991373.0,54033032.0,,,,,,11467885.0,,,10327978.0,9902501.0
26900,2013,,,,,,,,,10263065.0,61316048.0,,,,,,11704973.0,,,10643729.0,10368001.0
26900,2014,,,,,,,,,10318949.0,64301177.0,,,,,,11423868.0,,,10707808.0,10725428.0
26900,2015,,,,,,,,,9694514.0,64113674.0,,,,,,11505091.0,,,10082727.0,10580372.0
26900,2016,,,,,,,,,9236131.0,69077562.0,,,,,,11567537.0,,,9642768.0,10819267.0
26900,2017,,,,,,,,,8798051.0,71866895.0,,,,,,10420705.0,,,9196182.0,10790670.0
27260,2006,,,,,,,,,10489396.0,81741528.0,635732.0,,,,,13770881.0,,,11669106.0,16318029.0
27260,2007,,,,,,,,,10171201.0,84403153.0,619414.0,,,,,16596618.0,,,11192802.0,14317871.0
27260,2008,,,,,,,,,10363388.0,91085744.0,502364.0,,,,,16150637.0,,,11217029.0,13685972.0
27260,2009,,,,,,,,,10259677.0,80898966.0,449665.0,,,,,18462283.0,,,11143246.0,13063062.0
27260,2010,,,,,,,,,10781854.0,82482549.0,470389.0,,,,,19119658.0,,,11621875.0,13483153.0
27260,2011,,,,,,,,,11790927.0,78126387.0,502941.0,,,,,10075739.0,,,12677610.0,14023219.0
27260,2012,,,,,,,,,11549429.0,82989744.0,817153.0,,,,,12303964.0,,,12754865.0,14039019.0
27260,2013,,,,,,,,,11271035.0,83510897.0,1079179.0,,,,,12189739.0,,,12728735.0,13890635.0
27260,2014,,,,,,,,,11097401.0,86366073.0,1188007.0,,,,,11987243.0,,,12733845.0,13846890.0
27260,2015,,,,,,,,,11688620.0,92914551.0,1315833.0,,,,,11923405.0,,,13460562.0,13852296.0
27260,2016,,,,,,,,,11560025.0,95189092.0,1186358.0,,,,,12871679.0,,,13463857.0,13930909.0
27260,2017,,,,,,,,,10837640.0,99087376.0,1053621.0,,,,,12760126.0,,,12788462.0,14205979.0
28140,2006,,,,,,,,,14579216.0,76199531.0,,,,,,10102128.0,,,15202672.0,13088912.0
28140,2007,,,,,,,,,15260112.0,78814540.0,,,,,,11052375.0,,,15907226.0,13664317.0
28140,2008,,,,,,,,,17141606.0,87555011.0,,,,,,12561242.0,,,17820783.0,13646950.0
28140,2009,,,,,,,,,15474361.0,83794106.0,,,,,,12988627.0,,,16093231.0,14462409.0
28140,2010,,,,,,,,,15101862.0,86244109.0,,,,,,12935480.0,,,15724739.0,14128544.0
28140,2011,,,,,,,,,16147317.0,95741400.0,,,,,,13695901.0,,,16804312.0,14745830.0
28140,2012,,,,,,,,,16794077.0,95387553.0,,,,,,14137930.0,,,17452705.0,14834747.0
28140,2013,,,,,,,,,16614102.0,98856332.0,,,,,,14365395.0,,,17227182.0,14850286.0
28140,2014,,,,,,,,,16801678.0,98940493.0,,,,,,14074195.0,,,17406666.0,14394939.0
28140,2015,,,,,,,,,15883248.0,104976777.0,,,,,,12938980.0,,,16495686.0,14227599.0
28140,2016,,,,,,,,,14648494.0,109228215.0,,,,,,12394210.0,,,15280044.0,14469023.0
28140,2017,,,,,,,,,14009448.0,109750171.0,1983085.0,,,,,10664120.0,,,16593115.0,14531974.0
29820,2006,,,,,,,,,59876800.0,189507858.0,7002333.0,,,,,76828693.0,,,67697191.0,23665000.0
29820,2007,,,,,,,,,62839475.0,195704158.0,9329974.0,,,,,76218218.0,,,73063668.0,23859447.0
29820,2008,,,,,,,,,65196116.0,157961440.0,,,,,,50885136.0,,,66168163.0,24202390.0
29820,2009,,,,,,,,,66100239.0,177098178.0,,,,,,55364546.0,,,67126417.0,25399604.0
29820,2010,,,,,,,,,56382288.0,164178462.0,,,,,,62437759.0,,,57414118.0,24932849.0
29820,2011,,,,,,,,,55476967.0,168988249.0,,,,,,64551824.0,,,56686089.0,25676815.0
29820,2012,,,,,,,,,59699065.0,191470251.0,4128134.0,,,,,87814349.0,,,65144926.0,27762069.0
29820,2013,,,,,,,,,60337002.0,201877956.0,4169684.0,,,,,88044328.0,,,65873993.0,28017660.0
29820,2014,,,,,,,,,59730037.0,203823941.0,4548311.0,,,,,91521187.0,,,65513009.0,27293936.0
29820,2015,,,,,,,,,65626524.0,209160051.0,5082158.0,,,,,96085373.0,,,71939047.0,27244089.0
29820,2016,,,,,,,,,66073485.0,214360455.0,4940323.0,,,,,94183378.0,,,72286595.0,28792518.0
29820,2017,,,,,,,,,64229792.0,229804732.0,4816085.0,,,,,90919679.0,,,70351063.0,29856852.0
31080,2006,,,,,,,,,590500965.0,1769397783.0,94004487.0,,,,,452681739.0,,,689552093.0,219553666.0
31080,2007,,,,,,,,,606213928.0,1882063491.0,94247531.0,,,,,477489818.0,,,705618455.0,222337589.0
31080,2008,,,,,,,,,578673420.0,2001270493.0,99388104.0,,,,,539605618.0,,,685680783.0,238739216.0
31080,2009,,,,,,,,,577519819.0,2047344779.0,105160356.0,,,,,550899696.0,,,691703225.0,246259770.0
31080,2010,,,,,,,,,542680112.0,2092761161.0,106320841.0,,,,,531893715.0,,,658327703.0,243651344.0
31080,2011,,,,,,,,,531205152.0,2110284125.0,106976256.0,,,,,573937560.0,,,647623882.0,237878369.0
31080,2012,,,,,,,,,532251739.0,2159234207.0,114672323.0,,,,,587280835.0,,,657059198.0,241419332.0
31080,2013,,,,,,,,,531851185.0,2280644120.0,126613414.0,,,,,593319365.0,,,669212832.0,250959986.0
31080,2014,,,,,,,,,531060687.0,2370669046.0,127498934.0,,,,,600016482.0,,,669947310.0,257712185.0
31080,2015,,,,,,,,,507972043.0,2438586099.0,124257179.0,,,,,605936330.0,,,644116787.0,261720766.0
31080,2016,,,,,,,,,483813575.0,2711171574.0,121848189.0,,,,,591897335.0,,,618989788.0,274423912.0
31080,2017,,,,,,,,,440919792.0,2901359179.0,127794042.0,,,,,558086337.0,,,581505404.0,273994856.0
31140,2006,,,,,,,,,14669924.0,58531738.0,,,,,,7190456.0,,,15024304.0,11793741.0
31140,2007,,,,,,,,,15287627.0,61276481.0,,,,,,7357342.0,,,15684026.0,11687488.0
31140,2008,,,,,,,,,15175774.0,64701639.0,,,,,,9945314.0,,,15593412.0,12047457.0
31140,2009,,,,,,,,,15520760.0,65870292.0,,,,,,11032937.0,,,15916087.0,11779311.0
31140,2010,,,,,,,,,15788409.0,63878408.0,,,,,,10375150.0,,,16210650.0,11767330.0
31140,2011,,,,,,,,,14681187.0,65299771.0,,,,,,10538621.0,,,15112842.0,10992972.0
31140,2012,,,,,,,,,16718127.0,70583712.0,,,,,,11525202.0,,,17292544.0,11915270.0
31140,2013,,,,,,,,,16381133.0,73631902.0,,,,,,13187836.0,,,17089110.0,12914684.0
31140,2014,,,,,,,,,14541846.0,74465726.0,,,,,,13125893.0,,,15276387.0,13182262.0
31140,2015,,,,,,,,,14149418.0,77560570.0,,,,,,13255227.0,,,14908727.0,13463571.0
31140,2016,,,,,,,,,13535571.0,80680686.0,,,,,,13193235.0,,,14289714.0,13437019.0
31140,2017,,,,,,,,,12504760.0,81276112.0,,,,,,12792696.0,,,13284773.0,13545909.0
32820,2006,,,,,,,,,10519005.0,45948682.0,959269.0,,,,,9096975.0,,,11723986.0,8678571.0
32820,2007,,,,,,,,,10452407.0,49279451.0,1031168.0,,,,,9215357.0,,,11741292.0,8803325.0
32820,2008,,,,,,,,,10245458.0,49305604.0,1014777.0,,,,,9599517.0,,,11514267.0,8692957.0
32820,2009,,,,,,,,,10358212.0,52672966.0,1113809.0,,,,,9616007.0,,,11716787.0,8525398.0
32820,2010,,,,,,,,,10114033.0,52574027.0,1154848.0,,,,,9179530.0,,,11504847.0,8050268.0
32820,2011,,,,,,,,,9287206.0,54587799.0,1086125.0,,,,,9648482.0,,,10616855.0,8012141.0
32820,2012,,,,,,,,,8404564.0,54777051.0,1382953.0,,,,,10210356.0,,,10034906.0,7800999.0
32820,2013,,,,,,,,,8739627.0,54170453.0,1468030.0,,,,,10498491.0,,,10460246.0,7652323.0
32820,2014,,,,,,,,,8007888.0,52625229.0,1103235.0,,,,,9330136.0,,,9354609.0,7101601.0
32820,2015,,,,,,,,,7864427.0,51734780.0,,,,,,8301401.0,,,8097475.0,6931657.0
32820,2016,,,,,,,,,7556637.0,50980067.0,,,,,,8063835.0,,,7803854.0,7157602.0
32820,2017,,,,,,,,,7040046.0,53476473.0,,,,,,7242343.0,,,7285317.0,7198257.0
33100,2006,,,,,,,,,130868289.0,610642895.0,28131201.0,,,,,127010760.0,,,161123197.0,91570922.0
33100,2007,,,,,,,,,135501126.0,700944227.0,29535951.0,,,,,124786866.0,,,168942693.0,105907376.0
33100,2008,,,,,,,,,134750773.0,753735303.0,31236905.0,,,,,132723349.0,,,170127636.0,101209331.0
33100,2009,,,,,,,,,122946163.0,735487376.0,30567970.0,,,,,142168921.0,,,157494381.0,96650748.0
33100,2010,,,,,,,,,117665162.0,697609493.0,28990828.0,,,,,147991053.0,,,150479955.0,93485889.0
33100,2011,,,,,,,,,123416969.0,702886416.0,31112716.0,,,,,159639813.0,,,158312559.0,92435450.0
33100,2012,,,,,,,,,128291673.0,708125003.0,31814500.0,,,,,169360307.0,,,163978929.0,93632241.0
33100,2013,,,,,,,,,129931640.0,707037883.0,35043440.0,,,,,174706259.0,,,168883447.0,97042843.0
33100,2014,,,,,,,,,127918080.0,758955526.0,36135441.0,,,,,185137168.0,,,167915559.0,96714505.0
33100,2015,,,,,,,,,122265346.0,816198069.0,36140906.0,,,,,182989234.0,,,162241405.0,98368943.0
33100,2016,,,,,,,,,111571053.0,850785620.0,36020674.0,,,,,174626236.0,,,151523939.0,101859193.0
33100,2017,,,,,,,,,99584042.0,888219953.0,33709251.0,,,,,152924587.0,,,137182792.0,101593685.0
33340,2006,,,,,,,,,49437484.0,158506339.0,,,,,,49766303.0,,,50685153.0,25642133.0
33340,2007,,,,,,,,,47068533.0,165911294.0,,,,,,49728150.0,,,48386956.0,25597206.0
33340,2008,,,,,,,,,52340704.0,173438666.0,,,,,,51444829.0,,,53702791.0,25139445.0
33340,2009,,,,,,,,,48198206.0,176805637.0,,,,,,48310933.0,,,49596717.0,25043275.0
33340,2010,,,,,,,,,43595416.0,175429828.0,,,,,,48151137.0,,,44929630.0,24584921.0
33340,2011,,,,,,,,,45485709.0,174180599.0,,,,,,48990019.0,,,46568219.0,23379618.0
33340,2012,,,,,,,,,46712562.0,165820358.0,,,,,,47132901.0,,,47423252.0,22098963.0
33340,2013,,,,,,,,,43557097.0,158646337.0,,,,,,45885111.0,,,44243473.0,21922787.0
33340,2014,,,,,,,,,42368288.0,161593399.0,,,,,,44062574.0,,,43069164.0,22160956.0
33340,2015,,,,,,,,,40610852.0,156700344.0,,,,,,39930262.0,,,41270602.0,23020271.0
33340,2016,,,,,,,,,41504726.0,161354919.0,,,,,,36614966.0,,,42176687.0,23234082.0
33340,2017,,,,,,,,,35799339.0,157628441.0,,,,,,36888037.0,,,36467454.0,22924923.0
33460,2006,,,,,,,,,74295615.0,306413388.0,8957912.0,,,,,86652567.0,,,85163336.0,45219980.0
33460,2007,,,,,,,,,77686611.0,325944116.0,9101036.0,,,,,91136124.0,,,88865843.0,45949545.0
33460,2008,,,,,,,,,82410277.0,346876636.0,10221681.0,,,,,99054477.0,,,94799207.0,47590829.0
33460,2009,,,,,,,,,77581412.0,360948848.0,9941824.0,,,,,101626774.0,,,89623577.0,46748598.0
33460,2010,,,,,,,,,78435448.0,377600545.0,11166286.0,,,,,104328435.0,,,91701804.0,48106865.0
33460,2011,,,,,,,,,80638026.0,385292030.0,11104288.0,,,,,107355785.0,,,93915285.0,48946931.0
33460,2012,,,,,,,,,80427234.0,399555715.0,11198512.0,,,,,109138643.0,,,93864393.0,49983966.0
33460,2013,,,,,,,,,81718842.0,427550984.0,10950160.0,,,,,110215259.0,,,95087692.0,53635009.0
33460,2014,,,,,,,,,78312654.0,468070572.0,16721207.0,,,,,112671787.0,,,97602886.0,59401566.0
33460,2015,,,,,,,,,72314807.0,498626772.0,23726094.0,,,,,116551307.0,,,98689579.0,62137979.0
33460,2016,,,,,,,,,69610478.0,506371272.0,23674796.0,,,,,113582751.0,,,96023499.0,64206220.0
33460,2017,,,,,,,,,68099860.0,511992898.0,24604793.0,,,,,112946073.0,,,95471202.0,64878858.0
34980,2006,,,,,,,,,7708840.0,34657149.0,,,,,,8495864.0,,,7910897.0,6051924.0
34980,2007,,,,,,,,,8644456.0,41527918.0,108035.0,,,,,8721017.0,,,9080855.0,6487506.0
34980,2008,,,,,,,,,9701697.0,48298286.0,166750.0,,,,,10035091.0,,,10310643.0,7152265.0
34980,2009,,,,,,,,,10259654.0,50410970.0,181356.0,,,,,12044230.0,,,10989787.0,7898610.0
34980,2010,,,,,,,,,8667178.0,54105176.0,204679.0,,,,,10618777.0,,,9415435.0,8064955.0
34980,2011,,,,,,,,,8308522.0,57203869.0,250656.0,,,,,11291217.0,,,9145356.0,8986246.0
34980,2012,,,,,,,,,9425288.0,62548446.0,279291.0,,,,,13397368.0,,,10374451.0,9597913.0
34980,2013,,,,,,,,,9695667.0,68143395.0,252220.0,,,,,14403187.0,,,10609110.0,10187799.0
34980,2014,,,,,,,,,9461205.0,74810927.0,243133.0,,,,,15398577.0,,,10377197.0,10907107.0
34980,2015,,,,,,,,,9963941.0,75650871.0,265527.0,,,,,15851387.0,,,10919039.0,11075022.0
34980,2016,,,,,,,,,9714482.0,81482988.0,277741.0,,,,,14842445.0,,,10696920.0,11221673.0
34980,2017,,,,,,,,,9432075.0,86039055.0,294389.0,,,,,14432314.0,,,10449797.0,11708066.0
35380,2006,,,,,,,,,8610065.0,84811367.0,605899.0,,,,,3455703.0,,,9309792.0,5058228.0
35380,2007,,,,,,,,,9206064.0,82777276.0,1378942.0,,,,,12731081.0,,,10713948.0,5523164.0
35380,2008,,,,,,,,,9993508.0,87341725.0,4230368.0,,,,,13088458.0,,,14377711.0,6001880.0
35380,2009,,,,,,,,,11970452.0,89274044.0,5342126.0,,,,,14857457.0,,,17524136.0,7108110.0
35380,2010,,,,,,,,,11008464.0,102816429.0,6784713.0,,,,,17318212.0,,,18035636.0,7604688.0
35380,2011,,,,,,,,,13446362.0,108371287.0,8984813.0,,,,,18711607.0,,,22697602.0,7953648.0
35380,2012,,,,,,,,,18464437.0,110761908.0,7228998.0,,,,,19689682.0,,,26959941.0,8124385.0
35380,2013,,,,,,,,,15118622.0,105241970.0,8650376.0,,,,,21552815.0,,,24972724.0,8467333.0
35380,2014,,,,,,,,,13515131.0,119034617.0,7457260.0,,,,,22421016.0,,,22654557.0,8683725.0
35380,2015,,,,,,,,,13324897.0,119927920.0,7281648.0,,,,,23680397.0,,,22686669.0,9190936.0
35380,2016,,,,,,,,,12477683.0,138184127.0,8074975.0,,,,,23713105.0,,,22835616.0,9818937.0
35380,2017,,,,,,,,,12547806.0,138286410.0,8097699.0,,,,,23513161.0,,,22888765.0,10302383.0
35620,2006,,,,,,,,,1261967309.0,9043249141.0,2222196740.0,,,,,5001203357.0,,,3510927757.0,836803274.0
35620,2007,,,,,,,,,1217661390.0,10089663202.0,2759729570.0,,,,,4973712109.0,,,4011355103.0,871589679.0
35620,2008,,,,,,,,,1273282097.0,10891086692.0,2807971410.0,,,,,5330100434.0,,,4117559166.0,905703718.0
35620,2009,,,,,,,,,1210571975.0,11220074890.0,2728316819.0,,,,,5394852300.0,,,3978484693.0,929927172.0
35620,2010,,,,,,,,,1190493800.0,11361662740.0,2812576486.0,,,,,5636737848.0,,,4040558464.0,909208627.0
35620,2011,,,,,,,,,1153379051.0,11665577067.0,2869767205.0,,,,,6213671489.0,,,4061004886.0,898153243.0
35620,2012,,,,,,,,,1196960476.0,12350715814.0,2938799679.0,,,,,6385549172.0,,,4175500798.0,897094592.0
35620,2013,,,,,,,,,1198441720.0,13992180087.0,3017721361.0,,,,,6864211532.0,,,4255083619.0,909865348.0
35620,2014,,,,,,,,,1188672609.0,14819838760.0,3124397356.0,,,,,7149940879.0,,,4351639294.0,927329315.0
35620,2015,,,,,,,,,1171394983.0,15051248544.0,3052840490.0,,,,,7437822970.0,,,4265887493.0,938699078.0
35620,2016,,,,,,,,,1174741181.0,15899343231.0,3074515078.0,,,,,7581029442.0,,,4292442227.0,934407269.0
35620,2017,,,,,,,,,1111825009.0,14977042866.0,3103011818.0,,,,,7798316820.0,,,4258979944.0,928682920.0
36420,2006,,,,,,,,,2841449.0,17086741.0,,,,,,2447136.0,,,2903844.0,3656363.0
36420,2007,,,,,,,,,2778173.0,18464361.0,,,,,,2655393.0,,,2839806.0,3624663.0
36420,2008,,,,,,,,,2519526.0,19176649.0,,,,,,1941787.0,,,2583572.0,3291862.0
36420,2009,,,,,,,,,2684087.0,21299527.0,,,,,,2118497.0,,,2743675.0,3333554.0
36420,2010,,,,,,,,,2747678.0,20357905.0,,,,,,2084298.0,,,2805659.0,3125856.0
36420,2011,,,,,,,,,2713045.0,22793383.0,,,,,,2672916.0,,,2776507.0,3012070.0
36420,2012,,,,,,,,,3065445.0,24113036.0,,,,,,2716180.0,,,3137816.0,3327085.0
36420,2013,,,,,,,,,3104106.0,25061116.0,,,,,,2648752.0,,,3177425.0,3400895.0
36420,2014,,,,,,,,,3127505.0,26283941.0,,,,,,2668429.0,,,3204488.0,3441008.0
36420,2015,,,,,,,,,3383632.0,26254144.0,,,,,,2849881.0,,,3457391.0,3601948.0
36420,2016,,,,,,,,,3459243.0,26955576.0,,,,,,2809567.0,,,3539373.0,3773317.0
36420,2017,,,,,,,,,3369326.0,26743699.0,,,,,,2765075.0,,,3454338.0,3760426.0
36740,2006,,,,,,,,,24624906.0,86787980.0,,,,,,19198852.0,,,25326317.0,20798560.0
36740,2007,,,,,,,,,25322312.0,95458228.0,,,,,,19482103.0,,,26078255.0,22002545.0
36740,2008,,,,,,,,,26427067.0,108832702.0,,,,,,22075013.0,,,27235197.0,23038559.0
36740,2009,,,,,,,,,23747795.0,105796655.0,,,,,,21800327.0,,,24616414.0,22840981.0
36740,2010,,,,,,,,,24780704.0,105838213.0,,,,,,22745188.0,,,25719897.0,23192565.0
36740,2011,,,,,,,,,26996158.0,109692028.0,,,,,,26465034.0,,,28023186.0,24583550.0
36740,2012,,,,,,,,,28184740.0,111000785.0,,,,,,29027857.0,,,29250069.0,25794194.0
36740,2013,,,,,,,,,28836271.0,118950651.0,,,,,,29954030.0,,,29853083.0,25482688.0
36740,2014,,,,,,,,,29033819.0,145022466.0,169939.0,,,,,29904228.0,,,30311186.0,26682531.0
36740,2015,,,,,,,,,28509433.0,146778199.0,959037.0,,,,,30650212.0,,,30336150.0,26078722.0
36740,2016,,,,,,,,,26431177.0,147503419.0,910380.0,,,,,30112477.0,,,28289217.0,27364636.0
36740,2017,,,,,,,,,24999275.0,159399733.0,901156.0,,,,,28743978.0,,,26932194.0,28799753.0
37980,2006,,,,,,,,,185575837.0,978997219.0,153864393.0,,,,,365242759.0,,,341964018.0,101718014.0
37980,2007,,,,,,,,,178860451.0,1037150558.0,159375695.0,,,,,382602281.0,,,340904323.0,104958302.0
37980,2008,,,,,,,,,192244040.0,1117614085.0,166404199.0,,,,,432537259.0,,,361371063.0,107076649.0
37980,2009,,,,,,,,,195338908.0,1183078186.0,170891830.0,,,,,449582989.0,,,368948149.0,110531838.0
37980,2010,,,,,,,,,193023032.0,1233023383.0,172121493.0,,,,,442043858.0,,,368052302.0,112298821.0
37980,2011,,,,,,,,,199839029.0,1285254049.0,178395326.0,,,,,488751236.0,,,381151748.0,113028300.0
37980,2012,,,,,,,,,206807190.0,1337828632.0,176944945.0,,,,,500164526.0,,,386656904.0,113432042.0
37980,2013,,,,,,,,,201515346.0,1338150476.0,176786622.0,,,,,496951184.0,,,381197929.0,114279284.0
37980,2014,,,,,,,,,194134460.0,1420290791.0,172615525.0,,,,,544010180.0,,,369787591.0,116847311.0
37980,2015,,,,,,,,,187490240.0,1441119615.0,176001081.0,,,,,561278242.0,,,366573780.0,117879616.0
37980,2016,,,,,,,,,197624206.0,1461880368.0,175907570.0,,,,,557597769.0,,,376552140.0,118776592.0
37980,2017,,,,,,,,,177123223.0,1476602214.0,166016861.0,,,,,533376801.0,,,346028154.0,117730914.0
38060,2006,,,,,,,,,54903859.0,171095624.0,,,,,,39579435.0,,,56794971.0,35072282.0
38060,2007,,,,,,,,,56724552.0,200024090.0,,,,,,41823614.0,,,58799029.0,36338731.0
38060,2008,,,,,,,,,62847501.0,237888126.0,,,,,,41557863.0,,,65151903.0,40561708.0
38060,2009,,,,,,,,,61138547.0,267729855.0,5580857.0,,,,,49553962.0,,,68914595.0,41930790.0
38060,2010,,,,,,,,,45437838.0,282068310.0,12112733.0,,,,,55178885.0,,,59504445.0,40336542.0
38060,2011,,,,,,,,,45528074.0,259812500.0,12793529.0,,,,,57461236.0,,,60252614.0,37853265.0
38060,2012,,,,,,,,,47605618.0,265931498.0,13553490.0,,,,,59285573.0,,,63244271.0,38655680.0
38060,2013,,,,,,,,,51483440.0,264796873.0,14286093.0,,,,,62741459.0,,,67870553.0,38557930.0
38060,2014,,,,,,,,,59341582.0,293240762.0,14331488.0,,,,,69485816.0,,,75590216.0,44447485.0
38060,2015,,,,,,,,,56481275.0,298343283.0,14276884.0,,,,,68659425.0,,,72825661.0,45522311.0
38060,2016,,,,,,,,,50948536.0,306864495.0,15574737.0,,,,,63375155.0,,,68635612.0,46698565.0
38060,2017,,,,,,,,,54719576.0,341128291.0,16511814.0,,,,,58851740.0,,,73398220.0,51650409.0
38300,2006,,,,,,,,,60928175.0,309290803.0,7510637.0,,,,,74073570.0,,,69767237.0,32054817.0
38300,2007,,,,,,,,,61348980.0,312577606.0,7115410.0,,,,,76563989.0,,,69841759.0,31993899.0
38300,2008,,,,,,,,,58894367.0,350861195.0,7141814.0,,,,,82666895.0,,,69128535.0,39253661.0
38300,2009,,,,,,,,,59752448.0,358371900.0,7326957.0,,,,,91366996.0,,,70262660.0,39667320.0
38300,2010,,,,,,,,,57656195.0,378497932.0,7006477.0,,,,,92746292.0,,,67737921.0,39800867.0
38300,2011,,,,,,,,,55467938.0,384603492.0,6918141.0,,,,,98768563.0,,,65539236.0,38295118.0
38300,2012,,,,,,,,,57234906.0,386136060.0,7130433.0,,,,,102288669.0,,,67724209.0,35498235.0
38300,2013,,,,,,,,,54578899.0,372852783.0,8032051.0,,,,,104979372.0,,,65403770.0,34192742.0
38300,2014,,,,,,,,,54844281.0,392987493.0,7937544.0,,,,,109675668.0,,,65901614.0,38477288.0
38300,2015,,,,,,,,,56300161.0,402757140.0,8047976.0,,,,,111501098.0,,,67486492.0,38979081.0
38300,2016,,,,,,,,,55160007.0,423122488.0,8132130.0,,,,,110696927.0,,,66087609.0,39878103.0
38300,2017,,,,,,,,,54798148.0,425322723.0,7759217.0,,,,,108744762.0,,,65409561.0,39885376.0
38900,2006,,,,,,,,,71649346.0,330774889.0,34591510.0,,,,,75302860.0,,,107528846.0,41406071.0
38900,2007,,,,,,,,,69201933.0,344573203.0,36123810.0,,,,,83303799.0,,,106672113.0,42885174.0
38900,2008,,,,,,,,,71375263.0,378088400.0,38931646.0,,,,,89257765.0,,,111693176.0,43790060.0
38900,2009,,,,,,,,,74529091.0,405989988.0,39430325.0,,,,,100294060.0,,,115294748.0,44459881.0
38900,2010,,,,,,,,,67114764.0,425360770.0,42758868.0,,,,,103483057.0,,,111198841.0,43306423.0
38900,2011,,,,,,,,,65298288.0,406229041.0,45331916.0,,,,,107494088.0,,,111947718.0,41279714.0
38900,2012,,,,,,,,,66475991.0,428072084.0,46310411.0,,,,,112444678.0,,,114142551.0,41192995.0
38900,2013,,,,,,,,,65187685.0,439015518.0,43434556.0,,,,,124206622.0,,,111621568.0,41272342.0
38900,2014,,,,,,,,,66167892.0,456255930.0,43148175.0,,,,,128165631.0,,,112475265.0,41930671.0
38900,2015,,,,,,,,,68296800.0,460234249.0,42849983.0,,,,,132391191.0,,,114438607.0,42478262.0
38900,2016,,,,,,,,,65892558.0,499195041.0,44969130.0,,,,,134989923.0,,,114421453.0,44264036.0
38900,2017,,,,,,,,,63955410.0,531437447.0,44900718.0,,,,,133673920.0,,,112489130.0,45005918.0
39300,2006,,,,,,,,,20060605.0,92514865.0,,,,,,23399524.0,,,20926967.0,14340919.0
39300,2007,,,,,,,,,21338828.0,98316062.0,,,,,,25059345.0,,,22215966.0,14694848.0
39300,2008,,,,,,,,,21808083.0,106223037.0,,,,,,26152514.0,,,22667234.0,15161504.0
39300,2009,,,,,,,,,20527010.0,107264498.0,,,,,,26602201.0,,,21335047.0,15162367.0
39300,2010,,,,,,,,,20298505.0,108984059.0,,,,,,20558684.0,,,21135388.0,15599423.0
39300,2011,,,,,,,,,20300926.0,120183564.0,,,,,,22094481.0,,,21167492.0,15883676.0
39300,2012,,,,,,,,,20671820.0,123080940.0,,,,,,23624058.0,,,21610708.0,16476924.0
39300,2013,,,,,,,,,20719991.0,115508610.0,,,,,,24152294.0,,,21660336.0,16315614.0
39300,2014,,,,,,,,,20718011.0,115430045.0,,,,,,24246498.0,,,21644227.0,16239817.0
39300,2015,,,,,,,,,18978815.0,114939617.0,,,,,,21325216.0,,,19643963.0,14836481.0
39300,2016,,,,,,,,,18665849.0,115533289.0,,,,,,20295996.0,,,19308246.0,14754548.0
39300,2017,,,,,,,,,17003407.0,118868846.0,,,,,,21343414.0,,,17703722.0,14599787.0
39580,2006,,,,,,,,,5730519.0,18223175.0,,,,,,4316072.0,,,5882866.0,3378171.0
39580,2007,,,,,,,,,6485114.0,19596852.0,,,,,,4807106.0,,,6568139.0,3682868.0
39580,2008,,,,,,,,,6519299.0,22317501.0,,,,,,5462216.0,,,6561044.0,3907073.0
39580,2009,,,,,,,,,7182060.0,31914573.0,,,,,,3000179.0,,,7600567.0,5992456.0
39580,2010,,,,,,,,,7639320.0,32211342.0,,,,,,3426580.0,,,8117010.0,8196554.0
39580,2011,,,,,,,,,8394366.0,34484016.0,,,,,,3729857.0,,,8933769.0,8643805.0
39580,2012,,,,,,,,,9386354.0,36886813.0,,,,,,8088043.0,,,9938166.0,8674351.0
39580,2013,,,,,,,,,9557585.0,36761344.0,,,,,,8181763.0,,,10028821.0,9411265.0
39580,2014,,,,,,,,,9405960.0,36857376.0,,,,,,8358843.0,,,10039871.0,9140654.0
39580,2015,,,,,,,,,9095482.0,45866789.0,,,,,,9385375.0,,,9638956.0,9470492.0
39580,2016,,,,,,,,,8842403.0,39074636.0,,,,,,9680117.0,,,9519802.0,9789545.0
39580,2017,,,,,,,,,8229137.0,42103119.0,,,,,,10045841.0,,,8927672.0,10043334.0
40060,2006,,,,,,,,,13940746.0,36965441.0,,,,,,10025552.0,,,14324928.0,8218412.0
40060,2007,,,,,,,,,15282504.0,41950210.0,,,,,,11906721.0,,,15704505.0,8931874.0
40060,2008,,,,,,,,,14187230.0,46319819.0,,,,,,12516992.0,,,14682200.0,10064696.0
40060,2009,,,,,,,,,13841903.0,49463082.0,,,,,,11786419.0,,,14404247.0,11336104.0
40060,2010,,,,,,,,,14158465.0,51436265.0,,,,,,11467055.0,,,14770413.0,11682872.0
40060,2011,,,,,,,,,12776712.0,49178603.0,,,,,,12556961.0,,,13412580.0,11690011.0
40060,2012,,,,,,,,,10009143.0,51197162.0,,,,,,12937314.0,,,10675024.0,11882115.0
40060,2013,,,,,,,,,8611422.0,50095772.0,,,,,,12628155.0,,,9369409.0,11931690.0
40060,2014,,,,,,,,,8892962.0,50190328.0,,,,,,12159184.0,,,9694893.0,12222368.0
40060,2015,,,,,,,,,8739349.0,48533941.0,,,,,,11330706.0,,,9538646.0,12407550.0
40060,2016,,,,,,,,,9141911.0,49684520.0,,,,,,10805329.0,,,9897099.0,12471269.0
40060,2017,,,,,,,,,8467037.0,49337562.0,,,,,,10096109.0,,,9219703.0,12409047.0
40140,2006,,,,,,,,,21753428.0,110375322.0,,,,,,19825933.0,,,22697430.0,22235284.0
40140,2007,,,,,,,,,21967183.0,114343685.0,,,,,,21162983.0,,,22899653.0,22122292.0
40140,2008,,,,,,,,,21642710.0,121127231.0,,,,,,22362060.0,,,22605082.0,22461499.0
40140,2009,,,,,,,,,23141651.0,124226589.0,,,,,,22616239.0,,,24159200.0,23259298.0
40140,2010,,,,,,,,,22067291.0,118826464.0,,,,,,24114307.0,,,23067593.0,22482664.0
40140,2011,,,,,,,,,22500355.0,116385680.0,,,,,,24660753.0,,,23504115.0,21738027.0
40140,2012,,,,,,,,,24247845.0,121535903.0,,,,,,25525562.0,,,25341500.0,22304578.0
40140,2013,,,,,,,,,24667965.0,127430861.0,,,,,,25705013.0,,,25790465.0,22748041.0
40140,2014,,,,,,,,,24450718.0,124473122.0,,,,,,25996891.0,,,25598176.0,22716991.0
40140,2015,,,,,,,,,23324084.0,135451982.0,,,,,,27068465.0,,,24452433.0,23810609.0
40140,2016,,,,,,,,,21344390.0,139221249.0,,,,,,25543058.0,,,22435065.0,24665733.0
40140,2017,,,,,,,,,19668320.0,156443237.0,,,,,,24009811.0,,,20754160.0,25296195.0
40380,2006,,,,,,,,,12415288.0,54025077.0,,,,,,12158365.0,,,12609640.0,7147468.0
40380,2007,,,,,,,,,12006539.0,55427621.0,,,,,,13562106.0,,,12184734.0,6838846.0
40380,2008,,,,,,,,,17473578.0,57929877.0,,,,,,13067095.0,,,17652858.0,6688134.0
40380,2009,,,,,,,,,16918131.0,62492647.0,,,,,,13139826.0,,,17099834.0,6731840.0
40380,2010,,,,,,,,,17058925.0,64267984.0,,,,,,12712738.0,,,17238595.0,6790822.0
40380,2011,,,,,,,,,17506956.0,63043073.0,,,,,,12860976.0,,,17675192.0,6629939.0
40380,2012,,,,,,,,,22547758.0,65977747.0,,,,,,12508498.0,,,22714997.0,6439008.0
40380,2013,,,,,,,,,19975013.0,67970441.0,,,,,,24109709.0,,,20144367.0,6400735.0
40380,2014,,,,,,,,,17194927.0,70915769.0,,,,,,24568131.0,,,17373842.0,6536831.0
40380,2015,,,,,,,,,17107040.0,75044806.0,,,,,,24690436.0,,,17292513.0,6576836.0
40380,2016,,,,,,,,,16561701.0,80162316.0,,,,,,24081800.0,,,16754592.0,6616282.0
40380,2017,,,,,,,,,15774702.0,77151093.0,,,,,,23178041.0,,,15973342.0,6725820.0
40900,2006,,,,,,,,,19801264.0,163348834.0,14452137.0,,,,,29871613.0,,,34679414.0,19615824.0
40900,2007,,,,,,,,,20842438.0,167640430.0,14489691.0,,,,,34232734.0,,,35776606.0,20013518.0
40900,2008,,,,,,,,,21337193.0,182518099.0,15484670.0,,,,,36324569.0,,,37286568.0,20513595.0
40900,2009,,,,,,,,,22169782.0,176662296.0,17315017.0,,,,,39782727.0,,,39932946.0,20282513.0
40900,2010,,,,,,,,,21295536.0,167106692.0,15317881.0,,,,,37695802.0,,,37027287.0,19624205.0
40900,2011,,,,,,,,,17266725.0,157477353.0,12543866.0,,,,,37274090.0,,,30291960.0,17813400.0
40900,2012,,,,,,,,,17041209.0,164486074.0,13192601.0,,,,,38301124.0,,,30733807.0,18589852.0
40900,2013,,,,,,,,,18008210.0,181053005.0,13513471.0,,,,,39438971.0,,,32083853.0,19563774.0
40900,2014,,,,,,,,,17942948.0,192384923.0,12710476.0,,,,,37787795.0,,,31238745.0,19971629.0
40900,2015,,,,,,,,,17810977.0,196583186.0,12061741.0,,,,,38492045.0,,,30512299.0,20437646.0
40900,2016,,,,,,,,,16048817.0,206164748.0,12216162.0,,,,,38616894.0,,,28923540.0,21556541.0
40900,2017,,,,,,,,,13839803.0,220322836.0,11442458.0,,,,,41180924.0,,,25920838.0,21664026.0
41180,2006,,,,,,,,,34531217.0,192986036.0,16573948.0,,,,,40389374.0,,,52324099.0,32633487.0
41180,2007,,,,,,,,,33593793.0,198635196.0,21783634.0,,,,,43418537.0,,,56485708.0,34265596.0
41180,2008,,,,,,,,,35385384.0,222029062.0,19696094.0,,,,,47351979.0,,,56206054.0,35205930.0
41180,2009,,,,,,,,,34919446.0,218706751.0,19423931.0,,,,,49041906.0,,,55500493.0,34982454.0
41180,2010,,,,,,,,,26258265.0,214200817.0,15828981.0,,,,,46389737.0,,,43032185.0,32551502.0
41180,2011,,,,,,,,,28347537.0,230568670.0,16209098.0,,,,,47868843.0,,,45503779.0,35167122.0
41180,2012,,,,,,,,,31610505.0,243670315.0,17000005.0,,,,,51739490.0,,,49559298.0,35908721.0
41180,2013,,,,,,,,,31938042.0,254060980.0,17054484.0,,,,,55558526.0,,,49899785.0,35526980.0
41180,2014,,,,,,,,,32730020.0,268444500.0,17466322.0,,,,,55886856.0,,,51032293.0,35297340.0
41180,2015,,,,,,,,,32069337.0,273961037.0,16637447.0,,,,,55393578.0,,,49514927.0,35186298.0
41180,2016,,,,,,,,,30193149.0,285327170.0,15777584.0,,,,,51881178.0,,,46719262.0,35259638.0
41180,2017,,,,,,,,,27773414.0,281454246.0,14898291.0,,,,,47515342.0,,,43390931.0,35260184.0
41620,2006,,,,,,,,,21598392.0,136824235.0,15203660.0,,,,,23921123.0,,,38594690.0,30188327.0
41620,2007,,,,,,,,,23279164.0,151050068.0,16272468.0,,,,,23156671.0,,,41349702.0,30221020.0
41620,2008,,,,,,,,,23395624.0,176185048.0,16182145.0,,,,,34748201.0,,,41713708.0,33289094.0
41620,2009,,,,,,,,,20657019.0,182937098.0,14707601.0,,,,,34176625.0,,,37218977.0,33075406.0
41620,2010,,,,,,,,,21716864.0,176478141.0,14790418.0,,,,,35244892.0,,,38363856.0,31867052.0
41620,2011,,,,,,,,,21560358.0,187386434.0,16944264.0,,,,,39772713.0,,,40487616.0,32690512.0
41620,2012,,,,,,,,,21198533.0,202039263.0,19307001.0,,,,,47301613.0,,,42365346.0,33656250.0
41620,2013,,,,,,,,,19695711.0,218586616.0,22814274.0,,,,,52741108.0,,,44281254.0,37373312.0
41620,2014,,,,,,,,,20165174.0,235047222.0,24337451.0,,,,,51532758.0,,,46279409.0,36790827.0
41620,2015,,,,,,,,,20560068.0,234264036.0,24349673.0,,,,,52098261.0,,,46721585.0,36383889.0
41620,2016,,,,,,,,,20033242.0,268970123.0,23765873.0,,,,,50624354.0,,,45521914.0,37956447.0
41620,2017,,,,,,,,,19749855.0,257734621.0,23677677.0,,,,,52159202.0,,,45078919.0,38713261.0
41700,2006,,,,,,,,,41592568.0,118662319.0,,,,,,17477008.0,,,42668464.0,26739246.0
41700,2007,,,,,,,,,40569970.0,129230504.0,,,,,,19534808.0,,,41840335.0,29033590.0
41700,2008,,,,,,,,,47129481.0,148779235.0,,,,,,22071107.0,,,48457232.0,30933101.0
41700,2009,,,,,,,,,43296328.0,141596032.0,,,,,,23290402.0,,,44595654.0,31649633.0
41700,2010,,,,,,,,,41323057.0,148612200.0,,,,,,23178808.0,,,42555165.0,31590815.0
41700,2011,,,,,,,,,44157535.0,159826199.0,,,,,,24569833.0,,,45565098.0,33185357.0
41700,2012,,,,,,,,,49322843.0,167338812.0,,,,,,25700840.0,,,50881811.0,34144889.0
41700,2013,,,,,,,,,45484426.0,175091334.0,,,,,,27201721.0,,,47022069.0,33918912.0
41700,2014,,,,,,,,,42537478.0,187157964.0,,,,,,26995014.0,,,44125891.0,34324045.0
41700,2015,,,,,,,,,38067079.0,202817781.0,,,,,,25659221.0,,,39681276.0,35656836.0
41700,2016,,,,,,,,,37773828.0,212548694.0,,,,,,25023585.0,,,39453369.0,37098442.0
41700,2017,,,,,,,,,35623799.0,209765578.0,,,,,,23790670.0,,,37335089.0,37552024.0
41740,2006,,,,,,,,,35050918.0,145715971.0,1554450.0,,,,,45005731.0,,,38393048.0,32083871.0
41740,2007,,,,,,,,,56757573.0,264063722.0,36675114.0,,,,,92544318.0,,,95986606.0,55825458.0
41740,2008,,,,,,,,,58709345.0,281997212.0,40024919.0,,,,,100810164.0,,,101394666.0,52319356.0
41740,2009,,,,,,,,,59652004.0,287012779.0,40625276.0,,,,,111441338.0,,,103133667.0,52492882.0
41740,2010,,,,,,,,,56304602.0,289309562.0,33858521.0,,,,,109236477.0,,,92754304.0,51672194.0
41740,2011,,,,,,,,,57177836.0,286069324.0,35222844.0,,,,,111433270.0,,,95107734.0,50318251.0
41740,2012,,,,,,,,,60012047.0,301769299.0,36696464.0,,,,,116151893.0,,,99594783.0,53592861.0
41740,2013,,,,,,,,,60242179.0,318599807.0,33329450.0,,,,,119121293.0,,,96399656.0,53358187.0
41740,2014,,,,,,,,,59765436.0,323310095.0,43919554.0,,,,,122990278.0,,,106543798.0,56784596.0
41740,2015,,,,,,,,,62273662.0,339393943.0,44493672.0,,,,,128891304.0,,,109720530.0,58451977.0
41740,2016,,,,,,,,,59748374.0,350540393.0,43848882.0,,,,,127693790.0,,,106563429.0,61422037.0
41740,2017,,,,,,,,,56660367.0,370279803.0,41642863.0,,,,,115000516.0,,,101051505.0,60867225.0
41860,2006,,,,,,,,,251633728.0,1392502308.0,163812315.0,,,,,513634220.0,,,417807615.0,133574903.0
41860,2007,,,,,,,,,249804089.0,1521671220.0,168142371.0,,,,,555831065.0,,,421098575.0,142159889.0
41860,2008,,,,,,,,,253448711.0,1671109138.0,183880230.0,,,,,594489118.0,,,441630530.0,150919402.0
41860,2009,,,,,,,,,254022097.0,1731241258.0,184671266.0,,,,,612546684.0,,,442973990.0,152466455.0
41860,2010,,,,,,,,,244048519.0,1732602751.0,176314991.0,,,,,662685733.0,,,424531236.0,145912292.0
41860,2011,,,,,,,,,236539801.0,1724174682.0,181737396.0,,,,,686889420.0,,,423070785.0,141356014.0
41860,2012,,,,,,,,,240323483.0,1803287222.0,190630212.0,,,,,739303520.0,,,435934536.0,140572688.0
41860,2013,,,,,,,,,239789521.0,1885591203.0,203493633.0,,,,,817276912.0,,,449184727.0,142795296.0
41860,2014,,,,,,,,,242738622.0,1965607751.0,207827090.0,,,,,837931557.0,,,456958531.0,142440217.0
41860,2015,,,,,,,,,233605866.0,2079760056.0,218002575.0,,,,,891363029.0,,,458299912.0,145609194.0
41860,2016,,,,,,,,,242819210.0,2250207901.0,221394203.0,,,,,936616122.0,,,471011860.0,153606185.0
41860,2017,,,,,,,,,234136127.0,2298934188.0,216140008.0,,,,,929568337.0,,,457178710.0,159574863.0
41940,2006,,,,,,,,,31674070.0,282526707.0,8279807.0,,,,,37183014.0,,,40934975.0,25074590.0
41940,2007,,,,,,,,,32129802.0,289386976.0,10278460.0,,,,,38173722.0,,,43434199.0,25772819.0
41940,2008,,,,,,,,,33388223.0,288961143.0,10451136.0,,,,,38697574.0,,,44894785.0,26270629.0
41940,2009,,,,,,,,,34778402.0,288515472.0,10754161.0,,,,,39058221.0,,,46599678.0,26885471.0
41940,2010,,,,,,,,,32210839.0,287930973.0,9749879.0,,,,,39629391.0,,,42890874.0,25152461.0
41940,2011,,,,,,,,,31652434.0,289279147.0,10014514.0,,,,,40820696.0,,,42491761.0,23525498.0
41940,2012,,,,,,,,,32338378.0,302683422.0,10372862.0,,,,,40632238.0,,,43486793.0,23593185.0
41940,2013,,,,,,,,,32745967.0,316924402.0,10742292.0,,,,,41321061.0,,,44221052.0,24004351.0
41940,2014,,,,,,,,,32858645.0,332981583.0,10952965.0,,,,,41310714.0,,,44539298.0,24595978.0
41940,2015,,,,,,,,,33040872.0,342743193.0,11341207.0,,,,,42354077.0,,,45102666.0,24882685.0
41940,2016,,,,,,,,,32624190.0,359996459.0,10721047.0,,,,,40429880.0,,,43996916.0,24112265.0
41940,2017,,,,,,,,,29464079.0,381758989.0,9132084.0,,,,,35524503.0,,,39137607.0,24378210.0
42660,2006,,,,,,,,,135720921.0,868910199.0,2818250.0,,,,,131971190.0,,,168427579.0,92723872.0
42660,2007,,,,,,,,,147319304.0,955610004.0,4606066.0,,,,,190436889.0,,,181903138.0,96579573.0
42660,2008,,,,,,,,,159658947.0,1055398871.0,5567744.0,,,,,211394641.0,,,195506943.0,100876501.0
42660,2009,,,,,,,,,151891109.0,1065535362.0,8066637.0,,,,,245084304.0,,,189483642.0,103809930.0
42660,2010,,,,,,,,,147379892.0,1103833785.0,12622027.0,,,,,270257328.0,,,189366129.0,105169579.0
42660,2011,,,,,,,,,149570628.0,1133130722.0,14063799.0,,,,,297960222.0,,,193054837.0,104883470.0
42660,2012,,,,,,,,,151419824.0,1174216123.0,15385994.0,,,,,325628502.0,,,196338483.0,103067474.0
42660,2013,,,,,,,,,154655402.0,1184712801.0,16513980.0,,,,,340699775.0,,,200987491.0,103099877.0
42660,2014,,,,,,,,,158673892.0,1228757422.0,18143142.0,,,,,357368311.0,,,206900238.0,102697860.0
42660,2015,,,,,,,,,159369322.0,1242349848.0,19270826.0,,,,,368304208.0,,,209501233.0,101622086.0
42660,2016,,,,,,,,,159100228.0,1333355418.0,27863422.0,,,,,405499295.0,,,218939267.0,106673331.0
42660,2017,,,,,,,,,159503485.0,1423309450.0,31967815.0,,,,,424901704.0,,,223645622.0,109434526.0
45300,2006,,,,,,,,,24436887.0,100778300.0,,,,,,19793813.0,,,24895630.0,21542461.0
45300,2007,,,,,,,,,25140112.0,114042707.0,,,,,,23040582.0,,,25626480.0,22800831.0
45300,2008,,,,,,,,,27205429.0,118263784.0,,,,,,25096520.0,,,27710206.0,23019160.0
45300,2009,,,,,,,,,26510329.0,127463851.0,,,,,,25389570.0,,,27001258.0,21973048.0
45300,2010,,,,,,,,,26758759.0,127359672.0,,,,,,25456591.0,,,27282950.0,22579872.0
45300,2011,,,,,,,,,28206054.0,127743037.0,431425.0,,,,,28548247.0,,,29342380.0,23572789.0
45300,2012,,,,,,,,,28984228.0,125761782.0,306247.0,,,,,31226143.0,,,30025411.0,23868515.0
45300,2013,,,,,,,,,29886603.0,132736828.0,295916.0,,,,,32342692.0,,,30944878.0,24374249.0
45300,2014,,,,,,,,,30201208.0,139409870.0,277806.0,,,,,32998771.0,,,31223056.0,24707493.0
45300,2015,,,,,,,,,30450019.0,142397467.0,288285.0,,,,,32155245.0,,,31461692.0,24788265.0
45300,2016,,,,,,,,,27961044.0,143303959.0,286685.0,,,,,29309454.0,,,28995183.0,25133429.0
45300,2017,,,,,,,,,25797199.0,157148993.0,280601.0,,,,,27567198.0,,,26830326.0,27640618.0
46060,2006,,,,,,,,,17386429.0,52783324.0,,,,,,8682244.0,,,17814633.0,9889292.0
46060,2007,,,,,,,,,17765650.0,56068949.0,,,,,,9206175.0,,,18205425.0,10104597.0
46060,2008,,,,,,,,,18407317.0,59468984.0,,,,,,9804594.0,,,18857804.0,10671745.0
46060,2009,,,,,,,,,21575374.0,61968610.0,,,,,,10769419.0,,,22044269.0,10969765.0
46060,2010,,,,,,,,,20383630.0,63901954.0,,,,,,11674180.0,,,20873592.0,11361659.0
46060,2011,,,,,,,,,19702472.0,67560013.0,,,,,,11217606.0,,,20227840.0,11576643.0
46060,2012,,,,,,,,,19943953.0,71021938.0,,,,,,14136871.0,,,20534418.0,12006878.0
46060,2013,,,,,,,,,20328265.0,72119400.0,,,,,,13723526.0,,,20905663.0,11950810.0
46060,2014,,,,,,,,,19713449.0,75447517.0,,,,,,12989060.0,,,20312176.0,12281789.0
46060,2015,,,,,,,,,19657931.0,79269258.0,1078136.0,,,,,14447623.0,,,21328521.0,12449864.0
46060,2016,,,,,,,,,15743501.0,77297651.0,950034.0,,,,,11601804.0,,,17392576.0,12535762.0
46060,2017,,,,,,,,,16388315.0,78360040.0,900539.0,,,,,12824560.0,,,17979031.0,13328111.0
46140,2006,,,,,,,,,2451742.0,16134251.0,,,,,,2097800.0,,,2661245.0,4230443.0
46140,2007,,,,,,,,,2351145.0,16240020.0,,,,,,2335859.0,,,2563571.0,4722540.0
46140,2008,,,,,,,,,2543514.0,17450076.0,,,,,,2411271.0,,,2774826.0,4557013.0
46140,2009,,,,,,,,,2688967.0,17976402.0,,,,,,2541089.0,,,2920946.0,4769938.0
46140,2010,,,,,,,,,2523860.0,17522687.0,,,,,,2399885.0,,,2717917.0,4241662.0
46140,2011,,,,,,,,,2476428.0,16711858.0,,,,,,2393486.0,,,2614112.0,3612587.0
46140,2012,,,,,,,,,2797563.0,17155780.0,,,,,,2619707.0,,,2954043.0,3947554.0
46140,2013,,,,,,,,,2995606.0,17670277.0,,,,,,2961860.0,,,3155745.0,3994994.0
46140,2014,,,,,,,,,3132104.0,17740938.0,,,,,,3118411.0,,,3288203.0,4067670.0
46140,2015,,,,,,,,,2986736.0,17476600.0,,,,,,3118876.0,,,3112346.0,3830709.0
46140,2016,,,,,,,,,2906433.0,17875652.0,,,,,,3046749.0,,,3027683.0,3866757.0
46140,2017,,,,,,,,,2807351.0,19095652.0,,,,,,2906314.0,,,2926380.0,3796542.0
46520,2006,,,,,,,,,70384355.0,160044225.0,,,,,,43043051.0,,,71168263.0,22341037.0
46520,2007,,,,,,,,,71749456.0,167679915.0,,,,,,43343304.0,,,72557307.0,22532013.0
46520,2008,,,,,,,,,69759895.0,186837060.0,,,,,,43631508.0,,,70641895.0,23153590.0
46520,2009,,,,,,,,,77329670.0,201082046.0,,,,,,44148263.0,,,78244128.0,23525320.0
46520,2010,,,,,,,,,73158620.0,195122363.0,,,,,,47568509.0,,,74041211.0,23653505.0
46520,2011,,,,,,,,,73765232.0,205438565.0,,,,,,53564677.0,,,74706100.0,23839001.0
46520,2012,,,,,,,,,76296597.0,215017384.0,,,,,,56649622.0,,,77276485.0,24051828.0
46520,2013,,,,,,,,,69242214.0,223410428.0,,,,,,56948183.0,,,70243916.0,23125075.0
46520,2014,,,,,,,,,66285449.0,224580537.0,,,,,,56843744.0,,,67449151.0,23892486.0
46520,2015,,,,,,,,,69327213.0,232252737.0,,,,,,56905018.0,,,70501835.0,24594911.0
46520,2016,,,,,,,,,68314175.0,238362315.0,,,,,,55168657.0,,,69553686.0,25839135.0
46520,2017,,,,,,,,,65276018.0,247770495.0,,,,,,53505514.0,,,66559963.0,25850169.0
47260,2006,,,,,,,,,20467489.0,59011426.0,,,,,,14852055.0,,,21225018.0,13855487.0
47260,2007,,,,,,,,,23029163.0,62223593.0,,,,,,15518713.0,,,23873628.0,13860442.0
47260,2008,,,,,,,,,25281147.0,68440802.0,,,,,,16289028.0,,,26179361.0,14465698.0
47260,2009,,,,,,,,,15194997.0,74479805.0,,,,,,17604214.0,,,15949266.0,15519248.0
47260,2010,,,,,,,,,15048107.0,72600834.0,,,,,,15475956.0,,,15847184.0,14681406.0
47260,2011,,,,,,,,,15724596.0,74961390.0,,,,,,16157993.0,,,16543351.0,14682361.0
47260,2012,,,,,,,,,16166475.0,91569664.0,1360053.0,,,,,17558099.0,,,18459516.0,14784667.0
47260,2013,,,,,,,,,16217920.0,89072234.0,1762284.0,,,,,16082901.0,,,18810574.0,14317737.0
47260,2014,,,,,,,,,15026924.0,93753235.0,1668978.0,,,,,17533215.0,,,17499361.0,14273878.0
47260,2015,,,,,,,,,14295799.0,101327660.0,1554115.0,,,,,17493593.0,,,16568261.0,14844517.0
47260,2016,,,,,,,,,13343128.0,100398039.0,1369483.0,,,,,16849916.0,,,15386894.0,15515588.0
47260,2017,,,,,,,,,12699803.0,100535649.0,1405330.0,,,,,16055369.0,,,14867264.0,15605935.0
47900,2006,,,,,,,,,177365233.0,1371871411.0,278336936.0,,,,,555313636.0,,,457327757.0,144642171.0
47900,2007,,,,,,,,,179718191.0,1463837120.0,279827667.0,,,,,564533822.0,,,461288583.0,151226527.0
47900,2008,,,,,,,,,183748854.0,1587989785.0,291623259.0,,,,,622485445.0,,,477375117.0,157822444.0
47900,2009,,,,,,,,,186958461.0,1681510735.0,300725193.0,,,,,684982931.0,,,490215512.0,164916940.0
47900,2010,,,,,,,,,177249214.0,1725303096.0,291320929.0,,,,,668966360.0,,,471401470.0,161277083.0
47900,2011,,,,,,,,,179673651.0,1798302455.0,291266140.0,,,,,791403173.0,,,473763597.0,162674692.0
47900,2012,,,,,,,,,187999131.0,1826740422.0,290008871.0,,,,,801884742.0,,,480577214.0,166083884.0
47900,2013,,,,,,,,,187824637.0,1900347758.0,278378523.0,,,,,851095937.0,,,468497151.0,169557924.0
47900,2014,,,,,,,,,189824680.0,1988370925.0,273960690.0,,,,,847650437.0,,,466563443.0,172900187.0
47900,2015,,,,,,,,,187941818.0,2099774573.0,274667208.0,,,,,891923325.0,,,466171417.0,189042101.0
47900,2016,,,,,,,,,178809268.0,2103159583.0,254023205.0,,,,,836353433.0,,,436571407.0,185162427.0
47900,2017,,,,,,,,,170621549.0,2155091774.0,232850426.0,,,,,775626981.0,,,407394157.0,188597247.0
