id,year,upt
1.0,1991,1981811674.0
1.0,1992,2024147703.0
1.0,1993,1798879235.0
1.0,1994,1914777792.0
1.0,1995,1893771366.0
1.0,1996,1990541463.0
1.0,1997,2215331424.0
1.0,1998,2225622676.0
1.0,1999,2429165659.0
1.0,2000,2499974471.0
1.0,2001,2667001290.0
1.0,2002,2671728275.0
1.0,2003,2614249644.0
1.0,2004,2655645263.0
1.0,2005,2782891350.0
1.0,2006,2902633316.0
1.0,2007,3367247569.0
1.0,2008,3457415254.0
1.0,2009,3326847031.0
1.0,2010,3394533120.0
1.0,2011,3421911067.0
1.0,2012,3501939832.0
1.0,2013,3591948035.0
1.0,2014,3670751880.0
1.0,2015,3570944246.0
1.0,2016,3590360584.0
1.0,2017,3562857708.0
2.0,1991,167728001.0
2.0,1992,160560860.0
2.0,1993,169449273.0
2.0,1994,182544954.0
2.0,1995,188871139.0
2.0,1996,191225443.0
2.0,1997,197376087.0
2.0,1998,206459470.0
2.0,1999,212063872.0
2.0,2000,218609688.0
2.0,2001,225939144.0
2.0,2002,225436331.0
2.0,2003,222348751.0
2.0,2004,229887632.0
2.0,2005,244084365.0
2.0,2006,255294278.0
2.0,2007,268289345.0
2.0,2008,277153754.0
2.0,2009,281447641.0
2.0,2010,267719204.0
2.0,2011,257831099.0
2.0,2012,266823218.0
2.0,2013,264373715.0
2.0,2014,270958026.0
2.0,2015,276498375.0
2.0,2016,277012293.0
2.0,2017,269089006.0
3.0,1991,90534000.0
3.0,1992,89834000.0
3.0,1993,92462000.0
3.0,1994,97393000.0
3.0,1995,97736000.0
3.0,1996,98015000.0
3.0,1997,96535000.0
3.0,1998,99602000.0
3.0,1999,101191000.0
3.0,2000,105148000.0
3.0,2001,101923000.0
3.0,2002,100504000.0
3.0,2003,97958000.0
3.0,2004,96202000.0
3.0,2005,95519000.0
3.0,2006,99520000.0
3.0,2007,102143717.0
3.0,2008,99599386.0
3.0,2009,97350595.0
3.0,2010,98373179.0
3.0,2011,96457658.0
3.0,2012,96953120.0
3.0,2013,99256047.0
3.0,2014,97869572.0
3.0,2015,98699512.0
3.0,2016,103196857.0
3.0,2017,103630405.0
4.0,1991,61585249.0
4.0,1992,61966230.0
4.0,1993,64139889.0
4.0,1994,66961167.0
4.0,1995,67125160.0
4.0,1996,68619112.0
4.0,1997,70264626.0
4.0,1998,72427600.0
4.0,1999,74939764.0
4.0,2000,82264978.0
4.0,2001,82038154.0
4.0,2002,68322298.0
4.0,2003,66284718.0
4.0,2004,67855949.0
4.0,2005,71305202.0
4.0,2006,78283045.0
4.0,2007,82406648.0
4.0,2008,85405220.0
4.0,2009,81553198.0
4.0,2010,84434317.0
4.0,2011,87375827.0
4.0,2012,81292016.0
4.0,2013,71725863.0
4.0,2014,84168208.0
4.0,2015,86652206.0
4.0,2016,89466496.0
4.0,2017,94198861.0
5.0,1991,57398642.0
5.0,1992,57836795.0
5.0,1993,59119405.0
5.0,1994,62376196.0
5.0,1995,62649804.0
5.0,1996,63380273.0
5.0,1997,64296849.0
5.0,1998,66705342.0
5.0,1999,68778173.0
5.0,2000,71980528.0
5.0,2001,73212712.0
5.0,2002,73461083.0
5.0,2003,72933707.0
5.0,2004,72617899.0
5.0,2005,74652827.0
5.0,2006,77070688.0
5.0,2007,80324201.0
5.0,2008,83622106.0
5.0,2009,80045924.0
5.0,2010,81269535.0
5.0,2011,82400576.0
5.0,2012,83357303.0
5.0,2013,83828218.0
5.0,2014,84976450.0
5.0,2015,86299452.0
5.0,2016,86872761.0
5.0,2017,86949250.0
6.0,1991,646234.0
6.0,1992,618288.0
6.0,1993,657391.0
6.0,1994,718629.0
6.0,1995,769691.0
6.0,1996,772487.0
6.0,1997,778067.0
6.0,1998,830204.0
6.0,1999,488205.0
6.0,2000,523450.0
6.0,2001,492806.0
6.0,2002,485291.0
6.0,2003,451563.0
6.0,2004,453045.0
6.0,2005,25143961.0
6.0,2006,29118230.0
6.0,2007,31079433.0
6.0,2008,32488960.0
6.0,2009,32166260.0
6.0,2010,32486925.0
6.0,2011,31840069.0
6.0,2012,32340487.0
6.0,2013,32739591.0
6.0,2014,31682977.0
6.0,2015,30177431.0
6.0,2016,29718131.0
6.0,2017,28963997.0
7.0,1991,0.0
7.0,1992,0.0
7.0,1993,0.0
7.0,1994,0.0
7.0,1995,0.0
7.0,1996,0.0
7.0,1997,0.0
7.0,1998,0.0
7.0,1999,0.0
7.0,2000,0.0
7.0,2001,0.0
7.0,2002,0.0
7.0,2003,0.0
7.0,2004,0.0
7.0,2005,0.0
7.0,2006,0.0
7.0,2007,0.0
7.0,2008,0.0
7.0,2009,0.0
7.0,2010,0.0
7.0,2011,0.0
7.0,2012,29521641.0
7.0,2013,28849938.0
7.0,2014,28744207.0
7.0,2015,27535454.0
7.0,2016,27264239.0
7.0,2017,25593398.0
8.0,1991,21504006.0
8.0,1992,21604744.0
8.0,1993,21765528.0
8.0,1994,20658606.0
8.0,1995,20190078.0
8.0,1996,17596905.0
8.0,1997,16855505.0
8.0,1998,19263674.0
8.0,1999,19852089.0
8.0,2000,19000298.0
8.0,2001,18039511.0
8.0,2002,19000298.0
8.0,2003,19245949.0
8.0,2004,19346034.0
8.0,2005,20034157.0
8.0,2006,20004280.0
8.0,2007,19682761.0
8.0,2008,20435622.0
8.0,2009,21935823.0
8.0,2010,22148649.0
8.0,2011,22037127.0
8.0,2012,22834351.0
8.0,2013,22020837.0
8.0,2014,21638569.0
8.0,2015,22523853.0
8.0,2016,23666630.0
8.0,2017,24476510.0
9.0,1991,20670102.0
9.0,1992,20857691.0
9.0,1993,20834810.0
9.0,1994,27875234.0
9.0,1995,27425061.0
9.0,1996,27282337.0
9.0,1997,27003791.0
9.0,1998,43977271.0
9.0,1999,44127594.0
9.0,2000,40795969.0
9.0,2001,51562113.0
9.0,2002,51178203.0
9.0,2003,53087084.0
9.0,2004,60431471.0
9.0,2005,47398074.0
9.0,2006,49003920.0
9.0,2007,60181429.0
9.0,2008,61438864.0
9.0,2009,57138221.0
9.0,2010,59593535.0
9.0,2011,61151463.0
9.0,2012,60438830.0
9.0,2013,60341375.0
9.0,2014,60849405.0
9.0,2015,66556964.0
9.0,2016,64884236.0
9.0,2017,63220809.0
10.0,1991,0.0
10.0,1992,0.0
10.0,1993,0.0
10.0,1994,397695772.0
10.0,1995,363318011.0
10.0,1996,364643470.0
10.0,1997,386485820.0
10.0,1998,404891131.0
10.0,1999,398630147.0
10.0,2000,416818721.0
10.0,2001,398110504.0
10.0,2002,445196341.0
10.0,2003,429804232.0
10.0,2004,393597973.0
10.0,2005,451511323.0
10.0,2006,482815939.0
10.0,2007,495362403.0
10.0,2008,476031739.0
10.0,2009,481435588.0
10.0,2010,463015579.0
10.0,2011,456001753.0
10.0,2012,464875164.0
10.0,2013,476299313.0
10.0,2014,479654334.0
10.0,2015,457355988.0
10.0,2016,432985182.0
10.0,2017,407153682.0
11.0,1991,46092827.0
11.0,1992,46265616.0
11.0,1993,43759631.0
11.0,1994,39280355.0
11.0,1995,42187639.0
11.0,1996,44961711.0
11.0,1997,47771422.0
11.0,1998,51887035.0
11.0,1999,54929483.0
11.0,2000,55625103.0
11.0,2001,57328328.0
11.0,2002,64803120.0
11.0,2003,66034770.0
11.0,2004,68636823.0
11.0,2005,68501777.0
11.0,2006,69057674.0
11.0,2007,70266572.0
11.0,2008,67031314.0
11.0,2009,66610910.0
11.0,2010,55708308.0
11.0,2011,53801346.0
11.0,2012,55211248.0
11.0,2013,54273123.0
11.0,2014,51783367.0
11.0,2015,50023219.0
11.0,2016,46356803.0
11.0,2017,42863498.0
12.0,1991,23258938.0
12.0,1992,20932310.0
12.0,1993,22918507.0
12.0,1994,23292073.0
12.0,1995,21125478.0
12.0,1996,23793204.0
12.0,1997,24041288.0
12.0,1998,25538709.0
12.0,1999,27302473.0
12.0,2000,26377351.0
12.0,2001,25950232.0
12.0,2002,25569434.0
12.0,2003,26369226.0
12.0,2004,26857877.0
12.0,2005,27040526.0
12.0,2006,27209288.0
12.0,2007,26636190.0
12.0,2008,28285338.0
12.0,2009,29799051.0
12.0,2010,28605571.0
12.0,2011,27912518.0
12.0,2012,28230703.0
12.0,2013,28648284.0
12.0,2014,28532560.0
12.0,2015,28117340.0
12.0,2016,26323460.0
12.0,2017,25263321.0
13.0,1991,0.0
13.0,1992,0.0
13.0,1993,5642145.0
13.0,1994,5822002.0
13.0,1995,5810774.0
13.0,1996,6580851.0
13.0,1997,5886559.0
13.0,1998,8039122.0
13.0,1999,7574206.0
13.0,2000,13553082.0
13.0,2001,22293869.0
13.0,2002,22763014.0
13.0,2003,25531342.0
13.0,2004,29713243.0
13.0,2005,31112645.0
13.0,2006,30697564.0
13.0,2007,30205735.0
13.0,2008,30892169.0
13.0,2009,31444384.0
13.0,2010,31350971.0
13.0,2011,27825576.0
13.0,2012,24266043.0
13.0,2013,26619776.0
13.0,2014,25584956.0
13.0,2015,23895017.0
13.0,2016,21536305.0
13.0,2017,19734177.0
14.0,1991,0.0
14.0,1992,0.0
14.0,1993,939456.0
14.0,1994,3291172.0
14.0,1995,4401664.0
14.0,1996,5440791.0
14.0,1997,5534633.0
14.0,1998,6218214.0
14.0,1999,6734076.0
14.0,2000,6978588.0
14.0,2001,7397965.0
14.0,2002,7910810.0
14.0,2003,7910810.0
14.0,2004,9783403.0
14.0,2005,10693327.0
14.0,2006,11706680.0
14.0,2007,12018859.0
14.0,2008,12680973.0
14.0,2009,12241830.0
14.0,2010,12005849.0
14.0,2011,11270214.0
14.0,2012,13155790.0
14.0,2013,13444752.0
14.0,2014,13429362.0
14.0,2015,13975359.0
14.0,2016,13758419.0
14.0,2017,14396198.0
15.0,1991,0.0
15.0,1992,6868424.0
15.0,1993,9775732.0
15.0,1994,11052008.0
15.0,1995,12439329.0
15.0,1996,13464204.0
15.0,1997,15249854.0
15.0,1998,0.0
15.0,1999,0.0
15.0,2000,0.0
15.0,2001,0.0
15.0,2002,16761933.0
15.0,2003,17101409.0
15.0,2004,15044120.0
15.0,2005,14747521.0
15.0,2006,14664799.0
15.0,2007,14392111.0
15.0,2008,14561590.0
15.0,2009,14283970.0
15.0,2010,14280609.0
15.0,2011,13938044.0
15.0,2012,13860335.0
15.0,2013,14058929.0
15.0,2014,14522170.0
15.0,2015,14596534.0
15.0,2016,13584135.0
15.0,2017,13561124.0
16.0,1991,19472820.0
16.0,1992,18762519.0
16.0,1993,18005720.0
16.0,1994,17602352.0
16.0,1995,17770370.0
16.0,1996,18433192.0
16.0,1997,19368271.0
16.0,1998,20815273.0
16.0,1999,21760483.0
16.0,2000,22205062.0
16.0,2001,22964000.0
16.0,2002,22558892.0
16.0,2003,20070083.0
16.0,2004,20657126.0
16.0,2005,20570490.0
16.0,2006,21984368.0
16.0,2007,21850409.0
16.0,2008,21008551.0
16.0,2009,22006705.0
16.0,2010,22375445.0
16.0,2011,22285115.0
16.0,2012,21314018.0
16.0,2013,19344375.0
16.0,2014,18841607.0
16.0,2015,18773986.0
16.0,2016,16601271.0
16.0,2017,13356740.0
17.0,1991,0.0
17.0,1992,0.0
17.0,1993,0.0
17.0,1994,0.0
17.0,1995,0.0
17.0,1996,0.0
17.0,1997,0.0
17.0,1998,0.0
17.0,1999,0.0
17.0,2000,0.0
17.0,2001,0.0
17.0,2002,0.0
17.0,2003,0.0
17.0,2004,0.0
17.0,2005,0.0
17.0,2006,0.0
17.0,2007,3845722.0
17.0,2008,3428570.0
17.0,2009,2868934.0
17.0,2010,4131028.0
17.0,2011,7721533.0
17.0,2012,7613296.0
17.0,2013,8198807.0
17.0,2014,9010525.0
17.0,2015,8915038.0
17.0,2016,9528312.0
17.0,2017,9535775.0
18.0,1991,22198008.0
18.0,1992,20338302.0
18.0,1993,20235375.0
18.0,1994,19723694.0
18.0,1995,20916140.0
18.0,1996,22360420.0
18.0,1997,23558932.0
18.0,1998,25236358.0
18.0,1999,26747071.0
18.0,2000,27705688.0
18.0,2001,28494155.0
18.0,2002,28740088.0
18.0,2003,30269987.0
18.0,2004,31671116.0
18.0,2005,30204899.0
18.0,2006,31415781.0
18.0,2007,31040454.0
18.0,2008,31760539.0
18.0,2009,31011853.0
18.0,2010,26854343.0
18.0,2011,26867783.0
18.0,2012,28532601.0
18.0,2013,28325473.0
18.0,2014,28588429.0
18.0,2015,28464306.0
18.0,2016,38315901.0
18.0,2017,35640889.0
19.0,1991,540646178.0
19.0,1992,508719618.0
19.0,1993,463193591.0
19.0,1994,475715861.0
19.0,1995,442226223.0
19.0,1996,444819640.0
19.0,1997,439264706.0
19.0,1998,445313180.0
19.0,1999,466735403.0
19.0,2000,479586574.0
19.0,2001,484820801.0
19.0,2002,485225048.0
19.0,2003,474742925.0
19.0,2004,474750702.0
19.0,2005,492254103.0
19.0,2006,494729137.0
19.0,2007,499544307.0
19.0,2008,526336459.0
19.0,2009,521241837.0
19.0,2010,516873050.0
19.0,2011,531968639.0
19.0,2012,545577917.0
19.0,2013,529230291.0
19.0,2014,514216813.0
19.0,2015,515964831.0
19.0,2016,497704252.0
19.0,2017,479435218.0
20.0,1991,30347839.0
20.0,1992,31362713.0
20.0,1993,30383958.0
20.0,1994,30747395.0
20.0,1995,64533972.0
20.0,1996,64554369.0
20.0,1997,66261349.0
20.0,1998,69953980.0
20.0,1999,70427812.0
20.0,2000,72342624.0
20.0,2001,72121795.0
20.0,2002,69609764.0
20.0,2003,67726987.0
20.0,2004,67677915.0
20.0,2005,68590955.0
20.0,2006,72064297.0
20.0,2007,74550584.0
20.0,2008,76937575.0
20.0,2009,71767204.0
20.0,2010,70534886.0
20.0,2011,72349785.0
20.0,2012,74246584.0
20.0,2013,73603166.0
20.0,2014,74382121.0
20.0,2015,72631172.0
20.0,2016,72289606.0
20.0,2017,70592215.0
21.0,1991,40148819.0
21.0,1992,39307572.0
21.0,1993,38231418.0
21.0,1994,36911647.0
21.0,1995,35573641.0
21.0,1996,35949805.0
21.0,1997,37796783.0
21.0,1998,39223374.0
21.0,1999,39556102.0
21.0,2000,38100167.0
21.0,2001,36427224.0
21.0,2002,34898859.0
21.0,2003,33758583.0
21.0,2004,34370765.0
21.0,2005,36879312.0
21.0,2006,38103095.0
21.0,2007,39213669.0
21.0,2008,40504883.0
21.0,2009,35126791.0
21.0,2010,35077978.0
21.0,2011,37069881.0
21.0,2012,39082089.0
21.0,2013,39822617.0
21.0,2014,38862770.0
21.0,2015,37288887.0
21.0,2016,35286101.0
21.0,2017,35485948.0
22.0,1991,4789338.0
22.0,1992,4953602.0
22.0,1993,5339545.0
22.0,1994,5688654.0
22.0,1995,4928804.0
22.0,1996,5738471.0
22.0,1997,6126727.0
22.0,1998,5916551.0
22.0,1999,6169327.0
22.0,2000,5788692.0
22.0,2001,5897851.0
22.0,2002,5292028.0
22.0,2003,5267398.0
22.0,2004,5473827.0
22.0,2005,5408138.0
22.0,2006,5313681.0
22.0,2007,5584233.0
22.0,2008,5468575.0
22.0,2009,5128816.0
22.0,2010,5083319.0
22.0,2011,4832505.0
22.0,2012,4845526.0
22.0,2013,4866284.0
22.0,2014,4943670.0
22.0,2015,4967406.0
22.0,2016,4817082.0
22.0,2017,5118251.0
23.0,1991,73415297.0
23.0,1992,72297244.0
23.0,1993,87503501.0
23.0,1994,81702856.0
23.0,1995,80839245.0
23.0,1996,79800435.0
23.0,1997,80192231.0
23.0,1998,79831510.0
23.0,1999,81483944.0
23.0,2000,84131473.0
23.0,2001,84005249.0
23.0,2002,81891426.0
23.0,2003,85082037.0
23.0,2004,98543451.0
23.0,2005,103232388.0
23.0,2006,107094084.0
23.0,2007,111263859.0
23.0,2008,114802110.0
23.0,2009,103504590.0
23.0,2010,97230319.0
23.0,2011,104619504.0
23.0,2012,107339867.0
23.0,2013,111442186.0
23.0,2014,110770975.0
23.0,2015,106257006.0
23.0,2016,98962300.0
23.0,2017,89465160.0
24.0,1991,19971381.0
24.0,1992,21071289.0
24.0,1993,22300257.0
24.0,1994,23490832.0
24.0,1995,23967275.0
24.0,1996,24222204.0
24.0,1997,26348837.0
24.0,1998,26655590.0
24.0,1999,27348128.0
24.0,2000,28469908.0
24.0,2001,32442539.0
24.0,2002,33953895.0
24.0,2003,37176625.0
24.0,2004,40327994.0
24.0,2005,41590395.0
24.0,2006,40637984.0
24.0,2007,42442268.0
24.0,2008,39665062.0
24.0,2009,37720691.0
24.0,2010,37354511.0
24.0,2011,36629336.0
24.0,2012,38634128.0
24.0,2013,38792428.0
24.0,2014,38785678.0
24.0,2015,37809246.0
24.0,2016,33373580.0
24.0,2017,29764400.0
25.0,1991,2743374.0
25.0,1992,2755985.0
25.0,1993,2782119.0
25.0,1994,2782119.0
25.0,1995,2782119.0
25.0,1996,2872180.0
25.0,1997,4149102.0
25.0,1998,4673047.0
25.0,1999,6183737.0
25.0,2000,6913561.0
25.0,2001,6297153.0
25.0,2002,6795039.0
25.0,2003,7649864.0
25.0,2004,8201134.0
25.0,2005,9160907.0
25.0,2006,9970563.0
25.0,2007,11046504.0
25.0,2008,10798100.0
25.0,2009,10936346.0
25.0,2010,11235733.0
25.0,2011,12056979.0
25.0,2012,12515228.0
25.0,2013,12972081.0
25.0,2014,12359076.0
25.0,2015,11644819.0
25.0,2016,10581570.0
25.0,2017,9775152.0
26.0,1991,1870671.0
26.0,1992,2266473.0
26.0,1993,2697456.0
26.0,1994,2912895.0
26.0,1995,2735415.0
26.0,1996,2305492.0
26.0,1997,2315394.0
26.0,1998,2348592.0
26.0,1999,2171142.0
26.0,2000,2232497.0
26.0,2001,2543514.0
26.0,2002,2530321.0
26.0,2003,2725142.0
26.0,2004,2861217.0
26.0,2005,3064074.0
26.0,2006,2908420.0
26.0,2007,3709923.0
26.0,2008,4258742.0
26.0,2009,4711486.0
26.0,2010,4050353.0
26.0,2011,4416727.0
26.0,2012,4941886.0
26.0,2013,5122671.0
26.0,2014,5402035.0
26.0,2015,5363719.0
26.0,2016,5341822.0
26.0,2017,5207014.0
27.0,1991,0.0
27.0,1992,0.0
27.0,1993,0.0
27.0,1994,0.0
27.0,1995,0.0
27.0,1996,0.0
27.0,1997,0.0
27.0,1998,0.0
27.0,1999,0.0
27.0,2000,0.0
27.0,2001,0.0
27.0,2002,0.0
27.0,2003,0.0
27.0,2004,0.0
27.0,2005,214586.0
27.0,2006,512146.0
27.0,2007,480139.0
27.0,2008,603622.0
27.0,2009,621268.0
27.0,2010,609039.0
27.0,2011,590013.0
27.0,2012,547820.0
27.0,2013,554081.0
27.0,2014,597795.0
27.0,2015,1166615.0
27.0,2016,3264667.0
27.0,2017,2971066.0
28.0,1991,343748129.0
28.0,1992,323489023.0
28.0,1993,330004495.0
28.0,1994,329496350.0
28.0,1995,322248376.0
28.0,1996,317832105.0
28.0,1997,305073215.0
28.0,1998,272833175.0
28.0,1999,307886994.0
28.0,2000,317254707.0
28.0,2001,318050568.0
28.0,2002,313687051.0
28.0,2003,320584200.0
28.0,2004,332690372.0
28.0,2005,334546120.0
28.0,2006,323050549.0
28.0,2007,321839783.0
28.0,2008,340942176.0
28.0,2009,348314656.0
28.0,2010,346884292.0
28.0,2011,358843189.0
28.0,2012,363497594.0
28.0,2013,358439353.0
28.0,2014,347177503.0
28.0,2015,344297259.0
28.0,2016,354615326.0
28.0,2017,324750197.0
29.0,1991,11372911.0
29.0,1992,11150707.0
29.0,1993,11232302.0
29.0,1994,11133844.0
29.0,1995,10880486.0
29.0,1996,10657689.0
29.0,1997,10659561.0
29.0,1998,10751747.0
29.0,1999,10918932.0
29.0,2000,10581143.0
29.0,2001,10038360.0
29.0,2002,9288445.0
29.0,2003,8863911.0
29.0,2004,9150048.0
29.0,2005,9362839.0
29.0,2006,9376942.0
29.0,2007,9406473.0
29.0,2008,10337870.0
29.0,2009,10022056.0
29.0,2010,10108981.0
29.0,2011,10506369.0
29.0,2012,10612897.0
29.0,2013,10542383.0
29.0,2014,10007256.0
29.0,2015,10169487.0
29.0,2016,10653390.0
29.0,2017,10839059.0
30.0,1991,0.0
30.0,1992,0.0
30.0,1993,0.0
30.0,1994,0.0
30.0,1995,0.0
30.0,1996,0.0
30.0,1997,7413311.0
30.0,1998,7753591.0
30.0,1999,8043164.0
30.0,2000,8312455.0
30.0,2001,8542879.0
30.0,2002,8298186.0
30.0,2003,8062106.0
30.0,2004,8441267.0
30.0,2005,8764146.0
30.0,2006,9261888.0
30.0,2007,9125806.0
30.0,2008,9483238.0
30.0,2009,10047001.0
30.0,2010,10162521.0
30.0,2011,10888537.0
30.0,2012,11594262.0
30.0,2013,11195263.0
30.0,2014,10952117.0
30.0,2015,10257127.0
30.0,2016,9382971.0
30.0,2017,8465452.0
31.0,1991,182757.0
31.0,1992,171194.0
31.0,1993,189645.0
31.0,1994,47370.0
31.0,1995,88756.0
31.0,1996,148631.0
31.0,1997,177432.0
31.0,1998,193390.0
31.0,1999,202857.0
31.0,2000,203430.0
31.0,2001,207330.0
31.0,2002,201359.0
31.0,2003,217076.0
31.0,2004,235925.0
31.0,2005,249913.0
31.0,2006,274639.0
31.0,2007,532261.0
31.0,2008,607779.0
31.0,2009,564436.0
31.0,2010,896508.0
31.0,2011,913653.0
31.0,2012,952151.0
31.0,2013,1020930.0
31.0,2014,1650715.0
31.0,2015,1849907.0
31.0,2016,1900453.0
31.0,2017,1973446.0
32.0,1991,50037038.0
32.0,1992,50562129.0
32.0,1993,49175282.0
32.0,1994,45814898.0
32.0,1995,44692511.0
32.0,1996,48480039.0
32.0,1997,50146995.0
32.0,1998,52541599.0
32.0,1999,58219789.0
32.0,2000,58342845.0
32.0,2001,61433652.0
32.0,2002,59935750.0
32.0,2003,76509095.0
32.0,2004,77036051.0
32.0,2005,72596156.0
32.0,2006,77010077.0
32.0,2007,73949618.0
32.0,2008,67390127.0
32.0,2009,65009123.0
32.0,2010,59985395.0
32.0,2011,63787374.0
32.0,2012,70458962.0
32.0,2013,71281128.0
32.0,2014,70863331.0
32.0,2015,69844822.0
32.0,2016,66799954.0
32.0,2017,65583009.0
33.0,1991,5699764.0
33.0,1992,4438910.0
33.0,1993,4810206.0
33.0,1994,5811902.0
33.0,1995,5845584.0
33.0,1996,6550239.0
33.0,1997,6402191.0
33.0,1998,5124982.0
33.0,1999,5650667.0
33.0,2000,6033882.0
33.0,2001,9140415.0
33.0,2002,7493537.0
33.0,2003,7577444.0
33.0,2004,7523259.0
33.0,2005,8138752.0
33.0,2006,7599837.0
33.0,2007,7574738.0
33.0,2008,7857457.0
33.0,2009,7891965.0
33.0,2010,6936669.0
33.0,2011,7033616.0
33.0,2012,7840277.0
33.0,2013,7929521.0
33.0,2014,8016335.0
33.0,2015,7851247.0
33.0,2016,7311655.0
33.0,2017,6914410.0
34.0,1991,69302.0
34.0,1992,68551.0
34.0,1993,110547.0
34.0,1994,91410.0
34.0,1995,105607.0
34.0,1996,121680.0
34.0,1997,576500.0
34.0,1998,703648.0
34.0,1999,595416.0
34.0,2000,574507.0
34.0,2001,528961.0
34.0,2002,570262.0
34.0,2003,535636.0
34.0,2004,551545.0
34.0,2005,587110.0
34.0,2006,647866.0
34.0,2007,760997.0
34.0,2008,901881.0
34.0,2009,832160.0
34.0,2010,757449.0
34.0,2011,1145598.0
34.0,2012,1167666.0
34.0,2013,1544829.0
34.0,2014,1571891.0
34.0,2015,1634003.0
34.0,2016,1480204.0
34.0,2017,1420589.0
35.0,1991,85315804.0
35.0,1992,85020877.0
35.0,1993,88040253.0
35.0,1994,83840787.0
35.0,1995,80457179.0
35.0,1996,80848290.0
35.0,1997,81198449.0
35.0,1998,84141345.0
35.0,1999,86562368.0
35.0,2000,87379125.0
35.0,2001,88246097.0
35.0,2002,82087460.0
35.0,2003,77405265.0
35.0,2004,95881563.0
35.0,2005,94555071.0
35.0,2006,102477574.0
35.0,2007,100868417.0
35.0,2008,100277342.0
35.0,2009,88510712.0
35.0,2010,81151205.0
35.0,2011,81085192.0
35.0,2012,80891292.0
35.0,2013,84235798.0
35.0,2014,85369587.0
35.0,2015,86089171.0
35.0,2016,89970895.0
35.0,2017,88129126.0
36.0,1991,0.0
36.0,1992,0.0
36.0,1993,0.0
36.0,1994,0.0
36.0,1995,0.0
36.0,1996,0.0
36.0,1997,0.0
36.0,1998,0.0
36.0,1999,0.0
36.0,2000,0.0
36.0,2001,0.0
36.0,2002,0.0
36.0,2003,0.0
36.0,2004,0.0
36.0,2005,0.0
36.0,2006,0.0
36.0,2007,118189.0
36.0,2008,165386.0
36.0,2009,222947.0
36.0,2010,270966.0
36.0,2011,370028.0
36.0,2012,489187.0
36.0,2013,584076.0
36.0,2014,562134.0
36.0,2015,576196.0
36.0,2016,602154.0
36.0,2017,582619.0
37.0,1991,368092612.0
37.0,1992,353947615.0
37.0,1993,353277686.0
37.0,1994,340221141.0
37.0,1995,345012331.0
37.0,1996,317593492.0
37.0,1997,323208380.0
37.0,1998,339213001.0
37.0,1999,356071168.0
37.0,2000,348043569.0
37.0,2001,378936348.0
37.0,2002,391303553.0
37.0,2003,391992038.0
37.0,2004,397782682.0
37.0,2005,414076003.0
37.0,2006,408988285.0
37.0,2007,411598592.0
37.0,2008,425236560.0
37.0,2009,435858891.0
37.0,2010,418125650.0
37.0,2011,419689420.0
37.0,2012,424184885.0
37.0,2013,413640080.0
37.0,2014,411323792.0
37.0,2015,406647664.0
37.0,2016,379141810.0
37.0,2017,352545938.0
38.0,1991,14725810.0
38.0,1992,15426275.0
38.0,1993,16973182.0
38.0,1994,17607883.0
38.0,1995,18155900.0
38.0,1996,18346521.0
38.0,1997,17640986.0
38.0,1998,18403944.0
38.0,1999,19939102.0
38.0,2000,20733532.0
38.0,2001,22447610.0
38.0,2002,23000110.0
38.0,2003,23389167.0
38.0,2004,23557018.0
38.0,2005,25044002.0
38.0,2006,27376369.0
38.0,2007,28302019.0
38.0,2008,29766072.0
38.0,2009,29739337.0
38.0,2010,28063392.0
38.0,2011,26940789.0
38.0,2012,27474578.0
38.0,2013,26603229.0
38.0,2014,26391571.0
38.0,2015,25972313.0
38.0,2016,24512705.0
38.0,2017,22984194.0
39.0,1991,0.0
39.0,1992,0.0
39.0,1993,2651735.0
39.0,1994,2877022.0
39.0,1995,4395575.0
39.0,1996,4517415.0
39.0,1997,0.0
39.0,1998,4744526.0
39.0,1999,4782138.0
39.0,2000,5594826.0
39.0,2001,6112753.0
39.0,2002,6831313.0
39.0,2003,7595138.0
39.0,2004,7990825.0
39.0,2005,8474143.0
39.0,2006,9529056.0
39.0,2007,9717392.0
39.0,2008,9810228.0
39.0,2009,9576635.0
39.0,2010,9629993.0
39.0,2011,10283313.0
39.0,2012,10895833.0
39.0,2013,10650401.0
39.0,2014,10655021.0
39.0,2015,9764166.0
39.0,2016,8984286.0
39.0,2017,8631906.0
40.0,1991,0.0
40.0,1992,0.0
40.0,1993,0.0
40.0,1994,0.0
40.0,1995,0.0
40.0,1996,0.0
40.0,1997,0.0
40.0,1998,0.0
40.0,1999,0.0
40.0,2000,0.0
40.0,2001,0.0
40.0,2002,0.0
40.0,2003,0.0
40.0,2004,0.0
40.0,2005,0.0
40.0,2006,0.0
40.0,2007,0.0
40.0,2008,0.0
40.0,2009,0.0
40.0,2010,0.0
40.0,2011,0.0
40.0,2012,0.0
40.0,2013,0.0
40.0,2014,0.0
40.0,2015,5102855.0
40.0,2016,5904708.0
40.0,2017,5025611.0
41.0,1991,741958.0
41.0,1992,741958.0
41.0,1993,2655186.0
41.0,1994,3060207.0
41.0,1995,3168393.0
41.0,1996,3502955.0
41.0,1997,3414496.0
41.0,1998,4617985.0
41.0,1999,4485333.0
41.0,2000,4881322.0
41.0,2001,5631302.0
41.0,2002,6079858.0
41.0,2003,8380906.0
41.0,2004,10386862.0
41.0,2005,10466352.0
41.0,2006,11434047.0
41.0,2007,11670580.0
41.0,2008,12562257.0
41.0,2009,15040649.0
41.0,2010,15582435.0
41.0,2011,16850075.0
41.0,2012,18021918.0
41.0,2013,17603441.0
41.0,2014,18193059.0
41.0,2015,18684419.0
41.0,2016,18027898.0
41.0,2017,18206508.0
42.0,1991,143187822.0
42.0,1992,141050969.0
42.0,1993,138060000.0
42.0,1994,142731549.0
42.0,1995,143674639.0
42.0,1996,144804547.0
42.0,1997,170380432.0
42.0,1998,158263988.0
42.0,1999,163801369.0
42.0,2000,167067140.0
42.0,2001,164077582.0
42.0,2002,159357652.0
42.0,2003,142762444.0
42.0,2004,136157132.0
42.0,2005,142385899.0
42.0,2006,138403312.0
42.0,2007,147523544.0
42.0,2008,150912988.0
42.0,2009,156542393.0
42.0,2010,146249114.0
42.0,2011,139873115.0
42.0,2012,134889690.0
42.0,2013,129901379.0
42.0,2014,129123254.0
42.0,2015,136029205.0
42.0,2016,133383107.0
42.0,2017,126428706.0
43.0,1991,2346871.0
43.0,1992,2545444.0
43.0,1993,2587347.0
43.0,1994,2833206.0
43.0,1995,2924972.0
43.0,1996,3116264.0
43.0,1997,2682170.0
43.0,1998,2568643.0
43.0,1999,2356525.0
43.0,2000,2947333.0
43.0,2001,2936206.0
43.0,2002,6308144.0
43.0,2003,6195725.0
43.0,2004,11400942.0
43.0,2005,7855706.0
43.0,2006,10090963.0
43.0,2007,9189552.0
43.0,2008,9808564.0
43.0,2009,9890165.0
43.0,2010,9624202.0
43.0,2011,9570874.0
43.0,2012,9062135.0
43.0,2013,8680818.0
43.0,2014,8238787.0
43.0,2015,8188761.0
43.0,2016,7791851.0
43.0,2017,7000327.0
44.0,1991,297431367.0
44.0,1992,323686321.0
44.0,1993,336933977.0
44.0,1994,398827013.0
44.0,1995,321885416.0
44.0,1996,313170580.0
44.0,1997,319705436.0
44.0,1998,339735330.0
44.0,1999,354965815.0
44.0,2000,354860333.0
44.0,2001,364337295.0
44.0,2002,388975811.0
44.0,2003,388605206.0
44.0,2004,389910299.0
44.0,2005,394850846.0
44.0,2006,380260730.0
44.0,2007,357578991.0
44.0,2008,370718600.0
44.0,2009,367247601.0
44.0,2010,356060335.0
44.0,2011,380694311.0
44.0,2012,401616849.0
44.0,2013,395253978.0
44.0,2014,409248438.0
44.0,2015,405950873.0
44.0,2016,403003734.0
44.0,2017,382676332.0
45.0,1991,6455605.0
45.0,1992,6492131.0
45.0,1993,6848507.0
45.0,1994,7088054.0
45.0,1995,7492678.0
45.0,1996,7031326.0
45.0,1997,7079404.0
45.0,1998,7052149.0
45.0,1999,7201395.0
45.0,2000,7513873.0
45.0,2001,7632884.0
45.0,2002,6835748.0
45.0,2003,6321603.0
45.0,2004,6176786.0
45.0,2005,6691414.0
45.0,2006,6413397.0
45.0,2007,6613959.0
45.0,2008,7280243.0
45.0,2009,7820848.0
45.0,2010,7327821.0
45.0,2011,7626853.0
45.0,2012,7660221.0
45.0,2013,8008923.0
45.0,2014,8214619.0
45.0,2015,8575014.0
45.0,2016,8745176.0
45.0,2017,8558128.0
46.0,1991,80886653.0
46.0,1992,75762094.0
46.0,1993,66419318.0
46.0,1994,61478828.0
46.0,1995,57027220.0
46.0,1996,46303648.0
46.0,1997,54628537.0
46.0,1998,55353407.0
46.0,1999,42318646.0
46.0,2000,44042397.0
46.0,2001,41435881.0
46.0,2002,39965400.0
46.0,2003,38032201.0
46.0,2004,34721678.0
46.0,2005,35607433.0
46.0,2006,37281540.0
46.0,2007,35402314.0
46.0,2008,38036640.0
46.0,2009,38864643.0
46.0,2010,36657274.0
46.0,2011,35907731.0
46.0,2012,33021811.0
46.0,2013,31181285.0
46.0,2014,25405053.0
46.0,2015,24183867.0
46.0,2016,27416184.0
46.0,2017,24894081.0
47.0,1991,11959153.0
47.0,1992,9503985.0
47.0,1993,9832713.0
47.0,1994,10145202.0
47.0,1995,9808912.0
47.0,1996,9858630.0
47.0,1997,9677215.0
47.0,1998,9048286.0
47.0,1999,10289824.0
47.0,2000,11598290.0
47.0,2001,12731088.0
47.0,2002,11640559.0
47.0,2003,9205004.0
47.0,2004,9748883.0
47.0,2005,10610446.0
47.0,2006,11725487.0
47.0,2007,11849113.0
47.0,2008,12825481.0
47.0,2009,13555982.0
47.0,2010,12194271.0
47.0,2011,11405960.0
47.0,2012,11379228.0
47.0,2013,10114794.0
47.0,2014,9906717.0
47.0,2015,9798638.0
47.0,2016,9426956.0
47.0,2017,8614722.0
48.0,1991,3180640.0
48.0,1992,2533813.0
48.0,1993,2518916.0
48.0,1994,2393830.0
48.0,1995,1871324.0
48.0,1996,2048852.0
48.0,1997,1710988.0
48.0,1998,1989104.0
48.0,1999,762979.0
48.0,2000,1485856.0
48.0,2001,2197164.0
48.0,2002,2186563.0
48.0,2003,1267927.0
48.0,2004,922644.0
48.0,2005,1340646.0
48.0,2006,2307909.0
48.0,2007,2307804.0
48.0,2008,2315395.0
48.0,2009,1941501.0
48.0,2010,2161440.0
48.0,2011,2328131.0
48.0,2012,3552531.0
48.0,2013,3514823.0
48.0,2014,3390412.0
48.0,2015,3680382.0
48.0,2016,3475624.0
48.0,2017,4529310.0
49.0,1991,1279346.0
49.0,1992,1643953.0
49.0,1993,2132363.0
49.0,1994,32489539.0
49.0,1995,34433248.0
49.0,1996,30183517.0
49.0,1997,31202363.0
49.0,1998,32135155.0
49.0,1999,33076912.0
49.0,2000,32236161.0
49.0,2001,31599457.0
49.0,2002,36999219.0
49.0,2003,41103722.0
49.0,2004,41337262.0
49.0,2005,45733453.0
49.0,2006,49302895.0
49.0,2007,50590609.0
49.0,2008,53145740.0
49.0,2009,51103672.0
49.0,2010,37700632.0
49.0,2011,37126903.0
49.0,2012,37977988.0
49.0,2013,41300585.0
49.0,2014,40850119.0
49.0,2015,38684567.0
49.0,2016,34156165.0
49.0,2017,39314689.0
50.0,1991,0.0
50.0,1992,0.0
50.0,1993,0.0
50.0,1994,0.0
50.0,1995,0.0
50.0,1996,0.0
50.0,1997,0.0
50.0,1998,0.0
50.0,1999,0.0
50.0,2000,0.0
50.0,2001,0.0
50.0,2002,0.0
50.0,2003,0.0
50.0,2004,0.0
50.0,2005,0.0
50.0,2006,0.0
50.0,2007,0.0
50.0,2008,0.0
50.0,2009,5580857.0
50.0,2010,12112733.0
50.0,2011,12793529.0
50.0,2012,13553490.0
50.0,2013,14286093.0
50.0,2014,14331488.0
50.0,2015,14276884.0
50.0,2016,15574737.0
50.0,2017,16511814.0
51.0,1991,937088.0
51.0,1992,1072826.0
51.0,1993,1516649.0
51.0,1994,1746291.0
51.0,1995,2432117.0
51.0,1996,2760715.0
51.0,1997,3223133.0
51.0,1998,2816318.0
51.0,1999,3296605.0
51.0,2000,3316675.0
51.0,2001,3365112.0
51.0,2002,0.0
51.0,2003,4132041.0
51.0,2004,4345618.0
51.0,2005,6587374.0
51.0,2006,6134313.0
51.0,2007,6714901.0
51.0,2008,10099539.0
51.0,2009,10125814.0
51.0,2010,7747543.0
51.0,2011,8088452.0
51.0,2012,9280120.0
51.0,2013,9958600.0
51.0,2014,18230812.0
51.0,2015,17601086.0
51.0,2016,16668271.0
51.0,2017,15380743.0
52.0,1991,264992.0
52.0,1992,228836.0
52.0,1993,200737.0
52.0,1994,262984.0
52.0,1995,316941.0
52.0,1996,550565.0
52.0,1997,685120.0
52.0,1998,751665.0
52.0,1999,845997.0
52.0,2000,898902.0
52.0,2001,1058330.0
52.0,2002,954909.0
52.0,2003,934002.0
52.0,2004,869323.0
52.0,2005,1076700.0
52.0,2006,1357763.0
52.0,2007,1493519.0
52.0,2008,1906624.0
52.0,2009,2104252.0
52.0,2010,1943537.0
52.0,2011,2243730.0
52.0,2012,2432673.0
52.0,2013,2325275.0
52.0,2014,2177797.0
52.0,2015,2263124.0
52.0,2016,2236439.0
52.0,2017,2190974.0
53.0,1991,239339999.0
53.0,1992,238714296.0
53.0,1993,230322293.0
53.0,1994,220273665.0
53.0,1995,216408165.0
53.0,1996,214468798.0
53.0,1997,217630901.0
53.0,1998,219508042.0
53.0,1999,217050460.0
53.0,2000,226182200.0
53.0,2001,235077521.0
53.0,2002,233015643.0
53.0,2003,215594583.0
53.0,2004,215743701.0
53.0,2005,216918351.0
53.0,2006,210848310.0
53.0,2007,206458675.0
53.0,2008,221213458.0
53.0,2009,227130300.0
53.0,2010,217021010.0
53.0,2011,214652993.0
53.0,2012,222936607.0
53.0,2013,223851332.0
53.0,2014,228748481.0
53.0,2015,220119336.0
53.0,2016,232827475.0
53.0,2017,226261960.0
54.0,1991,78159967.0
54.0,1992,79399725.0
54.0,1993,80587785.0
54.0,1994,79869830.0
54.0,1995,78673609.0
54.0,1996,79401304.0
54.0,1997,83011793.0
54.0,1998,80917759.0
54.0,1999,86299471.0
54.0,2000,90974498.0
54.0,2001,103919441.0
54.0,2002,97146074.0
54.0,2003,93591365.0
54.0,2004,97545611.0
54.0,2005,99296028.0
54.0,2006,103654118.0
54.0,2007,109219470.0
54.0,2008,115227684.0
54.0,2009,114654578.0
54.0,2010,108297950.0
54.0,2011,111099037.0
54.0,2012,118674764.0
54.0,2013,126546495.0
54.0,2014,125784207.0
54.0,2015,135240559.0
54.0,2016,137658212.0
54.0,2017,132802066.0
55.0,1991,65486049.0
55.0,1992,69682121.0
55.0,1993,61195378.0
55.0,1994,62754904.0
55.0,1995,61943391.0
55.0,1996,64156526.0
55.0,1997,63054878.0
55.0,1998,63465316.0
55.0,1999,65897176.0
55.0,2000,67632612.0
55.0,2001,70808702.0
55.0,2002,69085074.0
55.0,2003,62292979.0
55.0,2004,64663431.0
55.0,2005,64600740.0
55.0,2006,66962680.0
55.0,2007,67414737.0
55.0,2008,65856350.0
55.0,2009,61154791.0
55.0,2010,62101688.0
55.0,2011,58085889.0
55.0,2012,54396776.0
55.0,2013,55951572.0
55.0,2014,56765039.0
55.0,2015,56020660.0
55.0,2016,54575655.0
55.0,2017,53416004.0
56.0,1991,6111651.0
56.0,1992,6058155.0
56.0,1993,5745654.0
56.0,1994,5607168.0
56.0,1995,5539133.0
56.0,1996,6127072.0
56.0,1997,7040034.0
56.0,1998,8632319.0
56.0,1999,8621841.0
56.0,2000,8735022.0
56.0,2001,9925201.0
56.0,2002,8137583.0
56.0,2003,7869796.0
56.0,2004,7780606.0
56.0,2005,9184511.0
56.0,2006,10135247.0
56.0,2007,11608349.0
56.0,2008,12341090.0
56.0,2009,12923502.0
56.0,2010,12009226.0
56.0,2011,14046588.0
56.0,2012,14873378.0
56.0,2013,17269328.0
56.0,2014,18701904.0
56.0,2015,19787123.0
56.0,2016,19083987.0
56.0,2017,19267022.0
57.0,1991,19206079.0
57.0,1992,19640260.0
57.0,1993,19306555.0
57.0,1994,19708699.0
57.0,1995,19674924.0
57.0,1996,19105421.0
57.0,1997,18652256.0
57.0,1998,19172928.0
57.0,1999,18017544.0
57.0,2000,17925254.0
57.0,2001,18135757.0
57.0,2002,17386835.0
57.0,2003,16858718.0
57.0,2004,15450639.0
57.0,2005,14868608.0
57.0,2006,15016685.0
57.0,2007,15210104.0
57.0,2008,15530635.0
57.0,2009,15881212.0
57.0,2010,14742600.0
57.0,2011,14007441.0
57.0,2012,13422728.0
57.0,2013,13040485.0
57.0,2014,13562255.0
57.0,2015,13796204.0
57.0,2016,13530765.0
57.0,2017,12550962.0
58.0,1991,10802638.0
58.0,1992,10968364.0
58.0,1993,10778680.0
58.0,1994,10575988.0
58.0,1995,10657363.0
58.0,1996,11598476.0
58.0,1997,12129279.0
58.0,1998,12240868.0
58.0,1999,13037927.0
58.0,2000,13483641.0
58.0,2001,13596533.0
58.0,2002,12644618.0
58.0,2003,12067128.0
58.0,2004,11380811.0
58.0,2005,11075585.0
58.0,2006,11190575.0
58.0,2007,11187240.0
58.0,2008,11461313.0
58.0,2009,11229607.0
58.0,2010,10358762.0
58.0,2011,11178837.0
58.0,2012,11630283.0
58.0,2013,12525515.0
58.0,2014,13396645.0
58.0,2015,13336030.0
58.0,2016,13335766.0
58.0,2017,12880696.0
59.0,1991,80089274.0
59.0,1992,83692713.0
59.0,1993,83712089.0
59.0,1994,82564127.0
59.0,1995,83503354.0
59.0,1996,90533872.0
59.0,1997,96389937.0
59.0,1998,93990113.0
59.0,1999,99567800.0
59.0,2000,103030144.0
59.0,2001,101000283.0
59.0,2002,97517472.0
59.0,2003,98547887.0
59.0,2004,102088497.0
59.0,2005,98609744.0
59.0,2006,106273556.0
59.0,2007,113928156.0
59.0,2008,122976146.0
59.0,2009,115834273.0
59.0,2010,113637312.0
59.0,2011,117086557.0
59.0,2012,119952268.0
59.0,2013,123192043.0
59.0,2014,125340418.0
59.0,2015,126268526.0
59.0,2016,127384761.0
59.0,2017,127954193.0
60.0,1991,0.0
60.0,1992,0.0
60.0,1993,0.0
60.0,1994,0.0
60.0,1995,0.0
60.0,1996,0.0
60.0,1997,0.0
60.0,1998,0.0
60.0,1999,0.0
60.0,2000,100360.0
60.0,2001,494586.0
60.0,2002,817405.0
60.0,2003,1017956.0
60.0,2004,1749880.0
60.0,2005,10968661.0
60.0,2006,12397667.0
60.0,2007,14411630.0
60.0,2008,16623185.0
60.0,2009,19667886.0
60.0,2010,23404742.0
60.0,2011,25992868.0
60.0,2012,28540694.0
60.0,2013,30264506.0
60.0,2014,32942639.0
60.0,2015,34668278.0
60.0,2016,42732202.0
60.0,2017,46795663.0
61.0,1991,12494484.0
61.0,1992,13211974.0
61.0,1993,13008044.0
61.0,1994,13099580.0
61.0,1995,13354393.0
61.0,1996,13858740.0
61.0,1997,13968253.0
61.0,1998,14700724.0
61.0,1999,15117680.0
61.0,2000,15197994.0
61.0,2001,15140278.0
61.0,2002,14489277.0
61.0,2003,24543754.0
61.0,2004,24408361.0
61.0,2005,23880997.0
61.0,2006,23788391.0
61.0,2007,24051761.0
61.0,2008,23318705.0
61.0,2009,22510781.0
61.0,2010,22614325.0
61.0,2011,22346871.0
61.0,2012,22219140.0
61.0,2013,22395169.0
61.0,2014,22850673.0
61.0,2015,23657447.0
61.0,2016,24089468.0
61.0,2017,24239866.0
62.0,1991,2988858.0
62.0,1992,4945204.0
62.0,1993,5169770.0
62.0,1994,5350232.0
62.0,1995,5911473.0
62.0,1996,6897264.0
62.0,1997,8064873.0
62.0,1998,8337194.0
62.0,1999,8708746.0
62.0,2000,8063380.0
62.0,2001,9070637.0
62.0,2002,9384102.0
62.0,2003,8860946.0
62.0,2004,9712307.0
62.0,2005,8867291.0
62.0,2006,9678043.0
62.0,2007,10875413.0
62.0,2008,11918776.0
62.0,2009,11372498.0
62.0,2010,10041136.0
62.0,2011,9655130.0
62.0,2012,9093588.0
62.0,2013,9096345.0
62.0,2014,9810286.0
62.0,2015,10038230.0
62.0,2016,10251998.0
62.0,2017,10359529.0
63.0,1991,10063513.0
63.0,1992,10466957.0
63.0,1993,10653191.0
63.0,1994,12824384.0
63.0,1995,12270811.0
63.0,1996,12618872.0
63.0,1997,13927598.0
63.0,1998,13931267.0
63.0,1999,14458029.0
63.0,2000,14596536.0
63.0,2001,14511506.0
63.0,2002,13998841.0
63.0,2003,14331875.0
63.0,2004,15111891.0
63.0,2005,13395565.0
63.0,2006,13630165.0
63.0,2007,14519524.0
63.0,2008,16288954.0
63.0,2009,15560527.0
63.0,2010,15280450.0
63.0,2011,13444661.0
63.0,2012,11847684.0
63.0,2013,11646847.0
63.0,2014,11510558.0
63.0,2015,10321907.0
63.0,2016,9764786.0
63.0,2017,9678293.0
64.0,1991,4153610.0
64.0,1992,4187085.0
64.0,1993,4204895.0
64.0,1994,4311451.0
64.0,1995,4223108.0
64.0,1996,4338370.0
64.0,1997,4226767.0
64.0,1998,4344961.0
64.0,1999,4043977.0
64.0,2000,4207066.0
64.0,2001,4333216.0
64.0,2002,3806806.0
64.0,2003,4305817.0
64.0,2004,2986359.0
64.0,2005,3767625.0
64.0,2006,2659757.0
64.0,2007,4116654.0
64.0,2008,4381177.0
64.0,2009,4537677.0
64.0,2010,4388164.0
64.0,2011,4528750.0
64.0,2012,4685109.0
64.0,2013,4392581.0
64.0,2014,4445664.0
64.0,2015,4546845.0
64.0,2016,4716052.0
64.0,2017,4618078.0
65.0,1991,35509171.0
65.0,1992,35811007.0
65.0,1993,35574663.0
65.0,1994,35709343.0
65.0,1995,35102252.0
65.0,1996,38175676.0
65.0,1997,39623564.0
65.0,1998,40561318.0
65.0,1999,42313324.0
65.0,2000,42937994.0
65.0,2001,41832056.0
65.0,2002,40540812.0
65.0,2003,32801554.0
65.0,2004,25545374.0
65.0,2005,24425116.0
65.0,2006,24889685.0
65.0,2007,82333186.0
65.0,2008,87175484.0
65.0,2009,88335983.0
65.0,2010,79377826.0
65.0,2011,81529442.0
65.0,2012,85235926.0
65.0,2013,82105490.0
65.0,2014,91869905.0
65.0,2015,94919975.0
65.0,2016,92437294.0
65.0,2017,88194806.0
66.0,1991,11019990.0
66.0,1992,10473009.0
66.0,1993,10540873.0
66.0,1994,10741578.0
66.0,1995,11155613.0
66.0,1996,11758712.0
66.0,1997,12137102.0
66.0,1998,12369040.0
66.0,1999,12554274.0
66.0,2000,12569335.0
66.0,2001,12275383.0
66.0,2002,11898418.0
66.0,2003,11718686.0
66.0,2004,11983900.0
66.0,2005,11739344.0
66.0,2006,11909764.0
66.0,2007,11915207.0
66.0,2008,12337512.0
66.0,2009,12568151.0
66.0,2010,11333866.0
66.0,2011,11450347.0
66.0,2012,12081329.0
66.0,2013,12133052.0
66.0,2014,12528480.0
66.0,2015,12640231.0
66.0,2016,12005664.0
66.0,2017,10958725.0
67.0,1991,8252358.0
67.0,1992,10656170.0
67.0,1993,10602876.0
67.0,1994,7290587.0
67.0,1995,8961852.0
67.0,1996,10745025.0
67.0,1997,13563527.0
67.0,1998,18621103.0
67.0,1999,8648128.0
67.0,2000,7698134.0
67.0,2001,574563.0
67.0,2002,631195.0
67.0,2003,822945.0
67.0,2004,1207262.0
67.0,2005,1275255.0
67.0,2006,1593599.0
67.0,2007,1738213.0
67.0,2008,1881670.0
67.0,2009,2229533.0
67.0,2010,2042612.0
67.0,2011,2127945.0
67.0,2012,2277528.0
67.0,2013,2161114.0
67.0,2014,2145413.0
67.0,2015,2160324.0
67.0,2016,2120471.0
67.0,2017,1897974.0
68.0,1991,65376748.0
68.0,1992,66303403.0
68.0,1993,66598023.0
68.0,1994,65562037.0
68.0,1995,61109874.0
68.0,1996,61905288.0
68.0,1997,62065357.0
68.0,1998,66048771.0
68.0,1999,71874147.0
68.0,2000,73477709.0
68.0,2001,73347859.0
68.0,2002,69589375.0
68.0,2003,67235776.0
68.0,2004,56901430.0
68.0,2005,69698813.0
68.0,2006,73356649.0
68.0,2007,76966724.0
68.0,2008,81835735.0
68.0,2009,76343042.0
68.0,2010,78048647.0
68.0,2011,80886890.0
68.0,2012,81053506.0
68.0,2013,81368753.0
68.0,2014,84535513.0
68.0,2015,85832184.0
68.0,2016,82624619.0
68.0,2017,81927425.0
69.0,1991,0.0
69.0,1992,0.0
69.0,1993,0.0
69.0,1994,0.0
69.0,1995,0.0
69.0,1996,0.0
69.0,1997,0.0
69.0,1998,0.0
69.0,1999,5650504.0
69.0,2000,5974372.0
69.0,2001,5128746.0
69.0,2002,5515000.0
69.0,2003,6107795.0
69.0,2004,10497170.0
69.0,2005,11322949.0
69.0,2006,11806687.0
69.0,2007,11899119.0
69.0,2008,12963472.0
69.0,2009,13280535.0
69.0,2010,13653157.0
69.0,2011,13028395.0
69.0,2012,12810887.0
69.0,2013,13718939.0
69.0,2014,13067373.0
69.0,2015,12857395.0
69.0,2016,13398880.0
69.0,2017,13543777.0
70.0,1991,8338543.0
70.0,1992,8323705.0
70.0,1993,9836509.0
70.0,1994,10803594.0
70.0,1995,11027117.0
70.0,1996,8967661.0
70.0,1997,8256463.0
70.0,1998,9479149.0
70.0,1999,9570201.0
70.0,2000,9540883.0
70.0,2001,9815034.0
70.0,2002,9450976.0
70.0,2003,9758542.0
70.0,2004,10411441.0
70.0,2005,11702292.0
70.0,2006,12573699.0
70.0,2007,12934590.0
70.0,2008,13732018.0
70.0,2009,13811295.0
70.0,2010,13338142.0
70.0,2011,15117154.0
70.0,2012,14749634.0
70.0,2013,15169660.0
70.0,2014,15482666.0
70.0,2015,15449662.0
70.0,2016,14523002.0
70.0,2017,13335761.0
71.0,1991,10913951.0
71.0,1992,9519806.0
71.0,1993,8970883.0
71.0,1994,8272503.0
71.0,1995,8211816.0
71.0,1996,8056734.0
71.0,1997,8190510.0
71.0,1998,9029111.0
71.0,1999,9516895.0
71.0,2000,9609588.0
71.0,2001,9615184.0
71.0,2002,10358546.0
71.0,2003,9729914.0
71.0,2004,9958623.0
71.0,2005,10459635.0
71.0,2006,11400399.0
71.0,2007,11663754.0
71.0,2008,12853691.0
71.0,2009,12181545.0
71.0,2010,13093493.0
71.0,2011,13101512.0
71.0,2012,14018425.0
71.0,2013,14467510.0
71.0,2014,14503728.0
71.0,2015,14899026.0
71.0,2016,12938859.0
71.0,2017,11943129.0
72.0,1991,17796.0
72.0,1992,28607.0
72.0,1993,35878.0
72.0,1994,86028.0
72.0,1995,149496.0
72.0,1996,126048.0
72.0,1997,150049.0
72.0,1998,171973.0
72.0,1999,172426.0
72.0,2000,222741.0
72.0,2001,348006.0
72.0,2002,489959.0
72.0,2003,588007.0
72.0,2004,656652.0
72.0,2005,830947.0
72.0,2006,921532.0
72.0,2007,1028136.0
72.0,2008,1124497.0
72.0,2009,1008418.0
72.0,2010,851315.0
72.0,2011,1123714.0
72.0,2012,1257352.0
72.0,2013,1307708.0
72.0,2014,1236662.0
72.0,2015,1113004.0
72.0,2016,1533322.0
72.0,2017,1551436.0
73.0,1991,56805771.0
73.0,1992,59107884.0
73.0,1993,60367394.0
73.0,1994,62697193.0
73.0,1995,67132587.0
73.0,1996,69924092.0
73.0,1997,70904532.0
73.0,1998,64745516.0
73.0,1999,67800183.0
73.0,2000,76823292.0
73.0,2001,79651287.0
73.0,2002,80923475.0
73.0,2003,78584328.0
73.0,2004,82362771.0
73.0,2005,86260633.0
73.0,2006,86571361.0
73.0,2007,94196136.0
73.0,2008,101175756.0
73.0,2009,98205186.0
73.0,2010,97428236.0
73.0,2011,97784885.0
73.0,2012,98518888.0
73.0,2013,101352739.0
73.0,2014,104291383.0
73.0,2015,102250731.0
73.0,2016,103340797.0
73.0,2017,98077504.0
74.0,1991,0.0
74.0,1992,0.0
74.0,1993,0.0
74.0,1994,0.0
74.0,1995,0.0
74.0,1996,0.0
74.0,1997,0.0
74.0,1998,0.0
74.0,1999,0.0
74.0,2000,0.0
74.0,2001,0.0
74.0,2002,0.0
74.0,2003,0.0
74.0,2004,0.0
74.0,2005,0.0
74.0,2006,0.0
74.0,2007,0.0
74.0,2008,0.0
74.0,2009,0.0
74.0,2010,0.0
74.0,2011,148892.0
74.0,2012,196961.0
74.0,2013,201466.0
74.0,2014,197731.0
74.0,2015,228391.0
74.0,2016,227001.0
74.0,2017,206121.0
75.0,1991,107013124.0
75.0,1992,101481076.0
75.0,1993,105598341.0
75.0,1994,107135659.0
75.0,1995,108468245.0
75.0,1996,101215956.0
75.0,1997,103482184.0
75.0,1998,106487481.0
75.0,1999,106154877.0
75.0,2000,115015646.0
75.0,2001,111048191.0
75.0,2002,115678655.0
75.0,2003,111655555.0
75.0,2004,112634082.0
75.0,2005,103366276.0
75.0,2006,107024143.0
75.0,2007,108831451.0
75.0,2008,117654007.0
75.0,2009,123697396.0
75.0,2010,104190623.0
75.0,2011,109268270.0
75.0,2012,112276909.0
75.0,2013,107373286.0
75.0,2014,113995672.0
75.0,2015,116219917.0
75.0,2016,110727565.0
75.0,2017,103571384.0
76.0,1991,718981.0
76.0,1992,683148.0
76.0,1993,647286.0
76.0,1994,592898.0
76.0,1995,496752.0
76.0,1996,584736.0
76.0,1997,705224.0
76.0,1998,1094612.0
76.0,1999,1226235.0
76.0,2000,1365316.0
76.0,2001,1606952.0
76.0,2002,1745487.0
76.0,2003,1991911.0
76.0,2004,2153489.0
76.0,2005,2284918.0
76.0,2006,2295733.0
76.0,2007,2358533.0
76.0,2008,2448900.0
76.0,2009,2519852.0
76.0,2010,2478118.0
76.0,2011,2005612.0
76.0,2012,1710061.0
76.0,2013,1834156.0
76.0,2014,1886518.0
76.0,2015,1757335.0
76.0,2016,5356739.0
76.0,2017,4734206.0
77.0,1991,46827901.0
77.0,1992,42873131.0
77.0,1993,40757895.0
77.0,1994,48180930.0
77.0,1995,51452587.0
77.0,1996,50809617.0
77.0,1997,53276888.0
77.0,1998,54503578.0
77.0,1999,53582908.0
77.0,2000,52137324.0
77.0,2001,50935754.0
77.0,2002,47505757.0
77.0,2003,46020809.0
77.0,2004,45516675.0
77.0,2005,46438023.0
77.0,2006,49709780.0
77.0,2007,53990802.0
77.0,2008,53675790.0
77.0,2009,52742972.0
77.0,2010,40571611.0
77.0,2011,42971353.0
77.0,2012,46704766.0
77.0,2013,47051123.0
77.0,2014,48133385.0
77.0,2015,46640767.0
77.0,2016,44046960.0
77.0,2017,40978290.0
78.0,1991,0.0
78.0,1992,0.0
78.0,1993,1073907.0
78.0,1994,1249029.0
78.0,1995,1317482.0
78.0,1996,1344260.0
78.0,1997,1521605.0
78.0,1998,1778940.0
78.0,1999,1990222.0
78.0,2000,2036923.0
78.0,2001,2097306.0
78.0,2002,2108600.0
78.0,2003,2068744.0
78.0,2004,2366384.0
78.0,2005,2464238.0
78.0,2006,2614319.0
78.0,2007,2494906.0
78.0,2008,2530264.0
78.0,2009,2757521.0
78.0,2010,2460574.0
78.0,2011,2532426.0
78.0,2012,2854532.0
78.0,2013,2848662.0
78.0,2014,2898908.0
78.0,2015,2874160.0
78.0,2016,2672302.0
78.0,2017,2412641.0
79.0,1991,7237283.0
79.0,1992,7142555.0
79.0,1993,7299518.0
79.0,1994,7757153.0
79.0,1995,8808946.0
79.0,1996,10367049.0
79.0,1997,11078741.0
79.0,1998,13814263.0
79.0,1999,15183664.0
79.0,2000,15079389.0
79.0,2001,15949577.0
79.0,2002,17149549.0
79.0,2003,16786859.0
79.0,2004,16225999.0
79.0,2005,15583186.0
79.0,2006,15497166.0
79.0,2007,15480043.0
79.0,2008,14826501.0
79.0,2009,15452794.0
79.0,2010,14751272.0
79.0,2011,15039931.0
79.0,2012,16152101.0
79.0,2013,16146278.0
79.0,2014,15616142.0
79.0,2015,14391194.0
79.0,2016,12813471.0
79.0,2017,11652596.0
80.0,1991,4194157.0
80.0,1992,4368006.0
80.0,1993,4793453.0
80.0,1994,5350654.0
80.0,1995,5517860.0
80.0,1996,6255581.0
80.0,1997,6391632.0
80.0,1998,6845862.0
80.0,1999,7158555.0
80.0,2000,7154145.0
80.0,2001,6827549.0
80.0,2002,7102762.0
80.0,2003,7146680.0
80.0,2004,7588864.0
80.0,2005,7357581.0
80.0,2006,6849166.0
80.0,2007,7066431.0
80.0,2008,7403682.0
80.0,2009,8326764.0
80.0,2010,7934079.0
80.0,2011,8092220.0
80.0,2012,8800273.0
80.0,2013,9242793.0
80.0,2014,9568758.0
80.0,2015,9651592.0
80.0,2016,9238265.0
80.0,2017,8741975.0
81.0,1991,199771.0
81.0,1992,208438.0
81.0,1993,232578.0
81.0,1994,237507.0
81.0,1995,223492.0
81.0,1996,221052.0
81.0,1997,216559.0
81.0,1998,221033.0
81.0,1999,225168.0
81.0,2000,231088.0
81.0,2001,229707.0
81.0,2002,256556.0
81.0,2003,330708.0
81.0,2004,368028.0
81.0,2005,381656.0
81.0,2006,351098.0
81.0,2007,353179.0
81.0,2008,374899.0
81.0,2009,379642.0
81.0,2010,382242.0
81.0,2011,371964.0
81.0,2012,389126.0
81.0,2013,401394.0
81.0,2014,413276.0
81.0,2015,409647.0
81.0,2016,383329.0
81.0,2017,359589.0
82.0,1991,9859932.0
82.0,1992,10702174.0
82.0,1993,1461828.0
82.0,1994,0.0
82.0,1995,0.0
82.0,1996,0.0
82.0,1997,0.0
82.0,1998,0.0
82.0,1999,0.0
82.0,2000,0.0
82.0,2001,50233858.0
82.0,2002,52102884.0
82.0,2003,47888979.0
82.0,2004,51294625.0
82.0,2005,53571381.0
82.0,2006,60694858.0
82.0,2007,63733694.0
82.0,2008,66168163.0
82.0,2009,67126417.0
82.0,2010,57414118.0
82.0,2011,56686089.0
82.0,2012,61016792.0
82.0,2013,61704309.0
82.0,2014,60964698.0
82.0,2015,66856889.0
82.0,2016,67346272.0
82.0,2017,65534978.0
83.0,1991,0.0
83.0,1992,0.0
83.0,1993,0.0
83.0,1994,0.0
83.0,1995,0.0
83.0,1996,0.0
83.0,1997,0.0
83.0,1998,0.0
83.0,1999,0.0
83.0,2000,0.0
83.0,2001,0.0
83.0,2002,0.0
83.0,2003,0.0
83.0,2004,0.0
83.0,2005,0.0
83.0,2006,7002333.0
83.0,2007,9329974.0
83.0,2008,0.0
83.0,2009,0.0
83.0,2010,0.0
83.0,2011,0.0
83.0,2012,4128134.0
83.0,2013,4169684.0
83.0,2014,4548311.0
83.0,2015,5082158.0
83.0,2016,4940323.0
83.0,2017,4816085.0
84.0,1991,58664449.0
84.0,1992,61429653.0
84.0,1993,60673950.0
84.0,1994,63773036.0
84.0,1995,64537662.0
84.0,1996,71338510.0
84.0,1997,71389345.0
84.0,1998,79665378.0
84.0,1999,82406083.0
84.0,2000,86917412.0
84.0,2001,91186336.0
84.0,2002,100219462.0
84.0,2003,98502917.0
84.0,2004,98412894.0
84.0,2005,104546141.0
84.0,2006,101575197.0
84.0,2007,100638004.0
84.0,2008,104168660.0
84.0,2009,108551806.0
84.0,2010,104339822.0
84.0,2011,104644261.0
84.0,2012,103218538.0
84.0,2013,99316048.0
84.0,2014,99493577.0
84.0,2015,101380984.0
84.0,2016,101702561.0
84.0,2017,99045313.0
85.0,1991,0.0
85.0,1992,0.0
85.0,1993,0.0
85.0,1994,0.0
85.0,1995,0.0
85.0,1996,0.0
85.0,1997,0.0
85.0,1998,0.0
85.0,1999,0.0
85.0,2000,0.0
85.0,2001,0.0
85.0,2002,0.0
85.0,2003,0.0
85.0,2004,0.0
85.0,2005,0.0
85.0,2006,0.0
85.0,2007,0.0
85.0,2008,0.0
85.0,2009,0.0
85.0,2010,0.0
85.0,2011,0.0
85.0,2012,3664537.0
85.0,2013,5462845.0
85.0,2014,6182940.0
85.0,2015,6476307.0
85.0,2016,6416746.0
85.0,2017,6870310.0
86.0,1991,3745838.0
86.0,1992,3725986.0
86.0,1993,4360770.0
86.0,1994,4924049.0
86.0,1995,5285944.0
86.0,1996,6146409.0
86.0,1997,6863967.0
86.0,1998,7447013.0
86.0,1999,8006460.0
86.0,2000,6793646.0
86.0,2001,6181230.0
86.0,2002,6432202.0
86.0,2003,6905040.0
86.0,2004,7030978.0
86.0,2005,5812417.0
86.0,2006,5647840.0
86.0,2007,5736915.0
86.0,2008,7230617.0
86.0,2009,6430633.0
86.0,2010,6552570.0
86.0,2011,6958604.0
86.0,2012,6888950.0
86.0,2013,6491301.0
86.0,2014,6365278.0
86.0,2015,6174506.0
86.0,2016,5940495.0
86.0,2017,6027683.0
87.0,1991,0.0
87.0,1992,0.0
87.0,1993,0.0
87.0,1994,0.0
87.0,1995,0.0
87.0,1996,0.0
87.0,1997,0.0
87.0,1998,0.0
87.0,1999,0.0
87.0,2000,0.0
87.0,2001,0.0
87.0,2002,212004.0
87.0,2003,227074.0
87.0,2004,254043.0
87.0,2005,275558.0
87.0,2006,305809.0
87.0,2007,297194.0
87.0,2008,293899.0
87.0,2009,312309.0
87.0,2010,306449.0
87.0,2011,344853.0
87.0,2012,370526.0
87.0,2013,351374.0
87.0,2014,433470.0
87.0,2015,406810.0
87.0,2016,361651.0
87.0,2017,545824.0
88.0,1991,66760861.0
88.0,1992,58483064.0
88.0,1993,53997595.0
88.0,1994,60249495.0
88.0,1995,58289699.0
88.0,1996,64858051.0
88.0,1997,66797056.0
88.0,1998,66239084.0
88.0,1999,67653805.0
88.0,2000,63561916.0
88.0,2001,60093950.0
88.0,2002,55744904.0
88.0,2003,59641790.0
88.0,2004,57868273.0
88.0,2005,65542234.0
88.0,2006,69199174.0
88.0,2007,60187823.0
88.0,2008,56667452.0
88.0,2009,45612053.0
88.0,2010,42419301.0
88.0,2011,46210832.0
88.0,2012,48234103.0
88.0,2013,49206289.0
88.0,2014,49245884.0
88.0,2015,47021540.0
88.0,2016,44285601.0
88.0,2017,39562839.0
89.0,1991,360866.0
89.0,1992,393130.0
89.0,1993,444561.0
89.0,1994,488369.0
89.0,1995,515331.0
89.0,1996,573911.0
89.0,1997,629851.0
89.0,1998,739269.0
89.0,1999,845279.0
89.0,2000,893981.0
89.0,2001,933000.0
89.0,2002,926762.0
89.0,2003,906792.0
89.0,2004,981244.0
89.0,2005,1044926.0
89.0,2006,980735.0
89.0,2007,1005428.0
89.0,2008,1028830.0
89.0,2009,865165.0
89.0,2010,730620.0
89.0,2011,762436.0
89.0,2012,867662.0
89.0,2013,826007.0
89.0,2014,792858.0
89.0,2015,789701.0
89.0,2016,795515.0
89.0,2017,801874.0
90.0,1991,44210164.0
90.0,1992,46335318.0
90.0,1993,44551689.0
90.0,1994,47317856.0
90.0,1995,48416152.0
90.0,1996,38677237.0
90.0,1997,38935530.0
90.0,1998,42004121.0
90.0,1999,44968163.0
90.0,2000,45431813.0
90.0,2001,46981421.0
90.0,2002,45162033.0
90.0,2003,40262025.0
90.0,2004,43209571.0
90.0,2005,40696624.0
90.0,2006,42668464.0
90.0,2007,41717688.0
90.0,2008,48349481.0
90.0,2009,44500284.0
90.0,2010,42506662.0
90.0,2011,45493533.0
90.0,2012,50804540.0
90.0,2013,46963237.0
90.0,2014,44012730.0
90.0,2015,39570131.0
90.0,2016,39363491.0
90.0,2017,37233695.0
91.0,1991,0.0
91.0,1992,0.0
91.0,1993,0.0
91.0,1994,0.0
91.0,1995,0.0
91.0,1996,0.0
91.0,1997,0.0
91.0,1998,0.0
91.0,1999,0.0
91.0,2000,0.0
91.0,2001,0.0
91.0,2002,0.0
91.0,2003,0.0
91.0,2004,0.0
91.0,2005,0.0
91.0,2006,0.0
91.0,2007,122647.0
91.0,2008,107751.0
91.0,2009,95370.0
91.0,2010,48503.0
91.0,2011,71565.0
91.0,2012,77271.0
91.0,2013,58832.0
91.0,2014,113161.0
91.0,2015,111145.0
91.0,2016,89878.0
91.0,2017,101394.0
92.0,1991,85108033.0
92.0,1992,75752634.0
92.0,1993,77577155.0
92.0,1994,74127172.0
92.0,1995,73549183.0
92.0,1996,72921993.0
92.0,1997,72439474.0
92.0,1998,73730223.0
92.0,1999,74618454.0
92.0,2000,75130612.0
92.0,2001,74827040.0
92.0,2002,73807448.0
92.0,2003,68242432.0
92.0,2004,66021099.0
92.0,2005,67179046.0
92.0,2006,68498788.0
92.0,2007,68525198.0
92.0,2008,67684550.0
92.0,2009,68677215.0
92.0,2010,66145567.0
92.0,2011,63837165.0
92.0,2012,65854009.0
92.0,2013,63553898.0
92.0,2014,63650308.0
92.0,2015,65202493.0
92.0,2016,63823513.0
92.0,2017,63230618.0
93.0,1991,795461.0
93.0,1992,791021.0
93.0,1993,821862.0
93.0,1994,800343.0
93.0,1995,819203.0
93.0,1996,793446.0
93.0,1997,784580.0
93.0,1998,760456.0
93.0,1999,748959.0
93.0,2000,1069667.0
93.0,2001,1091266.0
93.0,2002,999119.0
93.0,2003,1018391.0
93.0,2004,1130940.0
93.0,2005,1168153.0
93.0,2006,1268449.0
93.0,2007,1316561.0
93.0,2008,1443985.0
93.0,2009,1585445.0
93.0,2010,1592354.0
93.0,2011,1702071.0
93.0,2012,1870200.0
93.0,2013,1849872.0
93.0,2014,2251306.0
93.0,2015,2283999.0
93.0,2016,2264096.0
93.0,2017,2178943.0
94.0,1991,22725592.0
94.0,1992,22613567.0
94.0,1993,21290694.0
94.0,1994,23215896.0
94.0,1995,23406656.0
94.0,1996,25188513.0
94.0,1997,26694905.0
94.0,1998,28083391.0
94.0,1999,28939634.0
94.0,2000,28446279.0
94.0,2001,27971198.0
94.0,2002,26865763.0
94.0,2003,28869962.0
94.0,2004,30749877.0
94.0,2005,31227494.0
94.0,2006,31521397.0
94.0,2007,32261658.0
94.0,2008,33281103.0
94.0,2009,35354694.0
94.0,2010,33191455.0
94.0,2011,26161328.0
94.0,2012,26338465.0
94.0,2013,27301626.0
94.0,2014,26376037.0
94.0,2015,25768473.0
94.0,2016,24330247.0
94.0,2017,21669954.0
95.0,1991,642919.0
95.0,1992,654092.0
95.0,1993,570617.0
95.0,1994,609963.0
95.0,1995,640685.0
95.0,1996,639746.0
95.0,1997,949836.0
95.0,1998,1148671.0
95.0,1999,1304359.0
95.0,2000,1574690.0
95.0,2001,1661723.0
95.0,2002,1716869.0
95.0,2003,1641854.0
95.0,2004,1603578.0
95.0,2005,2269569.0
95.0,2006,3158017.0
95.0,2007,3514948.0
95.0,2008,4005465.0
95.0,2009,4578252.0
95.0,2010,3835832.0
95.0,2011,4130632.0
95.0,2012,4395342.0
95.0,2013,4782227.0
95.0,2014,4862708.0
95.0,2015,4743826.0
95.0,2016,4593293.0
95.0,2017,4250884.0
96.0,1991,50082860.0
96.0,1992,49313748.0
96.0,1993,52033610.0
96.0,1994,45354815.0
96.0,1995,45370690.0
96.0,1996,49010796.0
96.0,1997,52909093.0
96.0,1998,53366901.0
96.0,1999,54849123.0
96.0,2000,55568417.0
96.0,2001,57300412.0
96.0,2002,54430168.0
96.0,2003,46863914.0
96.0,2004,39775650.0
96.0,2005,38476833.0
96.0,2006,40934975.0
96.0,2007,43434199.0
96.0,2008,44894785.0
96.0,2009,46599678.0
96.0,2010,42890874.0
96.0,2011,42491761.0
96.0,2012,43486793.0
96.0,2013,44221052.0
96.0,2014,44539298.0
96.0,2015,45102666.0
96.0,2016,43996916.0
96.0,2017,39137607.0
97.0,1991,28845617.0
97.0,1992,27883500.0
97.0,1993,26009113.0
97.0,1994,25212426.0
97.0,1995,23980156.0
97.0,1996,26456015.0
97.0,1997,26227001.0
97.0,1998,28809040.0
97.0,1999,26383074.0
97.0,2000,26637640.0
97.0,2001,25066546.0
97.0,2002,24615383.0
97.0,2003,24143526.0
97.0,2004,23319650.0
97.0,2005,26158352.0
97.0,2006,25555566.0
97.0,2007,26146916.0
97.0,2008,26072321.0
97.0,2009,23120952.0
97.0,2010,19007620.0
97.0,2011,18957732.0
97.0,2012,17553120.0
97.0,2013,16946008.0
97.0,2014,16624349.0
97.0,2015,16174753.0
97.0,2016,15566731.0
97.0,2017,15071609.0
98.0,1991,4546106.0
98.0,1992,4501623.0
98.0,1993,4080269.0
98.0,1994,4080015.0
98.0,1995,4080015.0
98.0,1996,3710341.0
98.0,1997,3715599.0
98.0,1998,3747643.0
98.0,1999,3884654.0
98.0,2000,4615265.0
98.0,2001,4635048.0
98.0,2002,4466739.0
98.0,2003,3965822.0
98.0,2004,3804234.0
98.0,2005,3863320.0
98.0,2006,3729839.0
98.0,2007,3891552.0
98.0,2008,4000488.0
98.0,2009,4041537.0
98.0,2010,3783795.0
98.0,2011,3912060.0
98.0,2012,3925804.0
98.0,2013,4165120.0
98.0,2014,4325017.0
98.0,2015,4341472.0
98.0,2016,4312733.0
98.0,2017,4046386.0
99.0,1991,18306519.0
99.0,1992,15844540.0
99.0,1993,15401955.0
99.0,1994,14930422.0
99.0,1995,14471719.0
99.0,1996,14418478.0
99.0,1997,14596391.0
99.0,1998,15121749.0
99.0,1999,15531038.0
99.0,2000,15193040.0
99.0,2001,15587211.0
99.0,2002,14754933.0
99.0,2003,13551201.0
99.0,2004,13385922.0
99.0,2005,14095890.0
99.0,2006,14806456.0
99.0,2007,15417134.0
99.0,2008,17194797.0
99.0,2009,15514263.0
99.0,2010,15121683.0
99.0,2011,15953372.0
99.0,2012,16517706.0
99.0,2013,16181226.0
99.0,2014,16313457.0
99.0,2015,15428318.0
99.0,2016,14220399.0
99.0,2017,13558885.0
100.0,1991,340137.0
100.0,1992,304288.0
100.0,1993,263398.0
100.0,1994,252730.0
100.0,1995,252730.0
100.0,1996,320380.0
100.0,1997,334112.0
100.0,1998,353398.0
100.0,1999,334296.0
100.0,2000,392332.0
100.0,2001,433950.0
100.0,2002,415926.0
100.0,2003,419819.0
100.0,2004,368348.0
100.0,2005,410275.0
100.0,2006,396216.0
100.0,2007,490092.0
100.0,2008,625986.0
100.0,2009,578968.0
100.0,2010,603056.0
100.0,2011,850940.0
100.0,2012,934999.0
100.0,2013,1045956.0
100.0,2014,1093209.0
100.0,2015,1067368.0
100.0,2016,1059645.0
100.0,2017,3034230.0
101.0,1991,9673836.0
101.0,1992,10032573.0
101.0,1993,11142317.0
101.0,1994,12458471.0
101.0,1995,14128661.0
101.0,1996,15686160.0
101.0,1997,17761442.0
101.0,1998,19297092.0
101.0,1999,20710040.0
101.0,2000,21758772.0
101.0,2001,22304682.0
101.0,2002,21486416.0
101.0,2003,22730047.0
101.0,2004,23432918.0
101.0,2005,24807647.0
101.0,2006,25326317.0
101.0,2007,26078255.0
101.0,2008,27235197.0
101.0,2009,24616414.0
101.0,2010,25719897.0
101.0,2011,28023186.0
101.0,2012,29250069.0
101.0,2013,29853083.0
101.0,2014,30141247.0
101.0,2015,29377113.0
101.0,2016,27378837.0
101.0,2017,26031038.0
102.0,1991,0.0
102.0,1992,0.0
102.0,1993,0.0
102.0,1994,0.0
102.0,1995,0.0
102.0,1996,0.0
102.0,1997,0.0
102.0,1998,0.0
102.0,1999,0.0
102.0,2000,0.0
102.0,2001,0.0
102.0,2002,0.0
102.0,2003,0.0
102.0,2004,0.0
102.0,2005,0.0
102.0,2006,0.0
102.0,2007,0.0
102.0,2008,0.0
102.0,2009,0.0
102.0,2010,0.0
102.0,2011,0.0
102.0,2012,0.0
102.0,2013,0.0
102.0,2014,169939.0
102.0,2015,959037.0
102.0,2016,910380.0
102.0,2017,901156.0
103.0,1991,11657098.0
103.0,1992,11575586.0
103.0,1993,11092354.0
103.0,1994,11413554.0
103.0,1995,10869182.0
103.0,1996,12066080.0
103.0,1997,9707866.0
103.0,1998,10367253.0
103.0,1999,11239356.0
103.0,2000,11717910.0
103.0,2001,10703334.0
103.0,2002,10247493.0
103.0,2003,11324573.0
103.0,2004,9299526.0
103.0,2005,8810183.0
103.0,2006,10033987.0
103.0,2007,9409066.0
103.0,2008,9890098.0
103.0,2009,8449880.0
103.0,2010,8778098.0
103.0,2011,9512303.0
103.0,2012,10248603.0
103.0,2013,10526681.0
103.0,2014,10577224.0
103.0,2015,9951627.0
103.0,2016,9494784.0
103.0,2017,9064009.0
104.0,1991,0.0
104.0,1992,0.0
104.0,1993,0.0
104.0,1994,0.0
104.0,1995,0.0
104.0,1996,0.0
104.0,1997,0.0
104.0,1998,0.0
104.0,1999,0.0
104.0,2000,0.0
104.0,2001,0.0
104.0,2002,0.0
104.0,2003,0.0
104.0,2004,0.0
104.0,2005,0.0
104.0,2006,0.0
104.0,2007,15054.0
104.0,2008,16831.0
104.0,2009,19417.0
104.0,2010,20898.0
104.0,2011,22673.0
104.0,2012,79375.0
104.0,2013,117048.0
104.0,2014,130584.0
104.0,2015,131100.0
104.0,2016,147984.0
104.0,2017,132173.0
105.0,1991,0.0
105.0,1992,0.0
105.0,1993,0.0
105.0,1994,0.0
105.0,1995,0.0
105.0,1996,0.0
105.0,1997,0.0
105.0,1998,0.0
105.0,1999,0.0
105.0,2000,19192860.0
105.0,2001,16616188.0
105.0,2002,17532382.0
105.0,2003,17412223.0
105.0,2004,19970554.0
105.0,2005,23714106.0
105.0,2006,21225018.0
105.0,2007,23873628.0
105.0,2008,26179361.0
105.0,2009,15949266.0
105.0,2010,15847184.0
105.0,2011,16543351.0
105.0,2012,18459516.0
105.0,2013,18810574.0
105.0,2014,17499361.0
105.0,2015,16489277.0
105.0,2016,15283741.0
105.0,2017,14752263.0
106.0,1991,0.0
106.0,1992,0.0
106.0,1993,0.0
106.0,1994,0.0
106.0,1995,0.0
106.0,1996,0.0
106.0,1997,0.0
106.0,1998,0.0
106.0,1999,0.0
106.0,2000,0.0
106.0,2001,0.0
106.0,2002,0.0
106.0,2003,0.0
106.0,2004,0.0
106.0,2005,0.0
106.0,2006,0.0
106.0,2007,0.0
106.0,2008,0.0
106.0,2009,0.0
106.0,2010,0.0
106.0,2011,0.0
106.0,2012,0.0
106.0,2013,0.0
106.0,2014,0.0
106.0,2015,78984.0
106.0,2016,103153.0
106.0,2017,115001.0
107.0,1991,55944403.0
107.0,1992,57912749.0
107.0,1993,54302136.0
107.0,1994,56019249.0
107.0,1995,56496798.0
107.0,1996,59988056.0
107.0,1997,69285668.0
107.0,1998,71218103.0
107.0,1999,68901799.0
107.0,2000,71683401.0
107.0,2001,71249593.0
107.0,2002,64033885.0
107.0,2003,58200166.0
107.0,2004,54779505.0
107.0,2005,51481937.0
107.0,2006,48972262.0
107.0,2007,46599318.0
107.0,2008,51844882.0
107.0,2009,47972057.0
107.0,2010,43327833.0
107.0,2011,44886663.0
107.0,2012,45717441.0
107.0,2013,42613675.0
107.0,2014,41493419.0
107.0,2015,39756017.0
107.0,2016,40709350.0
107.0,2017,35053133.0
108.0,1991,544943.0
108.0,1992,585622.0
108.0,1993,604461.0
108.0,1994,645351.0
108.0,1995,717485.0
108.0,1996,676377.0
108.0,1997,738841.0
108.0,1998,733560.0
108.0,1999,713296.0
108.0,2000,1010014.0
108.0,2001,976340.0
108.0,2002,1037311.0
108.0,2003,1605624.0
108.0,2004,1570461.0
108.0,2005,1614447.0
108.0,2006,1712891.0
108.0,2007,1787638.0
108.0,2008,1857909.0
108.0,2009,1624660.0
108.0,2010,1601797.0
108.0,2011,1681556.0
108.0,2012,1705811.0
108.0,2013,1629798.0
108.0,2014,1575745.0
108.0,2015,1514585.0
108.0,2016,1467337.0
108.0,2017,1414321.0
109.0,1991,17611702.0
109.0,1992,18146121.0
109.0,1993,16689614.0
109.0,1994,18114177.0
109.0,1995,17633769.0
109.0,1996,17655065.0
109.0,1997,17868708.0
109.0,1998,18432513.0
109.0,1999,18911146.0
109.0,2000,18859343.0
109.0,2001,18533833.0
109.0,2002,16337485.0
109.0,2003,15785147.0
109.0,2004,14703006.0
109.0,2005,14789546.0
109.0,2006,15010219.0
109.0,2007,14969847.0
109.0,2008,16662310.0
109.0,2009,17446736.0
109.0,2010,17273168.0
109.0,2011,19023930.0
109.0,2012,18692312.0
109.0,2013,18749506.0
109.0,2014,19327199.0
109.0,2015,19202529.0
109.0,2016,18827815.0
109.0,2017,18688788.0
110.0,1991,0.0
110.0,1992,0.0
110.0,1993,0.0
110.0,1994,0.0
110.0,1995,0.0
110.0,1996,0.0
110.0,1997,0.0
110.0,1998,0.0
110.0,1999,0.0
110.0,2000,0.0
110.0,2001,0.0
110.0,2002,0.0
110.0,2003,0.0
110.0,2004,0.0
110.0,2005,0.0
110.0,2006,0.0
110.0,2007,0.0
110.0,2008,0.0
110.0,2009,0.0
110.0,2010,0.0
110.0,2011,0.0
110.0,2012,70263.0
110.0,2013,167462.0
110.0,2014,155999.0
110.0,2015,157605.0
110.0,2016,162415.0
110.0,2017,155109.0
111.0,1991,27318881.0
111.0,1992,25809346.0
111.0,1993,26184345.0
111.0,1994,26644396.0
111.0,1995,28214206.0
111.0,1996,0.0
111.0,1997,32499232.0
111.0,1998,29999475.0
111.0,1999,36137439.0
111.0,2000,38127690.0
111.0,2001,33986571.0
111.0,2002,35568012.0
111.0,2003,37223760.0
111.0,2004,35712254.0
111.0,2005,33194704.0
111.0,2006,35382434.0
111.0,2007,34039638.0
111.0,2008,37399219.0
111.0,2009,39438569.0
111.0,2010,35859512.0
111.0,2011,34740271.0
111.0,2012,35512338.0
111.0,2013,36402271.0
111.0,2014,34178526.0
111.0,2015,34700250.0
111.0,2016,31048807.0
111.0,2017,29779395.0
112.0,1991,0.0
112.0,1992,0.0
112.0,1993,0.0
112.0,1994,0.0
112.0,1995,0.0
112.0,1996,0.0
112.0,1997,0.0
112.0,1998,0.0
112.0,1999,0.0
112.0,2000,0.0
112.0,2001,0.0
112.0,2002,0.0
112.0,2003,0.0
112.0,2004,0.0
112.0,2005,0.0
112.0,2006,0.0
112.0,2007,0.0
112.0,2008,0.0
112.0,2009,0.0
112.0,2010,0.0
112.0,2011,0.0
112.0,2012,9056.0
112.0,2013,16608.0
112.0,2014,14560.0
112.0,2015,16657.0
112.0,2016,15810.0
112.0,2017,20999.0
113.0,1991,11322507.0
113.0,1992,10909024.0
113.0,1993,11225853.0
113.0,1994,12088616.0
113.0,1995,12053857.0
113.0,1996,11764849.0
113.0,1997,11674253.0
113.0,1998,11894782.0
113.0,1999,13255212.0
113.0,2000,13404337.0
113.0,2001,15460321.0
113.0,2002,16587199.0
113.0,2003,18888550.0
113.0,2004,18875635.0
113.0,2005,17841453.0
113.0,2006,21176801.0
113.0,2007,20398306.0
113.0,2008,22720940.0
113.0,2009,25650258.0
113.0,2010,24116615.0
113.0,2011,27028511.0
113.0,2012,28243662.0
113.0,2013,28712105.0
113.0,2014,29438356.0
113.0,2015,27165943.0
113.0,2016,26248940.0
113.0,2017,24985270.0
114.0,1991,0.0
114.0,1992,0.0
114.0,1993,0.0
114.0,1994,0.0
114.0,1995,0.0
114.0,1996,0.0
114.0,1997,0.0
114.0,1998,0.0
114.0,1999,0.0
114.0,2000,0.0
114.0,2001,0.0
114.0,2002,0.0
114.0,2003,0.0
114.0,2004,0.0
114.0,2005,0.0
114.0,2006,0.0
114.0,2007,75223.0
114.0,2008,103270.0
114.0,2009,104286.0
114.0,2010,101334.0
114.0,2011,149514.0
114.0,2012,173175.0
114.0,2013,512054.0
114.0,2014,252912.0
114.0,2015,525658.0
114.0,2016,527134.0
114.0,2017,600804.0
115.0,1991,16255089.0
115.0,1992,14371351.0
115.0,1993,14442057.0
115.0,1994,14432662.0
115.0,1995,14918049.0
115.0,1996,14714690.4
115.0,1997,15635754.0
115.0,1998,14475348.0
115.0,1999,15752919.0
115.0,2000,15931860.0
115.0,2001,14220775.0
115.0,2002,14130482.0
115.0,2003,17005856.0
115.0,2004,17169189.0
115.0,2005,19302537.0
115.0,2006,20064574.0
115.0,2007,21311437.0
115.0,2008,21732104.0
115.0,2009,20410410.0
115.0,2010,20160863.0
115.0,2011,20105354.0
115.0,2012,20469227.0
115.0,2013,20483300.0
115.0,2014,20448492.0
115.0,2015,18476860.0
115.0,2016,18186734.0
115.0,2017,16602919.0
116.0,1991,760490.0
116.0,1992,781998.0
116.0,1993,988450.0
116.0,1994,1164696.0
116.0,1995,1357869.0
116.0,1996,1313578.0
116.0,1997,1342961.0
116.0,1998,1226886.0
116.0,1999,1154567.0
116.0,2000,1149317.0
116.0,2001,1146049.0
116.0,2002,1049572.0
116.0,2003,944439.0
116.0,2004,921466.0
116.0,2005,872707.0
116.0,2006,862393.0
116.0,2007,904529.0
116.0,2008,935130.0
116.0,2009,924637.0
116.0,2010,974525.0
116.0,2011,1062138.0
116.0,2012,1141481.0
116.0,2013,1177036.0
116.0,2014,1195735.0
116.0,2015,1167103.0
116.0,2016,1121512.0
116.0,2017,1100803.0
117.0,1991,9747780.0
117.0,1992,9923464.0
117.0,1993,10020754.0
117.0,1994,9722583.0
117.0,1995,9255462.0
117.0,1996,8795552.0
117.0,1997,8669020.0
117.0,1998,8741427.0
117.0,1999,9188044.0
117.0,2000,8954246.0
117.0,2001,9217058.0
117.0,2002,9250937.0
117.0,2003,9749739.0
117.0,2004,10194851.0
117.0,2005,11086987.0
117.0,2006,11669106.0
117.0,2007,11192802.0
117.0,2008,11140439.0
117.0,2009,11061437.0
117.0,2010,11597477.0
117.0,2011,12639156.0
117.0,2012,12706335.0
117.0,2013,12677930.0
117.0,2014,12596111.0
117.0,2015,13325104.0
117.0,2016,13317000.0
117.0,2017,12659047.0
118.0,1991,0.0
118.0,1992,0.0
118.0,1993,0.0
118.0,1994,0.0
118.0,1995,0.0
118.0,1996,0.0
118.0,1997,0.0
118.0,1998,0.0
118.0,1999,0.0
118.0,2000,0.0
118.0,2001,0.0
118.0,2002,0.0
118.0,2003,0.0
118.0,2004,0.0
118.0,2005,0.0
118.0,2006,0.0
118.0,2007,0.0
118.0,2008,76590.0
118.0,2009,81809.0
118.0,2010,24398.0
118.0,2011,38454.0
118.0,2012,48530.0
118.0,2013,50805.0
118.0,2014,137734.0
118.0,2015,135458.0
118.0,2016,146857.0
118.0,2017,129415.0
119.0,1991,13548598.0
119.0,1992,13310826.0
119.0,1993,12954897.0
119.0,1994,12682133.0
119.0,1995,14524366.0
119.0,1996,12035313.0
119.0,1997,12570586.0
119.0,1998,12078922.0
119.0,1999,12030106.0
119.0,2000,11801084.0
119.0,2001,13058801.0
119.0,2002,13027374.0
119.0,2003,13041581.0
119.0,2004,12679311.0
119.0,2005,12145042.0
119.0,2006,11723986.0
119.0,2007,11741292.0
119.0,2008,11514267.0
119.0,2009,11716787.0
119.0,2010,11504847.0
119.0,2011,10616855.0
119.0,2012,10034906.0
119.0,2013,10460246.0
119.0,2014,9354609.0
119.0,2015,8097475.0
119.0,2016,7762476.0
119.0,2017,7235669.0
120.0,1991,0.0
120.0,1992,0.0
120.0,1993,0.0
120.0,1994,0.0
120.0,1995,0.0
120.0,1996,0.0
120.0,1997,0.0
120.0,1998,0.0
120.0,1999,0.0
120.0,2000,0.0
120.0,2001,0.0
120.0,2002,0.0
120.0,2003,0.0
120.0,2004,0.0
120.0,2005,0.0
120.0,2006,0.0
120.0,2007,0.0
120.0,2008,0.0
120.0,2009,0.0
120.0,2010,0.0
120.0,2011,0.0
120.0,2012,0.0
120.0,2013,0.0
120.0,2014,0.0
120.0,2015,0.0
120.0,2016,41378.0
120.0,2017,49648.0
121.0,1991,24539348.0
121.0,1992,27282533.0
121.0,1993,25079220.0
121.0,1994,24754456.0
121.0,1995,25104923.0
121.0,1996,24422454.0
121.0,1997,24928744.0
121.0,1998,24722362.0
121.0,1999,23654118.0
121.0,2000,24648992.0
121.0,2001,25946194.0
121.0,2002,28330400.0
121.0,2003,31704638.0
121.0,2004,26627295.0
121.0,2005,38234400.0
121.0,2006,38594690.0
121.0,2007,41349702.0
121.0,2008,41713708.0
121.0,2009,37218977.0
121.0,2010,38363856.0
121.0,2011,40487616.0
121.0,2012,42365346.0
121.0,2013,44281254.0
121.0,2014,46279409.0
121.0,2015,46721585.0
121.0,2016,45521914.0
121.0,2017,45078919.0
122.0,1991,22846202.0
122.0,1992,24911770.0
122.0,1993,22204493.0
122.0,1994,25243924.0
122.0,1995,19840654.0
122.0,1996,17910824.0
122.0,1997,16359096.0
122.0,1998,16882257.0
122.0,1999,17372032.0
122.0,2000,15881941.0
122.0,2001,16551767.0
122.0,2002,15021903.0
122.0,2003,13263377.0
122.0,2004,15523157.0
122.0,2005,15382863.0
122.0,2006,15024304.0
122.0,2007,15684026.0
122.0,2008,15593412.0
122.0,2009,15916087.0
122.0,2010,16210650.0
122.0,2011,15112842.0
122.0,2012,17186176.0
122.0,2013,16869560.0
122.0,2014,15031883.0
122.0,2015,14684241.0
122.0,2016,14087286.0
122.0,2017,13074972.0
123.0,1991,0.0
123.0,1992,0.0
123.0,1993,0.0
123.0,1994,0.0
123.0,1995,0.0
123.0,1996,0.0
123.0,1997,0.0
123.0,1998,0.0
123.0,1999,0.0
123.0,2000,0.0
123.0,2001,0.0
123.0,2002,0.0
123.0,2003,0.0
123.0,2004,0.0
123.0,2005,0.0
123.0,2006,0.0
123.0,2007,0.0
123.0,2008,0.0
123.0,2009,0.0
123.0,2010,0.0
123.0,2011,0.0
123.0,2012,106368.0
123.0,2013,219550.0
123.0,2014,244504.0
123.0,2015,224486.0
123.0,2016,202428.0
123.0,2017,209801.0
124.0,1991,8163533.0
124.0,1992,8359952.0
124.0,1993,6553687.0
124.0,1994,7125477.0
124.0,1995,6715329.0
124.0,1996,7983538.0
124.0,1997,6888556.0
124.0,1998,5955085.0
124.0,1999,7005617.0
124.0,2000,6924695.0
124.0,2001,7120433.0
124.0,2002,7078734.0
124.0,2003,6839972.0
124.0,2004,6410833.0
124.0,2005,7542602.0
124.0,2006,7910897.0
124.0,2007,8855724.0
124.0,2008,10016885.0
124.0,2009,10572693.0
124.0,2010,8942499.0
124.0,2011,8547382.0
124.0,2012,9654912.0
124.0,2013,9874459.0
124.0,2014,9619309.0
124.0,2015,10131340.0
124.0,2016,9915984.0
124.0,2017,9645840.0
125.0,1991,0.0
125.0,1992,0.0
125.0,1993,0.0
125.0,1994,0.0
125.0,1995,0.0
125.0,1996,0.0
125.0,1997,0.0
125.0,1998,0.0
125.0,1999,0.0
125.0,2000,0.0
125.0,2001,0.0
125.0,2002,0.0
125.0,2003,0.0
125.0,2004,0.0
125.0,2005,0.0
125.0,2006,0.0
125.0,2007,225131.0
125.0,2008,293758.0
125.0,2009,417094.0
125.0,2010,472936.0
125.0,2011,597974.0
125.0,2012,719539.0
125.0,2013,734651.0
125.0,2014,757888.0
125.0,2015,787699.0
125.0,2016,780936.0
125.0,2017,803957.0
126.0,1991,21680298.0
126.0,1992,21811093.0
126.0,1993,18835153.0
126.0,1994,15996757.0
126.0,1995,14164356.0
126.0,1996,15714166.0
126.0,1997,15723820.0
126.0,1998,15861488.0
126.0,1999,13485043.0
126.0,2000,13790533.0
126.0,2001,15423050.0
126.0,2002,13966814.0
126.0,2003,12155215.0
126.0,2004,11675561.0
126.0,2005,12762725.0
126.0,2006,13824556.0
126.0,2007,15137874.0
126.0,2008,14079464.0
126.0,2009,13785039.0
126.0,2010,14185511.0
126.0,2011,12818930.0
126.0,2012,10010323.0
126.0,2013,8783578.0
126.0,2014,9272358.0
126.0,2015,9133126.0
126.0,2016,9401735.0
126.0,2017,8687699.0
127.0,1991,1058043.0
127.0,1992,970546.0
127.0,1993,914258.0
127.0,1994,939470.0
127.0,1995,970845.0
127.0,1996,930635.0
127.0,1997,698537.0
127.0,1998,644200.0
127.0,1999,641582.0
127.0,2000,525881.0
127.0,2001,729272.0
127.0,2002,508116.0
127.0,2003,493547.0
127.0,2004,470683.0
127.0,2005,472800.0
127.0,2006,500372.0
127.0,2007,566631.0
127.0,2008,602736.0
127.0,2009,619208.0
127.0,2010,584902.0
127.0,2011,593650.0
127.0,2012,664701.0
127.0,2013,585831.0
127.0,2014,422535.0
127.0,2015,405520.0
127.0,2016,495364.0
127.0,2017,532004.0
128.0,1991,31897380.0
128.0,1992,31594656.0
128.0,1993,31310183.0
128.0,1994,30618881.0
128.0,1995,29042462.0
128.0,1996,27644100.0
128.0,1997,26129523.0
128.0,1998,27013002.0
128.0,1999,26907072.0
128.0,2000,28964189.0
128.0,2001,26233594.0
128.0,2002,24519171.0
128.0,2003,24062619.0
128.0,2004,23134377.0
128.0,2005,23504709.0
128.0,2006,23758048.0
128.0,2007,24145786.0
128.0,2008,26173336.0
128.0,2009,28329904.0
128.0,2010,26799624.0
128.0,2011,27437658.0
128.0,2012,30754679.0
128.0,2013,29750299.0
128.0,2014,26402909.0
128.0,2015,26301333.0
128.0,2016,28079525.0
128.0,2017,26501597.0
129.0,1991,19385420.0
129.0,1992,18788498.0
129.0,1993,18479404.0
129.0,1994,17891980.0
129.0,1995,18740193.0
129.0,1996,15167944.0
129.0,1997,15250838.0
129.0,1998,16816826.0
129.0,1999,17472822.0
129.0,2000,17701954.0
129.0,2001,16846899.0
129.0,2002,17166448.0
129.0,2003,13549511.0
129.0,2004,12789638.0
129.0,2005,12508700.0
129.0,2006,12974403.0
129.0,2007,12718250.0
129.0,2008,13831689.0
129.0,2009,13578441.0
129.0,2010,13443001.0
129.0,2011,13896882.0
129.0,2012,14698648.0
129.0,2013,14429543.0
129.0,2014,14621291.0
129.0,2015,14868818.0
129.0,2016,15976850.0
129.0,2017,15431157.0
130.0,1991,2021401.0
130.0,1992,2614236.0
130.0,1993,2821445.0
130.0,1994,2268910.0
130.0,1995,1928017.0
130.0,1996,1393716.0
130.0,1997,1505358.0
130.0,1998,1271874.0
130.0,1999,1413574.0
130.0,2000,1396956.0
130.0,2001,1376134.0
130.0,2002,1334936.0
130.0,2003,1441961.0
130.0,2004,1446963.0
130.0,2005,1527015.0
130.0,2006,1862741.0
130.0,2007,2523595.0
130.0,2008,1999909.0
130.0,2009,1938971.0
130.0,2010,1746954.0
130.0,2011,2243268.0
130.0,2012,2739409.0
130.0,2013,3101135.0
130.0,2014,3256290.0
130.0,2015,3122915.0
130.0,2016,3108035.0
130.0,2017,2975346.0
131.0,1991,70784334.0
131.0,1992,68030850.0
131.0,1993,62704890.0
131.0,1994,68780829.0
131.0,1995,70769668.0
131.0,1996,60745318.0
131.0,1997,56992675.0
131.0,1998,62553369.0
131.0,1999,60518147.0
131.0,2000,56246742.0
131.0,2001,54491656.0
131.0,2002,53943547.0
131.0,2003,53316933.0
131.0,2004,47496471.0
131.0,2005,0.0
131.0,2006,7016485.0
131.0,2007,8712186.0
131.0,2008,12273303.0
131.0,2009,15468641.0
131.0,2010,16043744.0
131.0,2011,20634592.0
131.0,2012,23812738.0
131.0,2013,21785237.0
131.0,2014,19467590.0
131.0,2015,19637287.0
131.0,2016,19765652.0
131.0,2017,19888262.0
132.0,1991,0.0
132.0,1992,0.0
132.0,1993,0.0
132.0,1994,0.0
132.0,1995,0.0
132.0,1996,0.0
132.0,1997,0.0
132.0,1998,0.0
132.0,1999,4013367.0
132.0,2000,3723617.0
132.0,2001,3700808.0
132.0,2002,4070826.0
132.0,2003,4199535.0
132.0,2004,4281819.0
132.0,2005,3126398.0
132.0,2006,2293307.0
132.0,2007,2001762.0
132.0,2008,2104408.0
132.0,2009,2055495.0
132.0,2010,1991892.0
132.0,2011,2063010.0
132.0,2012,3147203.0
132.0,2013,3187487.0
132.0,2014,3186967.0
132.0,2015,3049382.0
132.0,2016,3069964.0
132.0,2017,3000503.0
133.0,1991,3608499.0
133.0,1992,3900979.0
133.0,1993,3974232.0
133.0,1994,3770010.0
133.0,1995,3649363.0
133.0,1996,3548879.0
133.0,1997,3488907.0
133.0,1998,3539834.0
133.0,1999,4264782.0
133.0,2000,4574066.0
133.0,2001,3578741.0
133.0,2002,3267636.0
133.0,2003,3228452.0
133.0,2004,3555406.0
133.0,2005,3702432.0
133.0,2006,4049995.0
133.0,2007,4136928.0
133.0,2008,4567679.0
133.0,2009,5394201.0
133.0,2010,5643624.0
133.0,2011,6233838.0
133.0,2012,6908735.0
133.0,2013,6795916.0
133.0,2014,6596035.0
133.0,2015,5994537.0
133.0,2016,5816412.0
133.0,2017,5189043.0
134.0,1991,0.0
134.0,1992,0.0
134.0,1993,0.0
134.0,1994,0.0
134.0,1995,0.0
134.0,1996,0.0
134.0,1997,0.0
134.0,1998,0.0
134.0,1999,0.0
134.0,2000,0.0
134.0,2001,0.0
134.0,2002,0.0
134.0,2003,0.0
134.0,2004,45819.0
134.0,2005,1819891.0
134.0,2006,1832871.0
134.0,2007,2431211.0
134.0,2008,1993365.0
134.0,2009,2206366.0
134.0,2010,2473386.0
134.0,2011,2699931.0
134.0,2012,3029431.0
134.0,2013,3232905.0
134.0,2014,3443836.0
134.0,2015,3644419.0
134.0,2016,3703390.0
134.0,2017,3738629.0
135.0,1991,4197813.0
135.0,1992,4804592.0
135.0,1993,4935550.0
135.0,1994,4149923.0
135.0,1995,3844483.0
135.0,1996,3487691.0
135.0,1997,3477988.0
135.0,1998,4005472.0
135.0,1999,4485257.0
135.0,2000,4485152.0
135.0,2001,5703660.0
135.0,2002,5990492.0
135.0,2003,4121656.0
135.0,2004,3978366.0
135.0,2005,2672509.0
135.0,2006,2903844.0
135.0,2007,2839806.0
135.0,2008,2583572.0
135.0,2009,2743675.0
135.0,2010,2805659.0
135.0,2011,2776507.0
135.0,2012,2902811.0
135.0,2013,2912425.0
135.0,2014,2927013.0
135.0,2015,3166452.0
135.0,2016,3265299.0
135.0,2017,3205600.0
136.0,1991,0.0
136.0,1992,0.0
136.0,1993,0.0
136.0,1994,0.0
136.0,1995,0.0
136.0,1996,0.0
136.0,1997,0.0
136.0,1998,0.0
136.0,1999,0.0
136.0,2000,0.0
136.0,2001,0.0
136.0,2002,0.0
136.0,2003,0.0
136.0,2004,0.0
136.0,2005,0.0
136.0,2006,0.0
136.0,2007,0.0
136.0,2008,0.0
136.0,2009,0.0
136.0,2010,0.0
136.0,2011,0.0
136.0,2012,235005.0
136.0,2013,265000.0
136.0,2014,277475.0
136.0,2015,290939.0
136.0,2016,274074.0
136.0,2017,248738.0
137.0,1991,18672912.0
137.0,1992,16639002.0
137.0,1993,18452395.0
137.0,1994,17590774.0
137.0,1995,16161851.0
137.0,1996,17906148.0
137.0,1997,17536397.0
137.0,1998,16018345.0
137.0,1999,17528057.0
137.0,2000,18304073.0
137.0,2001,15864784.0
137.0,2002,15529186.0
137.0,2003,16872423.0
137.0,2004,16853287.0
137.0,2005,16620475.0
137.0,2006,17814633.0
137.0,2007,18205425.0
137.0,2008,18857804.0
137.0,2009,22044269.0
137.0,2010,20847575.0
137.0,2011,20186845.0
137.0,2012,20464273.0
137.0,2013,20873221.0
137.0,2014,20272980.0
137.0,2015,21289419.0
137.0,2016,17271308.0
137.0,2017,17858491.0
138.0,1991,0.0
138.0,1992,0.0
138.0,1993,0.0
138.0,1994,0.0
138.0,1995,0.0
138.0,1996,0.0
138.0,1997,0.0
138.0,1998,0.0
138.0,1999,0.0
138.0,2000,0.0
138.0,2001,0.0
138.0,2002,0.0
138.0,2003,0.0
138.0,2004,0.0
138.0,2005,0.0
138.0,2006,0.0
138.0,2007,0.0
138.0,2008,0.0
138.0,2009,0.0
138.0,2010,26017.0
138.0,2011,40995.0
138.0,2012,70145.0
138.0,2013,32442.0
138.0,2014,39196.0
138.0,2015,39102.0
138.0,2016,121268.0
138.0,2017,120540.0
139.0,1991,72815706.0
139.0,1992,72985610.0
139.0,1993,76306576.0
139.0,1994,77671403.0
139.0,1995,72959750.0
139.0,1996,69104764.0
139.0,1997,68825965.0
139.0,1998,72509407.0
139.0,1999,66880103.0
139.0,2000,67286923.0
139.0,2001,71114823.0
139.0,2002,74260190.0
139.0,2003,69848768.0
139.0,2004,62044251.0
139.0,2005,68163430.0
139.0,2006,71168263.0
139.0,2007,72557307.0
139.0,2008,70641895.0
139.0,2009,78244128.0
139.0,2010,74041211.0
139.0,2011,74706100.0
139.0,2012,77276485.0
139.0,2013,70243916.0
139.0,2014,67449151.0
139.0,2015,70501835.0
139.0,2016,69553686.0
139.0,2017,66559963.0
140.0,1991,6242308.0
140.0,1992,6547996.0
140.0,1993,6097517.0
140.0,1994,5467371.0
140.0,1995,5874940.0
140.0,1996,3032808.0
140.0,1997,0.0
140.0,1998,500992.0
140.0,1999,2699576.0
140.0,2000,2751574.0
140.0,2001,2774948.0
140.0,2002,2991360.0
140.0,2003,3755874.0
140.0,2004,4181392.0
140.0,2005,3833954.0
140.0,2006,3678559.0
140.0,2007,3253691.0
140.0,2008,3223156.0
140.0,2009,2942097.0
140.0,2010,2562785.0
140.0,2011,2546602.0
140.0,2012,2855602.0
140.0,2013,3257575.0
140.0,2014,3343699.0
140.0,2015,3260851.0
140.0,2016,3093510.0
140.0,2017,2800117.0
141.0,1991,0.0
141.0,1992,0.0
141.0,1993,0.0
141.0,1994,0.0
141.0,1995,0.0
141.0,1996,0.0
141.0,1997,0.0
141.0,1998,0.0
141.0,1999,0.0
141.0,2000,0.0
141.0,2001,0.0
141.0,2002,0.0
141.0,2003,0.0
141.0,2004,0.0
141.0,2005,0.0
141.0,2006,0.0
141.0,2007,0.0
141.0,2008,112102.0
141.0,2009,105955.0
141.0,2010,97658.0
141.0,2011,91251.0
141.0,2012,94668.0
141.0,2013,97228.0
141.0,2014,96130.0
141.0,2015,84860.0
141.0,2016,83624.0
141.0,2017,71347.0
142.0,1991,14917664.0
142.0,1992,14940931.0
142.0,1993,14403828.0
142.0,1994,13781312.0
142.0,1995,13739449.0
142.0,1996,12949426.0
142.0,1997,13232929.0
142.0,1998,13679167.0
142.0,1999,13148602.0
142.0,2000,13239189.0
142.0,2001,12347890.0
142.0,2002,12689991.0
142.0,2003,13601203.0
142.0,2004,12806666.0
142.0,2005,13101562.0
142.0,2006,12609640.0
142.0,2007,12184734.0
142.0,2008,17652858.0
142.0,2009,17099834.0
142.0,2010,17238595.0
142.0,2011,17675192.0
142.0,2012,22714997.0
142.0,2013,20144367.0
142.0,2014,17373842.0
142.0,2015,17292513.0
142.0,2016,16754592.0
142.0,2017,15973342.0
143.0,1991,3415420.0
143.0,1992,3430028.0
143.0,1993,3091460.0
143.0,1994,3120544.0
143.0,1995,3139541.0
143.0,1996,2859966.0
143.0,1997,2802619.0
143.0,1998,2829511.0
143.0,1999,3231596.0
143.0,2000,3306392.0
143.0,2001,3217948.0
143.0,2002,3042820.0
143.0,2003,3047825.0
143.0,2004,3058672.0
143.0,2005,2482071.0
143.0,2006,2661245.0
143.0,2007,2563571.0
143.0,2008,2774826.0
143.0,2009,2920946.0
143.0,2010,2717917.0
143.0,2011,2614112.0
143.0,2012,2954043.0
143.0,2013,3155745.0
143.0,2014,3288203.0
143.0,2015,3112346.0
143.0,2016,3027683.0
143.0,2017,2926380.0
144.0,1991,3779947.0
144.0,1992,3618962.0
144.0,1993,3908217.0
144.0,1994,3515708.0
144.0,1995,3299279.0
144.0,1996,3473465.0
144.0,1997,3636856.0
144.0,1998,3798746.0
144.0,1999,4272061.0
144.0,2000,4643034.0
144.0,2001,5203625.0
144.0,2002,5597857.0
144.0,2003,5825836.0
144.0,2004,5676898.0
144.0,2005,6468365.0
144.0,2006,7461775.0
144.0,2007,8192599.0
144.0,2008,9078469.0
144.0,2009,9336708.0
144.0,2010,9773397.0
144.0,2011,10817509.0
144.0,2012,11980418.0
144.0,2013,12506289.0
144.0,2014,12524771.0
144.0,2015,11961912.0
144.0,2016,11446068.0
144.0,2017,10972970.0
